1.1102928403324389e-06,8.284492602500003e-09,7.0203867350343705e-06,1.0945268779232199e-08,7.082442484789471e-07,9.84506109397262e-09,6.5963974968708366e-06,4.743777842204181e-08,9.008281072993425e-08
1.7813331020746559e-09,5.860299959589098e-11,1.7854760971349167e-08,3.55865942760067e-10,2.898670633624963e-08,3.2863087478952996e-12,2.3800289547940377e-08,3.317074713857037e-13,2.447722722352012e-13
4.497852214760987e-09,1.1789677554822129e-07,4.1667102057352733e-11,1.357964836810343e-07,3.102190411518937e-07,1.0350680147891652e-08,6.613339193241824e-13,2.055744805388944e-09,6.502777969593293e-12
6.227485304771873e-08,5.224324583267473e-05,5.547014437184587e-09,9.152490720430783e-06,2.9108580802880074e-05,2.0808827862436577e-05,2.5361690644539392e-11,9.482006090794183e-06,1.2041450607318816e-07
2.6314582581464345e-05,0.0017691094567032128,1.629486790637904e-06,0.00017053864724750996,0.001976804152993412,0.001681190911935459,1.6624506302188195e-06,0.0011613357015956092,1.377826395501734e-05
0.0012906158245993235,0.0061718379852771605,0.0001636187557002199,0.0022217117339442846,0.034240784054101955,0.04184409059422789,7.761337332076241e-05,0.006865321763666675,0.00031171812086740604
0.00588081445429775,0.012137718690013035,0.0038318565951582454,0.008298684554915219,0.09114965421502816,0.25472652469777646,0.00032064808453523155,0.02185417374036423,0.0056531279720033285
0.026167793573006706,0.04742922076523442,0.09019827958392675,0.07888886559404966,0.10997088506189073,0.9001910837809478,0.002038474695690579,0.06062770182052053,0.07351116507689022
0.07967613123019346,0.2345963517072216,0.5733427181197429,0.4221759933236824,0.07134875042829186,0.42738529640032585,0.007685029155872398,0.18956478641065752,0.4415150620163336
0.3096235801946963,0.8974301697138515,0.6187155605736111,0.7289284876889406,0.1375668383502609,0.07533219132725623,0.05347402422201474,0.6379294164857013,0.7094309908117556
0.68331553611057,0.2954755535277382,0.1667461115509925,0.19644271859912932,0.6025375903409843,0.0021875485754215794,0.3502410843016448,0.5436556282530076,0.11872377897658772
0.9408237100920838,0.08917217791013882,0.016567728881933162,0.05090535429225196,0.6484894324309058,3.4579416648034695e-06,0.8907962435827451,0.04354058489652208,0.004148096487656367
0.5808591196210986,0.04782125533289813,0.0005915951401207179,0.054533581378380276,0.1801326698796584,7.363979559719095e-07,0.27866023718275695,0.01689845718271379,0.00014384060837233252
0.076842222688397,0.01585286109658783,1.8551822660731697e-05,0.029763922910144628,0.04908995221947464,2.779012870945758e-06,0.027079668733871624,0.006828737638985049,2.110954634154375e-06
0.0034298129038026186,0.0019348693840111064,3.0734055126542316e-07,0.004356022651889837,0.04526389823532233,2.31493756035878e-05,0.00346804493316665,0.0011109906241453399,7.814087458622578e-10
0.0008388212962187234,0.0001635441870927929,4.526517975827391e-09,0.0007784925232165148,0.03226799030990364,0.00017224347186619432,0.0003932752004120168,0.00022768149825862184,2.0907501352114377e-10
0.0001694758600011242,1.1047227712819715e-05,2.2729380995934153e-08,5.255726356913776e-05,0.005146885697361903,0.0005955070931120248,1.9526766594496038e-05,3.367686581937576e-05,4.850282560983537e-09
0.0001595231057914986,3.849944967204036e-06,5.375505352534533e-07,2.301429278815147e-05,0.00012337589797057277,0.0004154746435217076,4.944337858406984e-07,4.551391054609466e-06,5.00772656881093e-08
8.735377401082584e-05,1.1589837119135917e-06,2.2085718342286117e-06,5.372977308280751e-06,1.540934745479039e-07,0.0001485050359816578,1.855714960867849e-10,4.417283987123354e-07,9.114655335329199e-07
0.00048715862186466096,4.085532221714913e-08,8.993152452771166e-06,3.302846498040927e-06,6.554389573472466e-08,7.265202604644658e-06,2.0270421327527754e-10,2.555983639786896e-07,2.802764909980928e-05
0.00034459771490258085,9.959861352254042e-09,9.594169479533256e-05,5.184591333195856e-06,2.639253734898017e-05,2.055587786719344e-08,4.295409771966802e-08,4.617894658243193e-08,0.00018362407456499588
0.0001710780087869818,4.0256900770617815e-06,0.0008080184023626779,7.439318059855443e-05,0.0006834952087855203,5.398962683803642e-09,2.2336259668681445e-06,4.3674709438875677e-07,0.0009931617121072577
5.770101110048255e-05,6.075701910061522e-05,0.00128715771707027,4.262224132115145e-05,0.0020825752053968837,2.8688479928301476e-09,2.2551305539457458e-05,1.5112987272894826e-07,0.0019232369913583097
2.9061251734959753e-05,0.000278696616986554,0.0009229958090606616,1.9195956506940346e-05,0.002398923397297479,5.384348757407149e-07,0.00011812951619857096,6.106034587692179e-07,0.0015333604327313467
2.973856696085596e-08,0.0001844280452723707,0.00038342897469545244,2.6620087626299137e-06,0.0005380971580629495,2.7525760180752424e-05,0.00032253620509747807,1.4174489383562289e-06,0.00018271564451575437
2.3951175362974145e-08,0.0002887948458602236,0.0021521338611995224,6.13424650873712e-05,0.0013868968902638508,0.0003734845323531971,0.0021397461114317793,0.00011470449922315032,5.838425227767877e-05
2.8752329182936818e-05,0.001490423582993478,0.1342825321558888,0.0057017748048979995,0.007665844524403952,0.002216752018150824,0.009903066650058499,0.00435834773301631,0.001732118929881569
0.0042867453845224345,0.1660035880370627,0.9781537708164537,0.2341521617029837,0.08790852314493917,0.07136259193852043,0.03730655198366951,0.15988501874083344,0.2588999422471063
0.2770656515008549,0.9642753613866135,0.3134287823645362,0.9367361791479601,0.7555823968344769,0.6483102022557776,0.06854840706474392,0.9906806230042715,0.733045847285219
0.9997950973714516,0.29026537419220877,0.07126603645689364,0.3257542844408269,0.3805766611624194,0.4917847452498987,0.1741487852665582,0.3110796055290153,0.3086583001263943
0.3247376788085795,0.06145547008628508,0.01490624461192685,0.07762510895553248,0.14452764661215994,0.09280443601818214,0.6653307427249918,0.051470965214485624,0.08188737041142476
0.08054206575324946,0.018968542316919895,0.0026603826192363586,0.018478731033840744,0.04710969673934343,0.015928009918537666,0.29983155244881393,0.0067959888461420264,0.026549907378854286
0.010398710495531547,0.0036293750235896005,0.0001460117005754095,0.0017163017242720112,0.009906070808854818,0.002193061177354432,0.09303882168209436,0.00023966775561875918,0.005480842777327091
0.0007250415840480258,0.0003402922448823051,1.0239566758750885e-06,3.911183946689958e-05,0.0015742246954098221,0.00039804107559616027,0.02891431932029794,2.582983185438831e-06,0.000583504082723492
7.092179274876648e-06,4.7439340619894075e-06,5.84513671652038e-09,2.748856929189986e-08,6.922843699256097e-05,2.989276976397363e-05,0.006871379642518419,4.036617820154742e-08,2.918551275841264e-05
5.033281993681662e-09,2.7746619864081473e-09,2.550978967998219e-10,2.3282240908302154e-13,1.8404545266026671e-06,3.849091660487177e-07,0.00292640542968337,6.538513603749986e-10,4.864023106329758e-07
4.2532651242886184e-10,3.3545907232271947e-11,2.60587199203475e-09,1.1079723370709604e-09,1.129954290606491e-07,3.945064856120385e-12,0.0009685733726068512,4.994377526958345e-10,6.170934491273595e-08
3.9284523364122313e-11,9.175702588628223e-06,8.309059950172111e-07,3.6380327248250565e-06,1.5360242107969732e-07,1.4833130539372644e-08,0.0002851576150336226,8.863898995283054e-07,1.0464675764780724e-06
2.1743142628574386e-07,0.008802047089848398,0.00011647404878130594,0.00036382642660114697,4.130750433272732e-06,5.150739739873471e-05,2.239286299790865e-05,0.00023855949497907797,1.8346670067666274e-05
1.3833937688814014e-05,0.09548672014027487,0.0017130932880670094,0.0033593197381210685,0.0003036278739012269,0.0015735305325601827,2.1870302519680719e-07,0.004479368862942058,1.6050945671081977e-05
0.0004580441257428077,0.2880021011788836,0.01846559212144344,0.021903893198894433,0.012845422669539055,0.006314153533267583,6.225196054184157e-11,0.027558785760642416,0.0006349893086361151
0.004314063364953565,0.5676575194695279,0.12777198384314192,0.09444253597249617,0.138053052179138,0.01960866620016421,6.786062401653555e-08,0.15121722981794455,0.04753968899374041
0.012994901543364376,0.9869609232650778,0.41089980457909114,0.19969145263859303,0.5100188883353116,0.05653902829665613,9.910426885797822e-05,0.4679732537672041,0.41196541187003954
0.07083832511711173,0.35375945251014995,0.9572027020592204,0.475561857891902,0.8224432851066206,0.23484717842052533,0.004464759472446053,0.9850907181747978,0.8927772131889993
0.29423782383510066,0.03280674893623614,0.3611821236113939,0.6237557740541565,0.7767475702567321,0.7811281335980843,0.047785144963574916,0.47617848668341745,0.530715201444595
0.9567355533633723,0.0010115662913251877,0.053756332489400406,0.10176208186147138,0.2217247143065361,0.5904224065846653,0.15622297512032407,0.07429113517363897,0.0953789490960965
0.20861202266461704,4.92567100213296e-05,0.007065829176617246,0.03559055853822297,0.03923128184380761,0.0937391767494358,0.49602018944261617,0.008811891574348234,0.020633260117896957
0.0029056561527970276,0.00026111458293559406,0.005516311505872872,0.01118394908126572,0.01364612228092806,0.09874282807414611,0.9000205658682678,0.009154410966488313,0.010732913724578925
0.00017856344959554427,0.008732766576827764,0.024783538867331086,0.0028613729735804784,0.010321625437004201,0.2725062702068835,0.2662674216940452,0.010452844266541457,0.0013858327358861947
3.339630348178292e-05,0.03254473119259743,0.026911257418472938,0.0007985169199560665,0.008543875755522306,0.22085276301648205,0.03940921229247708,0.016532440339814793,2.9673473500571436e-05
3.574692461818048e-05,0.01763451739166307,0.018029549916301915,8.66937562210656e-05,0.003127156513357904,0.09704724096077826,0.002155718038106234,0.007021444951623913,6.623817922542392e-05
0.0002585966521984499,0.005712488066315188,0.003927030171293353,4.972456743752312e-06,0.00020028629607616975,0.02819890653783821,0.0004738213371190531,0.004077144815311087,0.00013301609779219143
0.00033910898462538293,0.002251208737695792,0.00028293235057839477,1.1590847165692473e-08,5.8549917460111536e-05,0.0027077188845600173,2.074735617818773e-05,0.003017281193756954,2.491785095902231e-05
7.651959895186824e-05,0.01917615174620478,3.8398725645014936e-05,3.219633783623245e-09,8.330266243684394e-05,7.480809685709531e-05,3.0560760761943556e-07,0.0012027879712587237,4.76256852116002e-07
1.0837720275232175e-05,0.05385258294757247,1.05429589333716e-05,3.3687247766895773e-06,6.976993714735545e-05,9.507963702489546e-06,9.225832496591007e-07,0.00022405243443467818,2.5474754592871413e-08
9.27063648335575e-06,0.018866949422132687,1.1760802219134412e-06,4.1000030562323004e-05,9.011232718229854e-05,1.2643196879607897e-05,2.7943644793734097e-06,5.0161588681348286e-05,5.332892767650605e-07
1.6241238211843673e-06,0.0026934993268346915,1.2639698943632477e-06,2.0849657851056564e-05,1.4768249850923669e-05,3.837200055113881e-06,2.942814171922815e-07,2.251716725268164e-06,1.4783190621008098e-05
1.354432811044718e-07,0.0017699175189522425,2.335076580391188e-06,1.060625942712734e-05,3.5023951275969974e-07,1.569812994965869e-06,6.005198097633996e-08,2.5081492614520632e-08,0.00023476222298312614
6.480200224498093e-10,8.840732993829161e-05,1.0492801915197337e-07,3.0403762642684424e-05,5.190053163504692e-09,2.440724893650022e-07,1.347914424475312e-07,7.233242025990533e-14,0.00020825277925756041
1.5306525378659969e-09,8.205996323938347e-06,3.857790741984313e-08,0.00011220203202860608,1.1297866194704848e-07,1.9976855324599033e-05,1.251602193854315e-05,3.650449563099002e-09,5.9827510215389044e-05
1.4906808026934885e-07,7.498657524097425e-06,5.37244381426669e-06,0.0003257573224501522,5.1729780267050185e-06,0.0003286177317572983,0.0002465514199760027,2.7129606727661436e-07,0.0006594887694033061
2.0014955454617383e-05,0.00012907937560116797,0.00012100112832414534,0.0012024181121753955,3.9872613514152716e-05,0.0022996075753198585,0.001940200509188321,2.7443642691958712e-05,0.0037010766174805283
0.0005186152107569483,0.0015718044325259437,0.0024095723401584327,0.0016762960550032403,0.0021264350295726086,0.011738209012254872,0.007245510800947782,0.0006556764330867021,0.020876083292807636
0.009742046460531522,0.013236699171572979,0.09001604215220622,0.21494677998216374,0.10028639936783536,0.2630520030890928,0.040629746599586125,0.030747677487944606,0.6882446191745091
0.25978237766537526,0.45669223719482566,0.7936398267885247,0.9456288925194719,0.6746662451413535,0.7642181095926683,0.5406685258216539,0.41341862600442425,0.36064969319697215
0.8813181306946792,0.6625253554626931,0.44318248933520865,0.3823709515472824,0.7393649507488249,0.25158203921673084,0.5385658690616479,0.8515451775883438,0.11761879944417077
0.2661890091016229,0.19378847384244546,0.1180486402496274,0.10362347788699244,0.24840703912716727,0.06658734478201601,0.12159234084613588,0.26246510179735216,0.03930371899809179
0.050580368104662404,0.05658719612243649,0.021541152978527364,0.021919255779448886,0.03154559295441782,0.012043825024796726,0.02221480856628834,0.043482829844051045,0.012376472367230043
0.005063076651966857,0.009815464643834185,0.0011571845173214998,0.006747035043417572,0.0013395237787892443,0.001333872605569234,0.0037837243564523134,0.002864060567572649,0.002907308626297504
0.00043652542806226136,0.0009600933831518073,2.1139346452915712e-05,0.00356396205124938,8.736141761534296e-05,0.00019592115159113623,0.0006020010890377182,0.0002465001345093339,0.0004792049184848864
2.143603888067569e-05,5.359433976532899e-05,2.274024796982738e-07,0.0017321692206273295,6.884101065038973e-06,9.99154349936683e-06,4.4939843604665776e-05,7.69987461576599e-06,3.602533327949539e-05
1.747154084822316e-07,8.264413077901029e-07,3.533595667491947e-11,0.00042666951724385307,2.3001000187782057e-06,6.136247606794137e-08,1.1880168571533057e-06,2.6786765777309908e-08,6.642283118776053e-07
2.1675802600217594e-10,5.642054637833122e-10,2.5679902325025334e-12,6.744055525844972e-05,5.557486633297474e-05,2.555367682643645e-10,3.142277454330043e-09,2.4262648352246132e-11,2.523106068362255e-09
4.420246595140981e-12,9.48981195340932e-13,1.0941762621810498e-06,0.001866024613790185,0.0043170550427610544,8.712774042074533e-07,2.5882496886817464e-13,8.742789244444242e-08,8.003734169938062e-07
1.0070423525998218e-07,3.22515385855952e-06,0.0004495837224948339,0.04986659830301607,0.08373816059558996,0.0005101889780714083,5.446734566619795e-10,7.802485993107738e-05,0.00018324414405069072
0.00011709797019503258,0.0015174706389224082,0.0047957775179123105,0.2557943463881439,0.19113322442539554,0.018319107897582468,6.523076217315754e-06,0.00278576233246032,0.007674633590831959
0.0030156953143202977,0.02542497171251732,0.017076479307881528,0.3446077183438413,0.22433332099197256,0.05502507851166543,8.761351807151362e-05,0.026661771062468285,0.04699013426097305
0.02428417318510165,0.1794382961492413,0.05046666124503827,0.33304493920429046,0.2659021692786017,0.16277196607467523,0.0006357146833587933,0.12927758561353087,0.09800147776561971
0.08165856941289465,0.6028209199896466,0.1407284504040463,0.28647905451109046,0.35503925123713476,0.3403552403638378,0.002333377299332058,0.3615813414394241,0.10322489649708998
0.22233548828551664,0.7884372333876495,0.2780229077662594,0.17969052227745574,0.29549653735163695,0.4562330777029119,0.0058115227004590375,0.6550550124312088,0.11647541758005762
0.6072319483022464,0.30139380316953107,0.5352489519940878,0.08573106304489829,0.2136621537748969,0.80827526569346,0.022416092725541625,0.9716516863865174,0.3409933074461008
0.7260292067617498,0.04461182155423193,0.7276172964198595,0.07901199019377302,0.11552551999861654,0.4370646632131697,0.13262795145961315,0.47122989876835764,0.7843657453486902
0.13651072960247285,0.0005409125325334442,0.22550567009507028,0.12991471282123773,0.12439305361040093,0.05020567390885601,0.736574320333833,0.1364027271562406,0.45719433509852536
0.006294398627698677,2.1430737273510642e-07,0.42559881616130235,0.17003173177517572,0.1457817545155458,0.02530712846520438,0.31851728252035705,0.1321848860407639,0.17415543248167395
0.001035113570553069,7.755001339387175e-07,0.4344828988387752,0.14075322832781478,0.18765653354116557,0.0192065244717695,0.04439077091295295,0.09959090184565536,0.08448701316625755
0.0003987838037184781,1.3090563845536047e-07,0.2696443762324053,0.2558438400907891,0.41227111406378447,0.006074895069255199,0.00718146868076131,0.07577356484982513,0.02601832239534336
0.00020029215530080138,1.452386488614719e-06,0.06913507783897678,0.9201745003501602,0.8984247611853444,0.002251791819831346,0.000724815868488016,0.08568619137297191,0.003596276401729726
0.00019040955925149792,0.00018281744502272572,0.018870106197329643,0.2337640727739376,0.2771354060847399,0.0003296366926494184,6.379712632250558e-05,0.05849317654952109,0.00019899025767808158
4.244495902056059e-05,0.0015441590911688583,0.0022158814772491797,0.05888979149726813,0.06346069982557401,2.230315913919253e-05,7.745680010707767e-07,0.012807740820799081,1.6479871520028148e-06
3.5532379694148976e-06,0.006340612642331261,0.00017146115878832218,0.009307061614901371,0.003768793689766595,4.7922284903417166e-08,4.37746090202568e-09,0.0012973294169640827,5.722984499749881e-09
1.6770167464964138e-07,0.004478573295760119,3.310250247681759e-06,0.00022023001512913717,0.00015041720236376848,1.3102567879936144e-11,7.447504772571837e-10,2.8732448695934214e-05,6.346034968640359e-10
7.823813537960582e-10,0.0012326728148689507,2.428449502928932e-07,7.958767845170227e-06,4.338174404341987e-06,1.625878265165027e-10,4.1093005335469306e-09,6.91021131879505e-07,1.0122955253057555e-08
9.74246870026099e-11,0.00010824615875379075,3.7944323539753398e-06,6.308398782544559e-06,7.91381643734558e-06,9.049132871726854e-09,4.321244398381379e-08,7.432399391436748e-09,1.6906623562433481e-06
1.8987719159290198e-08,2.2556078938949557e-05,1.9056386292753473e-05,3.666451015068236e-05,5.283360269228051e-05,1.2977620649367326e-06,2.677135342162688e-06,2.0675613655237183e-07,5.361542634956791e-05
1.2259925510812035e-06,0.00014334642909395352,1.8250004437042384e-05,4.977153329672333e-05,0.0003294113796763351,1.4503829357512493e-05,7.349444016653817e-05,2.241535161146006e-07,0.00021535763874302262
2.6752126989797896e-05,0.00020827228722290314,1.0390772401085978e-05,8.588307911827169e-05,0.0011958680929451842,0.00013386871273562596,0.000539868525194365,1.936472956896406e-07,0.00045729831387433166
0.0002973362895720819,0.0007089718802536192,6.561199888386454e-05,0.00019956333143939965,0.0042254406115416285,0.0008292707360719159,0.0025661663437739975,1.1290117299793636e-05,0.0022001856598965032
0.002361870097870262,0.00116434371569141,0.0013352400363846196,0.00035261307281068575,0.011243364427270086,0.003955106061088331,0.009400753595238369,0.0006062802911383059,0.007514728317017031
0.026838757815871712,0.003702210479660438,0.03465012803916472,0.002332813845473976,0.1002800697095028,0.013687259592750831,0.044009390854644344,0.011502761201835,0.024017303043166408
0.2063867880033826,0.026489490065778883,0.4234736918674542,0.13526885099610894,0.9607785868987313,0.06798454549635709,0.39493226461385333,0.2693197935577871,0.13785416333090533
0.9841837032879341,0.3656656848934283,0.6064108605985195,0.9131517155562177,0.22355126263464925,0.3532878616186277,0.5092495439898943,0.756879293744843,0.8232878742704056
0.18867922070095752,0.6693980173046898,0.12303742819998402,0.24379581178956328,0.05271246677643162,0.8349130689911501,0.11133776811411708,0.18938773177939222,0.185010265883658
0.03454942904103699,0.11777930630396043,0.028168356565283124,0.07603235942364137,0.016182024110338897,0.2994998598456509,0.02379113226194502,0.03988654648341821,0.0674578251414237
0.008666132013815818,0.03505241423204237,0.005784305146980965,0.025873471001869118,0.004291375125071462,0.06706695706638253,0.006245234814626442,0.008953037496109468,0.025790916855921678
0.0018485863051051993,0.011254700734522465,0.0003489860673548947,0.0046870887448616245,0.0006908364637613723,0.04638853144713255,0.0013065014322047389,0.0007397432089042412,0.006456512203507398
0.0002200022769861645,0.002161366331394565,3.966174474666926e-06,0.00045419594132131924,4.4930324184806426e-05,0.02258663109816176,0.00015626771722956247,2.3529374777683962e-05,0.0009167569845883964
9.708048153206448e-06,0.000259275068369991,2.2420406561551796e-09,2.6488779693749043e-05,5.067494446600613e-07,0.006658349464890805,1.2801041565015576e-05,1.9337585935146816e-07,8.497702339586068e-05
5.8409141341237975e-08,1.4037475874896361e-05,1.241084355695605e-11,2.4628997187121475e-07,5.261760726695327e-10,0.0018273574259043386,6.916001733880232e-06,8.263495712411531e-09,2.7593318162489754e-06
3.802548715611479e-09,5.7849279655939406e-08,2.533327599062196e-10,4.969994833209041e-13,3.638868803891371e-11,0.0003748805609525914,7.639388624651659e-05,7.614504148700317e-10,1.1188648046266445e-08
7.8822345187364e-10,1.2672248597982296e-09,6.991524103928696e-08,5.443924635172464e-10,9.336128849152975e-08,0.0002500204181742234,0.0018402867463958984,5.386372397923154e-07,4.753857272313021e-12
2.654730165588998e-08,1.0141715850475585e-08,6.721030100078096e-06,3.0600020229503035e-06,8.035802984499333e-05,0.00011068814319085548,0.05283938155329175,0.00013920412121582083,2.527541772485347e-09
1.0151428301500235e-05,2.050676828229965e-07,0.00013813429377820106,0.0001491124662135145,0.01124979122865035,2.516977812817525e-05,0.4454279985398496,0.002012291847970497,3.22548641790934e-06
0.0004553795219076974,4.719238171587342e-06,0.001226114262542273,0.0010650434936920869,0.09470121334646084,1.8731225930560373e-07,0.8019087952948032,0.002205948701942254,0.00016466313606832222
0.00786724071401072,0.0009249519161201913,0.005618003010979783,0.011885297600526725,0.26267698184420923,5.1527236969096256e-08,0.23640698751620887,0.0023062136399399813,0.003423786274185827
0.06021310373568819,0.05093324869640032,0.02823402939201191,0.03195029410145974,0.6010330629924221,5.6392490499819904e-05,0.042967799309883065,0.015929321397647588,0.025101156507148004
0.24323181055751023,0.26035677374497335,0.09522840504097012,0.047349554700668414,0.8062109320124541,0.00595194873925486,0.009551271029403344,0.08578551761167383,0.11400963447489158
0.7503832530707123,0.6529257613214137,0.20179026638001296,0.1717268276140569,0.23110834171087213,0.05759371834417353,0.002932775919467527,0.2892453470021708,0.3921090373478493
0.329129419600416,0.821559891237359,0.34318634855745034,0.5725198610040907,0.041427590784827675,0.10182568750544493,0.0032227218182119804,0.8266547938406105,0.7697607791801777
0.059681606832120905,0.17888613596220584,0.6927802631556427,0.5344063615528263,0.0016239222669713295,0.2268147510445978,0.01134567122200924,0.26512452814334836,0.10850784896178807
0.007491080347362836,0.013248397001835839,0.9402460263992949,0.08372980871333449,7.291156435529418e-05,0.5200596904760941,0.051057249088007,0.12823690137386892,0.009880355298307244
0.003334635618573101,0.0006269342808105639,0.5974408368141602,0.05757448135787713,9.741421823394479e-05,0.8824128823821442,0.20626069831003918,0.08947613600545282,0.008658672378730053
0.003912902916605544,3.261071035031625e-05,0.46368632880856264,0.04307098039597971,0.007366027319231366,0.21694662344453605,0.5409051429233493,0.05961453191057577,0.004918169701371824
0.0009110541944700711,1.603377942310721e-07,0.3441242781956305,0.012890061413424853,0.03874542443407334,0.02308993201464201,0.8967653128142338,0.013964769339991552,0.0013370939584866938
0.0002366900000684105,1.031209334994222e-09,0.24077282820270612,0.00762674598381663,0.06328792719192107,0.0017108268024578373,0.38072154019707516,0.003169736721755541,0.00029963929929214595
0.00010336665570945493,2.525749869356082e-07,0.14371876965960506,0.002195604656096173,0.04490269046329322,0.00017232322687608476,0.3175670379567232,0.0019706752943278016,3.169704540470888e-05
1.9837705248096552e-05,3.4850294717356265e-06,0.0435176559138897,0.0003029170245958266,0.016790831957202372,8.843079703589331e-06,0.6297277175865015,0.0003551357616266652,1.4335692247641266e-07
5.393842736830881e-07,6.640364844447068e-06,0.004435762040241198,1.656256857257508e-05,0.0033310752877869112,2.212631750830406e-07,0.8361809526568604,1.5594840694331008e-05,6.484178472105313e-11
1.107921139778463e-07,2.7637491822311287e-05,0.00022479380016336527,2.4966170123775665e-07,0.001018108695737869,1.069073097271937e-09,0.40606187549877537,3.8529035459346817e-07,8.954752715196443e-08
3.6860123304671865e-08,7.20991645270651e-05,5.134806576157192e-06,5.912500542894917e-09,0.00010443405235133496,5.569691568472613e-10,0.13461700315524225,7.328695724084376e-08,5.017274548525862e-06
3.0497038903862707e-09,8.98185908364698e-05,3.909795054514138e-09,2.8939142422902067e-12,1.8156727706571042e-06,4.3096839187930926e-08,0.020205273150906623,1.502339604893283e-10,5.064321401522583e-05
1.725203393593357e-08,0.00015264184025822258,1.0837657633317778e-09,2.909176745642974e-10,2.154757876535788e-08,2.6572314816891192e-06,0.0017576671479927637,2.729897002898166e-10,7.516457174851695e-05
7.57470442066546e-07,0.00047394037591506736,4.458002928855645e-07,2.1823617119848733e-06,2.591058498520209e-07,5.598748714234761e-05,0.0005010333483496406,9.744916413514897e-09,0.00015234728280850196
1.1075702450463172e-05,0.00012095667261977283,1.2084204199376107e-05,2.914346215546568e-05,3.2181945292726297e-06,0.000586344744642943,3.7409158240111946e-05,4.614433353446574e-06,0.0007675507439936736
0.00019635405181644462,3.0883887037881604e-07,0.00023058063858512548,0.00017340850736200173,3.420469038531049e-05,0.003057278087768937,3.923043629061238e-06,0.00014073758411256338,0.003082670181374732
0.003452262472037659,3.036576495081781e-06,0.00407769686457411,0.0037995916959922696,0.0011283247234459282,0.01609690573617734,0.00037853285478645673,0.0025000287693557684,0.010597672917133929
0.20780660026999734,0.0043773353448211955,0.08742812300801293,0.12008728679582381,0.04702114576237835,0.17065705020158314,0.13383517823795435,0.045614066028606244,0.0264428250931013
0.8345808731707391,0.4538452234052457,0.6327225539198187,0.7941010379547537,0.5142959155009825,0.7377215417802672,0.8754476861976428,0.392318094496383,0.4741817041800066
0.2626997250981699,0.56216918310502,0.5170362648668196,0.403567834018285,0.8216024196825147,0.1699824225749786,0.2830644056072162,0.6678866998616193,0.5124605831318305
0.062028816747041034,0.16676455271278387,0.0967559789286507,0.08814559183458069,0.2517037924887823,0.042144349626032036,0.07921992533521359,0.16452256205880214,0.16515162451348675
0.00732388077468979,0.0432454907816753,0.0067725394238163,0.01176113229940496,0.03040911007861516,0.010386574238846273,0.01630042950500076,0.015106043838729488,0.04970781009055018
0.0007108248828624365,0.00997206502911252,0.0005384249089462692,0.001747313205748778,0.0013498384445455123,0.002201203091975756,0.0029883774907306245,0.0012938485621019399,0.009938389611327205
4.098931897759265e-05,0.0018301851503406098,3.5815316288076176e-05,0.00026862653463623003,0.00011153948977652476,0.000377992670890093,0.0004053406480032019,6.03621200382217e-05,0.0013522183451121026
5.264247806256223e-07,0.00016158861569676066,4.844286491835845e-07,1.673018868701362e-05,2.881399456365989e-06,2.5324269827354287e-05,1.548611742616137e-05,1.7942614677553283e-06,0.00014784267152894513
1.6365940260976197e-09,7.069979218985634e-06,8.486546916404743e-10,2.7362788922066713e-07,4.288223277685125e-09,2.640988208023656e-07,3.5069092811641155e-08,3.1159807620842332e-09,5.655020589804169e-06
7.910540520338737e-14,5.477471660375562e-07,1.1386896585471246e-10,1.0901682619644822e-06,2.623162398171805e-10,1.708765062007896e-08,1.0022901303258268e-11,1.173295431198887e-11,4.0017735500335585e-08
9.217735684057823e-08,3.1147127077866857e-07,5.810900221252808e-07,0.0005352422451670433,3.3350835874493827e-07,1.3152044442418621e-08,8.282570537090524e-08,4.635440103543551e-09,1.5782018665956294e-12
0.00010234881555015814,3.2489865635694075e-06,0.000173081003134656,0.04303326396436311,0.0002688707338213508,1.4757082092589078e-06,0.00015811426915791942,5.942809021670708e-07,2.5001332345264926e-08
0.0026188853706520846,0.00032726376306402446,0.0058106694311345405,0.43508367109060897,0.003407972833588583,0.00010544983003557341,0.015571223168341489,0.00016324272520200556,6.39021710620599e-05
0.015428140061691811,0.008150785166621924,0.05161350115234916,0.9040616308056308,0.018018974998805715,0.004058981023036359,0.18101600196971515,0.003324528096228864,0.009230934733256937
0.07220904544902051,0.07563119494832442,0.19574405546835488,0.6011013934308767,0.06941781388925085,0.0271651085708129,0.4221375525369816,0.023003120952411023,0.0845339949272093
0.23354082498086576,0.28615700475639144,0.3431734051714943,0.3265252111426781,0.2841518049395118,0.07091581549821284,0.6108176839895147,0.045980372226785235,0.2860661074602204
0.5749480451819222,0.8164881709504952,0.580265203183989,0.07997536223527038,0.8664491333847615,0.1215988212819527,0.9560496384419968,0.16947860360973424,0.5951233298821135
0.672915767678104,0.4651650930117541,0.8563725375258099,0.016356801109664334,0.3351251690333641,0.3039130744757916,0.2175033141553446,0.4845513545751907,0.8372461843836446
0.08340193941426655,0.17684413841412075,0.10326238705628145,0.0029860973936793375,0.008526479986718646,0.7644065492808918,0.006762925535537817,0.5883790548929132,0.23193678597782527
0.0006550900520355623,0.09067989066813549,0.003981782627328674,0.0015377514323750825,1.1150594705153927e-05,0.2087146297868689,5.85873505556425e-05,0.09764450484483073,0.007992441781217252
1.4097329546776883e-05,0.033696807550423105,0.0008373810462537722,0.0020027294650660733,1.4886796434010422e-07,0.003343427083661183,2.1214338567681903e-05,0.02170390980347819,2.140419206765283e-05
5.362414769389674e-07,0.011932857204041157,0.00025456800961691273,0.0073633566148313834,1.014616660534978e-06,4.048707212380597e-05,4.8888477020007835e-05,0.003413657783361511,0.00018087491781743943
4.749709366557012e-06,0.015001203174999016,0.00011700723351851073,0.0420583147122272,8.813960865969636e-06,4.170904701392692e-05,0.00021732910351848837,0.0011289809390856002,0.001816366992287862
7.736875403565554e-05,0.010333987355952833,9.082067243055738e-05,0.1189051682020472,6.210375449849599e-05,0.0001629022753867784,0.0007152869885142338,0.0007030462605853806,0.0141991408558157
0.0001735534220246618,0.00358995646932599,0.00020379471952700908,0.07193251655437843,0.00014814153337708554,0.00021895385739960176,0.00017668538104681963,0.0002097374126829539,0.015569195527240311
6.591401702266826e-05,0.0006862957101300539,0.00018748166667150246,0.05259620312909725,0.0006977930714263957,0.00019051902040329358,4.038284069727557e-06,2.7940334671392795e-05,0.0073531592236789935
1.3223625806375791e-05,4.4559635852463196e-05,1.8479202668450046e-05,0.08700241127440464,0.0005521201449353829,7.260608127987766e-05,7.138424323631863e-08,1.0743059573385467e-06,0.0012074355542623996
5.669159711809157e-06,4.696247531193415e-06,1.2975365209364074e-06,0.03805257005833899,0.0005383187612900735,6.403017096054072e-05,3.4082207441885077e-06,2.6565389112052448e-08,0.00012171188613038863
4.617700859490584e-06,1.4280724912545272e-06,1.038379466875932e-06,0.0017198132228295473,0.000251621558365171,5.5737358624107134e-05,2.3746132517919363e-05,1.8277534554315257e-09,1.9691012844115127e-05
1.0918585843340332e-05,7.113697209715873e-08,4.742928285626851e-05,8.333742943073341e-05,0.00018109619149668288,0.00037637245317198717,0.00015344812011327933,7.328171459098861e-09,3.338024093353929e-05
3.836122762957593e-05,4.2575229421137396e-08,0.0003837357442621058,3.398764565823146e-05,6.633396134046676e-05,0.00048472022742203515,0.0008596741822437119,1.130898076554131e-07,7.352205624883085e-05
3.878605421480657e-05,3.4592981417491354e-06,0.0008034492862585633,0.00019283545781015183,0.0002915983056576599,2.529396033336814e-05,0.0045016507997772135,5.744657389935597e-07,4.101039781425129e-05
1.0598572189618499e-05,3.8771140667597354e-05,0.00011882322697211422,2.0683799282264047e-05,0.0001754274013466005,2.4623459439324922e-06,0.013033155287598025,7.839714899537117e-07,3.1483028060285205e-05
4.905451304005398e-06,7.322443883083048e-05,7.207098762725264e-06,7.134056784597798e-06,0.00016774626124588013,5.0945629775559475e-05,0.025103879494992213,3.096651923264968e-05,0.00010973547965530685
0.00011876517699626297,0.00011795918229780767,7.322095330170626e-06,7.43326797140601e-06,0.0002447807666811736,0.00045778131158130626,0.05489557232022044,0.0003433166236398016,0.0010107841693720494
0.0010784136681901558,0.00016273680384578426,6.727356264664225e-05,0.004612755537781173,0.01743327102379206,0.0024743537786631833,0.09025519460283428,0.005695010542819205,0.004952572514553569
0.09363261823092474,0.027687312357912355,0.014354989889869692,0.28531455587736715,0.7184102574759528,0.007782588451794153,0.0012322034962758714,0.26076847104493783,0.039487941809462045
0.9814928905703708,0.6901357751977432,0.5849017831773777,0.8296334662623055,0.369260565494435,0.0299884915685789,0.6556369822957075,0.7299269945901914,0.557778102469733
0.2956194678658103,0.4382773662952357,0.560117036030662,0.2332350278536449,0.10483714108057623,0.09497657233672332,0.22472116968317285,0.19570401873156623,0.3671174524889409
0.08197527143322042,0.12095198265333897,0.2053735330332071,0.051468308756477205,0.03822665414153809,0.4037356185410339,0.09359408744768291,0.04805518971948151,0.1160199990027204
0.022160820441456373,0.025421048370011856,0.06154500869813699,0.010175917631604735,0.014493642134528298,0.8222583340760085,0.03662641578956201,0.009741939448582494,0.034110341921467835
0.0035497188745083094,0.007766320724594745,0.013192855660226011,0.0016548477417822082,0.004615723875080159,0.44173855174254617,0.011925767343030934,0.0012914532705155968,0.007066975846619238
0.0002302432489558596,0.0022296017535759598,0.0011692398698556373,0.00010944285982419142,0.0005258910534975399,0.016180525897424948,0.0030814826038371205,7.49563601585134e-05,0.0010125814353855998
4.478197659288126e-06,0.00017165211848238656,3.4716138456623266e-05,2.1043172752691744e-06,2.3894475753510228e-05,0.0030651553754609023,0.0005124435579018024,2.26154663808995e-06,9.850353870314659e-05
1.2871849239487143e-08,4.201410210378692e-06,1.4923856725290924e-07,5.703541262731473e-10,1.2026970350844567e-07,0.0005796448250548499,4.0242005593800595e-05,8.229553374052974e-09,2.9273599046935226e-06
1.9769667972327836e-14,1.7894496574454404e-08,3.142306131446518e-11,5.169584011910044e-11,9.161462491236157e-08,8.58217893040869e-05,1.0308770435609567e-06,1.3860709388100554e-09,7.2855481771416105e-09
2.739977634740906e-10,3.6725652876426917e-07,1.3251499875926886e-09,1.0975182416405308e-07,1.5535360794543414e-05,3.7302982435332776e-05,1.380595754701675e-09,2.342807634739448e-06,2.9034514984287508e-11
4.368173792931265e-06,9.578351522069216e-05,7.921183025727015e-06,3.907145268718057e-05,0.0029504541377649565,3.675696913422618e-05,1.3319184431822184e-07,0.0009080699086131122,4.08639955785727e-10
0.0005488840401806062,0.006457406151993002,0.001129567340273584,0.000791936008419049,0.027716807704904065,1.7721090014410356e-05,4.2358112487774504e-05,0.021538586907839472,2.5654845922118966e-05
0.013857323488328313,0.15116461682677967,0.03124098123780301,0.003708681464238318,0.08329545366844218,0.001391723094589094,0.015429483877798075,0.127404264385916,0.007030863777527732
0.10202070546361897,0.7031103485906284,0.259170340227522,0.009715324271627813,0.13618223248042186,0.005649381811324544,0.26557570630248944,0.3505572810631131,0.13434959131160112
0.4102162859449131,0.9723589990861187,0.6896901237199722,0.04340631786175958,0.18736208737942261,0.012982347803797237,0.88983214721602,0.6721667179085818,0.39927447864209853
0.9314849371643559,0.8945420982984991,0.9001027000412769,0.22369986600770103,0.30557015266230547,0.00585915867590707,0.5026875574761457,0.9268773218696591,0.807316630800411
0.41544691291961766,0.4468687624844607,0.43749869825043075,0.9466748641699299,0.5631490798616491,0.03809419878644489,0.1280495016400622,0.49465372041053224,0.5646618397951586
0.03923391886927703,0.07005222361838341,0.03504374424295649,0.0805359879269193,0.7289631931926164,0.23257992306773645,0.011561946597578353,0.08733992634976503,0.09695839755782128
0.0006512040587398026,0.004248071331189059,0.0003276197976975058,0.00588340338894554,0.38593853480209517,0.86285610356435,0.00038774070175808613,0.025551367367958037,0.00371875116114512
5.112521176481781e-06,0.0007895839844314865,2.1187094824879644e-05,0.0005627834494105868,0.12238102602431852,0.1740134801356171,1.4645107218370932e-06,0.011603167299708185,2.860710225808009e-05
3.267237331882462e-09,0.0005302066958284363,2.939520468972416e-05,3.914728705037096e-05,0.027230551825978166,0.004637027752939292,7.259099229636344e-07,0.008634008336436651,9.85766178846505e-07
3.2563045498486673e-10,0.00032434427745337214,0.00021070535934372093,0.00017656346465185643,0.004590970635433941,0.00025406475839808335,5.366624710173956e-06,0.008452705524823745,5.596123113219282e-05
7.904560664866873e-08,0.002709706717781006,0.0006229002509947546,0.00031668167955332716,0.0028742752090004675,0.0012744870888272348,0.0003745261832545382,0.00836598152360655,0.0011439258255639966
1.7739199068301711e-06,0.017214440902271023,0.0009599422469496716,0.00012129379972013715,0.002864765280243596,0.0013406744214561753,0.0035144243488813482,0.006461343250505203,0.006919498579153168
2.1990279411648205e-05,0.020219348377681825,0.000260095882943433,5.184359168310643e-05,0.0015833406528853108,0.0009387954172742299,0.008323809517732442,0.0010772636384096732,0.002594827073110088
2.873050299902498e-05,0.0024108699844648555,6.482745854160579e-06,2.583913108538059e-06,8.475950151275803e-05,6.515079108949354e-05,0.005806622227277573,3.0215517762139187e-05,0.00027575541945395657
2.2435242308246385e-05,0.00024157374670325004,4.0096136066503205e-08,2.829069532068416e-07,2.3419903918920195e-06,0.00021742343023866507,0.0016490000159561998,2.2604221202434043e-07,2.907503391814118e-05
0.00010260203877626961,2.0269304922246813e-05,1.0336317150550628e-06,2.607634814853968e-06,1.628827533338135e-07,0.0010583567231814397,0.0018869008419904899,6.583161256764178e-07,2.3537393339696096e-05
0.0008518039803984139,5.807467743828625e-06,1.0726652517018525e-06,4.333639731068372e-06,9.232180569504842e-07,0.005241936755207941,0.002708823648896164,2.6930754143607934e-07,2.0720389550339995e-05
0.0008641003625325513,7.206509276106373e-05,8.230411816289114e-07,6.034922884286788e-07,1.6182483178023882e-05,0.012039607250628713,0.001667181973651675,5.5429395000161786e-08,8.598314212941236e-06
5.503283576998477e-05,0.0004703114998685595,1.404171570304674e-06,5.909010780743939e-08,5.6838437635431976e-05,0.01122447874039395,0.0004926687005077559,1.1305647971578206e-08,2.910311121052037e-05
2.017992940896209e-05,0.001311029907602533,1.5912416477567073e-05,2.1705141877596637e-06,0.0001982573586757102,0.025459720449694453,0.0009011013446089367,2.305318311458157e-06,0.00025699535245275593
0.00011119189346484256,0.0011033887276540998,8.344474722976729e-05,2.6570927968163308e-05,0.00102410792386445,0.060920231449869425,0.0004780328325778628,0.00010481992892864685,0.0009360259367656003
0.00016852613646796513,0.0005901304759562154,0.00034504157099077883,0.00020781840662746713,0.0024309911705438394,0.07426812729694368,0.0011513430845547835,0.0015064245864074403,0.003893561540619709
0.00012869950385702703,0.003325816069226885,0.0007956372419391618,0.0008924489463454848,0.00822799651681755,0.14474154488569743,0.006097948537175349,0.010277473726049192,0.01569429496102787
0.000263384085751428,0.09481954508650661,0.0037101118642822763,0.023046511786582638,0.0527582405344991,0.7574673479580295,0.023201018732687272,0.07192447228445586,0.06204768910090901
0.00016266445073745162,0.7209262803411882,0.02222431235505107,0.3284825118019892,0.5954302659265712,0.412079098167471,0.0455512044269266,0.4025294152251202,0.3658806509136595
0.001594843210883993,0.43428294405954626,0.12386920154618258,0.9501216748605108,0.39823965776108583,0.12179743331417545,0.14960050596791913,0.9373099255244415,0.8190700883709655
0.009055824292595905,0.09203652079470712,0.45955801207351976,0.5474968546934744,0.09931591415440459,0.11165236567096018,0.39849890742123817,0.4707462753950097,0.15890157561572396
