0.008220079065407313,0.004017113834068222,0.0011179563420999083,0.003994791331560945,0.01642993263026075
0.0029271450918162112,0.0025946010348578273,0.0008807452988422613,0.003745049340277411,0.004600328999851239
0.002100143427927108,0.004139866815980368,0.0003440167741808061,0.004257553359395765,0.03138933884221289
0.004381660913327608,0.008513455859585352,0.0021103898186630807,0.0070522784917642425,0.18724892607483318
0.00874440999171714,0.027286697464894365,0.02585171114615392,0.027065364628908614,0.7018957331486372
0.01524677417112425,0.0300630423352851,0.026845379017949016,0.0352508522746027,0.8190389194336501
0.0031980889927640276,0.006213606313366778,0.01985878208848681,0.012552737273266655,0.40970401223283726
4.79358453456043e-05,0.000148395898757793,0.002691909803918533,0.00048737452558814115,0.09750643104713448
0.0008482047920542797,0.0009331029734357893,0.00508877426951893,0.0014003299926119452,0.09805782623025655
0.050628305981635105,0.03288006323887573,0.0528023369929948,0.02627210702182973,0.142464929876631
0.3389482797919817,0.22776891553315926,0.22224334575831428,0.2043946582570414,0.16803558689137812
0.46069703273003204,0.17688101928966174,0.19168389170346523,0.13005552881934834,0.11962512455677657
0.7698595142556802,0.2417671289105791,0.323147969693781,0.217187300622719,0.045298196523206144
0.7221916169300733,0.20945185186114096,0.2239801182372029,0.21146937978397196,0.004997513616171186
0.6672440118983411,0.153282448554782,0.09923829381059121,0.08989796827346422,0.0001012039024259148
0.698929254655502,0.5943529851402085,0.5306844140694977,0.4208140749531879,0.006459132811519571
0.15366105496369967,0.48529806089658767,0.6467535255500375,0.7440133094571237,0.19597561763620636
0.0008948571696363737,0.01830520592003234,0.03749846953360874,0.04440255484310587,0.9137562706880087
0.0029364995058508807,0.011830486842302595,0.014695826809399425,0.030397593318107315,0.6914862259472323
0.015587128969688422,0.01926226649971925,0.012116994379997128,0.04287726855320319,0.37979354907107377
0.019979138986453093,0.012631769267529082,0.005242382400439663,0.03396600454534756,0.1868742420025697
0.013457003763781976,0.00121315747890856,0.0006994283193329297,0.006446566246656421,0.03510579602134363
0.03076469475917862,0.001369100265597465,0.0012191009945775604,0.012253916740365975,0.0072633804009269495
0.011026765353255042,0.00025366158604288064,0.00026670703305875574,0.0031837627751881434,7.769672314923102e-05
0.006768964223243695,5.242819563572863e-05,0.00014461847195066383,0.000279535562759769,4.953673617146462e-07
0.08339464610428639,0.0013251400280169816,0.00396752271696397,0.006196715170105362,8.432990634603198e-06
0.24758628218435963,0.012282294090872553,0.023008982060543335,0.03970831875688706,0.0002666189700694173
0.9182054898314125,0.08872902582347472,0.1190722534021456,0.27820967222535553,0.0032339275213665144
0.7499855088396893,0.16240556170418546,0.3552509407457214,0.4456224684909341,0.005518506599218958
0.7261454328931508,0.6754704810488545,0.819168862481083,0.9866567545359143,0.15264263332043812
0.27979889426116367,0.4757738236077681,0.18907617930881762,0.43712080810473575,0.4045947048440187
0.2947499390270007,0.23949498512391132,0.07048277911690519,0.48733022035121865,0.8334170201016057
0.5695447518281234,0.3573685882588533,0.11107202540090419,0.9214943218517448,0.7559416787614475
0.38433130923835446,0.16191857523500197,0.03050017135078463,0.5900641258237864,0.06215966197886555
0.37032064148429045,0.12947574131120448,0.034440242475527155,0.4476269459631619,0.008839085030863558
0.9340502746307535,0.27053916496328884,0.1341114361372811,0.8444280988004382,0.02479464441739045
0.5921688650992303,0.7678368126790507,0.3622220965793398,0.5052010378016476,0.21457357362184298
0.4475645548196501,0.9873684059770216,0.5049460055456625,0.34758823485350876,0.1233001279405409
0.5707751627548363,0.8475130003291129,0.7852893020691196,0.4158879623519952,0.10837082534729729
0.2286346968686835,0.6268511781057857,0.6394402999865836,0.23022421074021404,0.8650110553157427
0.058222167377569745,0.16430399878142596,0.22325129507981353,0.06347182820875329,0.7749168686352662
0.12576643207067795,0.2133107301522622,0.35040272240951365,0.18975130938596976,0.7470035558618455
0.19506584498537766,0.3477121818584912,0.3875250596018852,0.34032648816124667,0.5181744006417502
0.22419365854405696,0.28756167010856165,0.284663941878337,0.2972753535086897,0.25077869424723737
0.25061639733224256,0.3645356163883673,0.3939170022254346,0.43721759321783726,0.3915771784936617
0.8639143583822796,0.8973814290355195,0.9826567842611256,0.9372247481606721,0.803290678193239
0.5476409667725783,0.5241554742274083,0.5640518103219035,0.42156481540688595,0.627560626817435
0.6790899217712821,0.5709807836248295,0.7962668095363318,0.6280162509783443,0.5769717535510074
0.7013537810974426,0.7686092340316181,0.6060455699936409,0.7541124178656886,0.38119549762529736
0.7157380369118909,0.8203281385071823,0.6657136495730986,0.9358826819745548,0.8486272793007175
0.1830687855335065,0.35920747480170034,0.22908018144338818,0.47050046882772334,0.7113188969534666
0.17838267452145773,0.2712966185962874,0.20844794931514138,0.35412541222050486,0.4222052673248634
0.08007114007571704,0.13344184065048156,0.10435671511446949,0.14291338918201216,0.19889310920864403
0.07601332844350805,0.10569459045826204,0.07374901983606359,0.09595654834115047,0.2211335629995613
0.16614481374178633,0.21322950672924046,0.17696213178623585,0.23555630195568913,0.411858395284993
0.5121903298270145,0.5210110075676,0.4456246557740612,0.586174865372413,0.6593267178140942
0.5804347901704026,0.48185341003262194,0.4268364922453889,0.5438125253035423,0.7132483658123847
0.3764566545520476,0.3000173619805597,0.23624703017923843,0.3377612268389465,0.2609564680915363
0.1848900497044471,0.11173859622569093,0.11097834743160445,0.12604025371670183,0.059866630589849944
0.2548030236389896,0.17676333639319497,0.10602650870827372,0.05852555201388736,0.07475220274620115
0.873754254284667,0.5189058398603006,0.5242859565949896,0.26689334195885656,0.27849757803967956
0.5012906782377005,0.7360005501293916,0.7723980516068761,0.887542018877034,0.9060724527976156
0.23027817597458966,0.34357285392875814,0.4187640201358305,0.6759053889217213,0.8018622328199545
0.15398413749888779,0.22223613698939534,0.2731061573236801,0.417425557388576,0.9292903917257422
0.37642833262685105,0.4588102293809726,0.6163462672532722,0.7289145167796638,0.8443359119634828
0.9966947509429016,0.9968784686664385,0.7849191205679792,0.716524181327278,0.4657858112389892
0.9747317506124349,0.9564860752388513,0.7015280843275329,0.8007782205188191,0.4336303622141884
0.8741161984148489,0.991067758233422,0.5754023145868035,0.6815131909703203,0.3563348139623179
0.6861857083285996,0.5811095540402285,0.9446965178799939,0.8026992366508938,0.5373080254941331
0.6812654915944492,0.7922008731156832,0.5305591100060233,0.9112506869626271,0.1726284562611092
0.3235004890488876,0.5563393904515473,0.23609268531189906,0.6316582865817487,0.035404950407525296
0.123421423239616,0.23436743845057573,0.07972921580855036,0.3648646547900405,0.002392317373577154
0.1087599908059479,0.1839208926541915,0.06290971899156256,0.42757607092117245,0.011026098666053018
0.048554006471080546,0.09128760112197565,0.027386458540030734,0.20935891549147076,0.009226031150599698
0.08718450533525303,0.26758085791872854,0.13933064046346325,0.31977875093189523,0.03532397278952439
0.6745538566730954,0.9827023981899674,0.8989167537659725,0.9192951425433472,0.3573952448674921
0.8070159278357077,0.882900394627901,0.7133737228263748,0.9502595708867199,0.6873014305988208
0.6228841300039917,0.3710356718465937,0.1747541590692093,0.32432498737798654,0.5062576049015531
0.6715302240667704,0.38758853602834964,0.21373602644867068,0.388269881425626,0.35128402774731593
0.22464858629165055,0.08718253207561275,0.03217177141728827,0.12744014022869737,0.010572274707195572
0.22077063444833506,0.13570309466704006,0.028653621452379714,0.1621862193848493,0.0005951848893998733
0.18008278586468607,0.12482163464738821,0.04744993626982545,0.2268461386321047,0.0034171644857446948
0.22329772018353725,0.1798226211101954,0.043866588539527934,0.2968879322820613,0.0011424569754808801
0.01763448560082223,0.02800835778827563,0.0033236350922265863,0.03462257132300968,5.1349099602993556e-05
0.023284958864939153,0.08405491979768902,0.010101180273116671,0.039869176905065036,0.0003866624084511107
0.08659800526566472,0.1665918022380212,0.017050402363058506,0.06556291498975275,0.0023018153549127464
0.024623332291636386,0.045743766287290946,0.0026908969326241584,0.013122749826956012,0.0016590148580967318
0.07398337804319843,0.15927647567025013,0.020375051770567695,0.06465628674976405,0.006060899309909368
0.24509425233408794,0.43141402752440683,0.057598240550535675,0.1956950130767241,0.038817624006626396
0.23730232158381137,0.41434886299026275,0.0534368065769952,0.1761099357917825,0.0827180142550785
0.07129488301672579,0.15060918164646916,0.010588284515600063,0.04728956557226293,0.06683804723514966
0.1006467344892767,0.2135439401594374,0.020539738288420595,0.04589661817593971,0.0708009796983089
0.04008159301991286,0.06860234481356929,0.014080296766971307,0.0159740585311421,0.06887186886840414
0.2534882268037023,0.3264165700406382,0.20311635562202704,0.12396221017373309,0.5044020866363746
0.28812564736263047,0.18704095538381202,0.18114913052635578,0.1472194824771596,0.10688626328686955
0.1444681092204261,0.10019110789459396,0.15719727319243557,0.1068319917538901,0.058388396530526035
0.1553902649661136,0.10386251277572608,0.1910019846364178,0.08433779621044045,0.11090362767319094
0.10979836701949786,0.049305679313129264,0.06862898237831586,0.052055273733208396,0.13099213416155497
0.008906444243997136,0.0026126279720905224,0.015269023888715658,0.01325778373349074,0.06591370700650169
0.005804105061612886,0.0015677014380507926,0.04354785872326891,0.02941195871102479,0.1914954185038056
0.024844825838023953,0.010932010214448395,0.10407641809617464,0.1586870392339389,0.250181973760117
0.1013586566335236,0.057010509796821304,0.27943669117938386,0.5512387619661483,0.721245582791569
0.25879763154059315,0.1438482665125461,0.6448682282805716,0.7054446950666802,0.8688907626380804
0.05199905554485757,0.017714929807118324,0.10641053584511777,0.2849109032229779,0.5159161332075963
0.18604732804554164,0.11685554568095437,0.5981081369066662,0.551264702826213,0.5571174931076317
0.31710924431003684,0.4302806403127286,0.7102216883777732,0.6931080138423416,0.19218734651255667
0.8433343932996037,0.8758347746848414,0.3981299586367192,0.7032549390808431,0.11424761314752227
0.711918241655548,0.5629063984399569,0.07397060322122853,0.3741759868759742,0.06862589842007541
0.3943505032194645,0.28805976511217124,0.09184334998290163,0.47891067709224366,0.2342758202894563
0.07741449612928121,0.053938250685515415,0.1430349198606177,0.3201544696717073,0.4679398096883889
0.005770921629381244,0.006562540464375633,0.038559342261847894,0.07995574739645436,0.16110702178571903
0.00927739775845605,0.045506378399691086,0.13595926695249863,0.14674223819706428,0.3479552045986075
0.14482415283853206,0.10400207623803343,0.39982541698798657,0.34765021255184925,0.9961371255507815
0.14760196861006533,0.041179418654346975,0.2834486411898334,0.3669744196231488,0.7718950250702383
0.2951008380050511,0.09884328591221363,0.7127527617505667,0.5823847131658744,0.8968975183776067
0.26875130915264966,0.2517138707383982,0.8279462666398574,0.5841618329506211,0.6648499250094031
0.25828285702861975,0.21705869619998275,0.8787260784455779,0.46289269663080224,0.9940253871979752
0.3712685916840811,0.435677190504809,0.7157369593080507,0.7488180753938303,0.774455917032201
0.1726894681984975,0.1463606252984614,0.3844918586012136,0.26064498107063505,0.3153386990062258
0.3034266968643648,0.20397786392392211,0.2672586887023163,0.24798527241931012,0.13024535088343042
0.6935700167270209,0.5372104755307023,0.5442624315511703,0.7652036510077462,0.3011916069074598
0.798805774393504,0.5094662687587046,0.48653048970119406,0.884034224235629,0.5067896476948772
0.48020067179918347,0.4316045246352216,0.2762379082538256,0.6814311215815612,0.2727303432473669
0.30425870349834994,0.29345008409443213,0.16130728148342605,0.4490006242629183,0.2287128945204774
0.27442486012758305,0.2635338517259517,0.11431633300851612,0.36271880463157546,0.2504492622348952
0.42158769878379443,0.3412957593703081,0.15061868957665975,0.4012314508462298,0.2692491133766686
0.9049781875912903,0.8719783423482299,0.5183680157762371,0.9942129308454004,0.7088938312132746
0.8022795134133043,0.7981002530434269,0.4628315938012746,0.9990435592534053,0.6962690381262084
0.4161732123073635,0.6469625658762004,0.7170791090627101,0.5162109012393088,0.6959972788108748
0.34179528033548845,0.4798315854087063,0.6923807574324952,0.41724404947104343,0.5679426087265818
0.6871916239636829,0.9972314069187425,0.9830325587541595,0.888929707054021,0.8066488130535606
0.947715677392111,0.6460723359233225,0.7243725104876364,0.8132262959226071,0.6885857364750769
0.4845784686717538,0.2431797660096829,0.448013293496902,0.32768986265810884,0.2685463197306296
0.4177837199174519,0.2169586199796401,0.4477587052787513,0.3354741521873532,0.12802869123656227
0.7963261466574014,0.5103703699356319,0.7032386294133193,0.6857899551056765,0.1354016611835722
0.32479077397746103,0.1793750540567473,0.2614824528283556,0.3408631722849804,0.035394550291525204
0.18642768220250291,0.1525929761750076,0.16560746789596661,0.21391001246218597,0.010604450182042674
0.09734015000561859,0.11081556568390495,0.1261857460823054,0.12588810749942156,0.004817228592031258
0.04468375024282004,0.048097419589470385,0.03680770623487582,0.054571506345751766,0.0029721179270824744
0.02248288128020273,0.028368446089119887,0.05677542139313249,0.05657617099009239,0.009720938519619053
0.09909759574563339,0.14589275004873228,0.17683073247940387,0.17070512194785922,0.04913439974914146
0.37086309483735513,0.4544298405711349,0.3855158500726994,0.3752906972712202,0.12625707393971028
0.8284845057655055,0.9575597272327266,0.6506944800426318,0.8773207015505008,0.37995806777260155
0.9832373112825932,0.8586354809261956,0.7354018583401785,0.9255506798216839,0.7157765753853429
0.4738927660854999,0.6295059870458655,0.40971045593344857,0.42388423545784915,0.38566258431781564
0.8984184091951704,0.738781809104537,0.9301448327052428,0.999513332537519,0.8987132641679405
0.6644562963290056,0.7554614838987753,0.8499842908906686,0.5570106992308768,0.7557068552801272
0.707115569472309,0.8334899709773884,0.7801907759213221,0.5398077610834505,0.983933019994677
0.6958768747237032,0.8790996759233429,0.6977457986694047,0.48459849853308135,0.7202850968030218
0.97679521140752,0.760754784029416,0.8905414210133492,0.6623428300144849,0.8895439717568254
0.8130943225263592,0.9124578254270935,0.5848539644249691,0.48184528733945986,0.3218813913978544
0.4896611478899261,0.5707428638561971,0.5758274901916041,0.34275086445750647,0.1818611720553434
0.42740455952611534,0.5580854473392034,0.7036385427723394,0.3877298909964737,0.16073821553993073
0.3216073787792439,0.37036806587949356,0.49071445193297314,0.27852818628306725,0.040527436278217525
0.5696994465538958,0.5281278695255871,0.6370890593058449,0.4443786022669245,0.20423385166138738
0.46575695251731064,0.36247321038590186,0.49947670067308836,0.31436213361858656,0.28470395363339585
0.5553204050737252,0.4938869366870394,0.43882995627770016,0.4846584989440603,0.3319585871584043
0.6155775330337506,0.4554236227228682,0.4993285857058052,0.4966719770007466,0.3908590870234866
0.9506556641953625,0.8218070213072919,0.9587003135152423,0.9927511952900129,0.399143668659801
0.8632756841311899,0.49084251571791215,0.8231436190729986,0.7300549749847645,0.6763148338544571
0.8769720081420203,0.6750737656271761,0.9935449478722085,0.9567833024427853,0.7929597190481639
0.7252090963395934,0.6143304686970967,0.5266801617229279,0.7689228187758105,0.7598720018213502
0.4372927952690072,0.6309771479208537,0.9293532306512235,0.6242336614669045,0.13016883432307652
0.5160844520100798,0.6783726361431259,0.7524200448129669,0.6420556966774891,0.003581232474632518
0.5507483161272377,0.49613749174991917,0.5180787412655312,0.43226494116204084,0.004620808414917609
0.6812091361411581,0.6003375777113349,0.7076192094036208,0.44401554275011046,0.027394374301791428
0.45274826414985503,0.4335755703243501,0.35866153233913356,0.3134791652020422,0.010146709589655361
0.3822583526474571,0.2796581827231366,0.1838453223749534,0.14925114314193616,0.0184304049559858
0.4363491589351154,0.39081340208164117,0.2369233008035722,0.18464434966564638,0.014345828409235026
0.23203912124240697,0.16659718710613738,0.08741474179326822,0.062320544813227706,0.009714135754804544
0.25209461462352056,0.23880374158013132,0.07739252958002833,0.11279002445323862,0.01764812312545227
0.072286791736719,0.10740985203540297,0.004357742275385256,0.02840295837008689,0.005700944142964533
0.22735960118812862,0.3370645241626312,0.03422911618079481,0.056636024108405,0.005990916195938391
0.049742420490391244,0.07149283588136178,0.00734199258108151,0.011019396019702008,0.00275382865052127
0.23530172882999748,0.441151899154665,0.10846110300765364,0.14793363144025062,0.14453928511842143
0.1947456894029907,0.28754860083320277,0.059525006720835195,0.23396526280256189,0.05630738870038684
0.3115142607787107,0.4065396603018503,0.15505113282681177,0.510668256103548,0.16866472943399108
0.3386391357628973,0.6752341185381068,0.4005251923497293,0.8617143000402667,0.24434938630411798
0.5776476071120147,0.8923309262014307,0.7629957116107312,0.8884521767955603,0.5770368724143744
0.4979425560013059,0.3430411642583395,0.2586503166506368,0.20375417347509278,0.42589900954762794
0.4507160513407368,0.25447859640882403,0.0777381561169454,0.14214101632860981,0.27299851144549747
0.1025314852025474,0.0546931179756342,0.007808077304023618,0.02093818371979857,0.044252573300451535
0.08060218840748809,0.04939056034348487,0.020468358570662235,0.012713831256816393,0.017814549651820975
0.024071050360538585,0.00707496975588235,0.004129931378542261,0.0024794008971256516,0.004242981891729423
0.02260694186843902,0.009335261036610702,0.007385635991861227,0.0032515860518753576,0.013374790313171726
0.012677177803312442,0.0030055590435305417,0.002947403853882692,0.004456484748269156,0.007276129609126589
0.0030042831327724844,0.0007089784896842351,0.0004771194746142766,0.0025831235681269484,0.0011303515457413726
0.0005072771137001318,0.0006753606668197171,0.00027942120504403597,0.0017741525648978618,0.0012582789532195222
1.4258670684230387e-05,2.108370803205023e-05,1.6992167777418883e-05,7.243537998372219e-05,8.114926216024277e-05
0.001375775969668719,0.0006117124923102099,0.0008140918490617045,0.002150843001552381,0.0007026691843731453
0.000977086193844005,0.0006712491844841536,0.001078340449584323,0.0011299507401946133,0.0014477695385442723
0.0004477362478339459,0.0006990595847351634,0.0005572298558037711,0.0003983328901079703,0.0005915490072079849
0.023688910394333886,0.02632443877030315,0.018374081983936877,0.015774035572737072,0.029217603632131276
0.022396569619883053,0.01757763004589087,0.031128037553663265,0.010169209741221498,0.04268707357847936
0.031570038301043706,0.025421940632063256,0.05236233189547541,0.0161033408347837,0.06639059485307817
0.03443551071705139,0.0388129077222389,0.07119400555673393,0.017867703276751065,0.03573667684199256
0.08082407268771602,0.0844542084688733,0.18968030714196965,0.048917898341427915,0.0741051717277983
0.13298597530503137,0.1274777818459307,0.26405211880497376,0.0964245077200771,0.10463039741789947
0.08871389258257278,0.07682307328657893,0.20837404423547953,0.08468424928488245,0.06776413715258096
0.005693626457549855,0.004624636271528542,0.018391291572945254,0.004185206148778381,0.025746158695076064
0.12436930648043466,0.15795780793047012,0.10572000243564496,0.08638449449515016,0.053166404866608216
0.3239835403696313,0.29252115724217614,0.2476310377311785,0.21055302754847244,0.07862005275390695
0.9469934552573327,0.7954394160220353,0.9027184898940708,0.9272179531864351,0.9949749668443812
0.9046301088437447,0.9939733894529452,0.9149562410270742,0.9060370425295277,0.5303543111179095
0.8146514040552453,0.8577661271623436,0.8936059557365214,0.910077528932568,0.3995778225506077
0.30013734473650694,0.343601480661457,0.3218769191884536,0.3634844787794298,0.08010803952124587
0.1753977150656682,0.1912168167731951,0.18629783520832544,0.2294278365788959,0.06354294406536305
0.18328030864636377,0.18337993478294268,0.17837854156734123,0.21682031289005999,0.06644114978788264
0.025859182017287468,0.03117717298989704,0.03879714888246305,0.054422853008761936,0.014046850137039895
0.00015871852195454246,0.00021635075078680884,0.00016897047215006953,0.00044014875617621985,0.0030405496260043938
0.0072803583454047706,0.011055854123045444,0.002890680272228861,0.006772345908699232,0.005068507296524936
0.04226328939524584,0.0631163595122237,0.023636103287077492,0.023790892403882574,0.0020969554443363864
0.17389957554391183,0.1840358740779197,0.11998039660857385,0.09221970447632355,0.005855625802353732
0.06354276706016525,0.06140181555213995,0.028869713086875352,0.010687822313978326,0.001584669658689811
0.03515015543222341,0.024973731876591337,0.023386983222460717,0.004330540349625004,0.0006662041034081253
0.18009930621989825,0.10485595432970893,0.12345664091845528,0.03890449944623074,0.011863160246856248
0.3569953848879909,0.30932802755477795,0.33397569712846364,0.11423065885216117,0.027627576497559318
0.38229393362345465,0.3983236986536539,0.4344984091123407,0.20343634421605783,0.009317287337856263
0.8298473524643387,0.786280060105799,0.7925056755558609,0.5320823300780433,0.02086363099981611
0.3258282779291466,0.5880065086318478,0.28769193068004073,0.7975042260479315,0.07727798628318941
0.498148555026916,0.8743293533139376,0.4423736335051832,0.8798202170064169,0.023271149854024197
0.8198915923090864,0.44139601949440055,0.9122997415478719,0.7680125296393199,0.09056602915856972
0.8012153014556447,0.47509016233724877,0.8588212928727682,0.6893497751349402,0.16537313212779423
0.6260306399736483,0.8479214188240647,0.41888019692835865,0.4594408012857051,0.75534847865528
0.5176340481214615,0.40566058467443944,0.3134299282143806,0.18581094019700012,0.8683678282921455
0.840648182977564,0.592905730475281,0.5037725188807769,0.41963586982137935,0.9108208418659942
0.9279328521167124,0.9825716563256615,0.7264753926055517,0.7220666240103701,0.5490848022412779
0.9903733923875485,0.9383070351175722,0.8802172981069294,0.9258939550461669,0.7699810769102601
0.686286946574443,0.6267503340185576,0.8784081033578088,0.47518187635272857,0.3065620786226584
0.7484928694298125,0.8839025977928265,0.7019015150816708,0.6020737783007066,0.6025459871527699
0.6489947269169213,0.8561908988651621,0.5137832990255182,0.4836553187356314,0.984239888172752
0.9975774512941236,0.7913675875591056,0.6863972449863537,0.44431091295570113,0.7522073468503424
0.6626671889439786,0.897463411335594,0.42239054638219176,0.3666661397712091,0.4885710291324832
0.6426847520590862,0.8034394896857138,0.3684954318834762,0.2218653879310574,0.18328838985037854
0.7689418404401518,0.8006342306150424,0.7633778086150399,0.48661514874930134,0.23849969009302133
0.7877518710428718,0.9262351964433299,0.7138286607967823,0.5473743975217853,0.2675561011678277
0.6390273332398274,0.6035256778116114,0.9868161193002802,0.9657687978282719,0.8169227270344364
0.38832995586132424,0.3911288122634291,0.6984530298565848,0.7178716094516802,0.8714977859775943
0.24754544587019617,0.2430561540044298,0.46530670562620646,0.34869332420724186,0.41757078260079994
0.6704824449122812,0.8091156720050506,0.8488088516400505,0.871335719420691,0.9367861525394923
0.4308595599252487,0.6213148217055284,0.27815017038346584,0.4295674323373121,0.6063646716057274
0.3302197849288384,0.45728309173349757,0.13938522333377254,0.15402850057024864,0.26504385586363344
0.08737810702176302,0.12278943740493053,0.02141441510531301,0.04045216421451917,0.07713138994630127
0.02959461607977821,0.06597648581606047,0.008958657329563698,0.010377323919722261,0.010763487843923274
0.03712962993201516,0.0833066967047654,0.011106917478719107,0.01291664222708293,0.006946498295251067
0.0029653263958609997,0.0093380053000884,0.0009977438738482706,0.0015500193945738412,0.0026416608788715754
0.0034161214941305085,0.020699206334355517,0.0027806207732713546,0.004766047518723556,0.015895154807057978
0.006571321802312895,0.028050074084094635,0.007133435959899718,0.0053457797307398715,0.036880390316769505
0.0058730534811797935,0.019726938859397337,0.008651584374744054,0.002596662847757114,0.029330083435212238
0.00036351500457031127,0.000675427025433764,0.0008920268196307603,4.5569437483960635e-05,0.0009960701061558174
0.0005914089155164898,0.0010193285103127939,0.0022586782942183984,0.00028535566820696073,0.005936741328677638
0.005320311241986717,0.008027250962714345,0.013829240886614013,0.007510798737350637,0.03717838097093094
0.0579610126546635,0.05510375636938358,0.11592374035766298,0.05107965214760647,0.07242525148569706
0.0785096750025352,0.032601204000430414,0.07253231962365853,0.02994620666693926,0.1763457386683478
0.10659409497808325,0.04970697899276454,0.11574791792323418,0.04746298801828115,0.1303330018103139
0.12752244883999345,0.06911246085072822,0.11513237636410488,0.05845915968374976,0.15171939992597028
0.08627724718734829,0.021124606163219293,0.06116678237777356,0.028307594062836797,0.06104214322892641
0.22673260154463,0.07937363799915725,0.09845942130020272,0.11138587279400686,0.17721863034205573
0.3971118712814451,0.17093983820330622,0.21339075097749136,0.24011949767974938,0.6842535480980865
0.763931883933006,0.4580262207397967,0.35654405445019466,0.5461183132099423,0.6074626723235732
0.9386460137339956,0.7213460663254297,0.7580189479532069,0.8483293367933737,0.3659798078908091
0.7659569632481966,0.9864844333196049,0.8902797122366786,0.9747928190666613,0.17119288718378942
0.8858433367097529,0.7684983424948888,0.8163606965361531,0.7721584410738636,0.2964165266917589
0.7093269749682389,0.7314732110932891,0.6689564394197685,0.6843620471879217,0.3689815996796948
0.18067183442673967,0.22837844047006156,0.15867056557538195,0.19496365180761804,0.04743509166759565
0.02434263212331425,0.03148634600501088,0.016651552526756853,0.025890858403781834,0.024402520672805683
0.008549161232376892,0.00319221604335323,0.0025221554593754954,0.0021171823757663733,0.00582173745098912
0.0318194338721503,0.011825577117379556,0.004385073386157651,0.0048736917985816525,0.01256494730173887
0.026263287388190414,0.008459930733173913,0.004168660840827159,0.0048520905445876205,0.04899730747054802
0.005548941270865297,0.004051323678593734,0.000916091290121978,0.0013136785177624212,0.051252475695281345
0.004214731039148127,0.00902878374762429,0.002030539140593923,0.0019416496562813994,0.028791857105525592
0.0032324714247317855,0.005660403624156432,0.0011718760161271242,0.000609758885834854,0.013999897182835378
0.00031591271972178326,0.0003404120733459431,0.0001296606998467793,6.0628629964193396e-05,0.0011025508635706272
0.008358679704724143,0.00742544410475976,0.006814764566707731,0.002900848872366848,0.0032557171753722874
0.037267717903102605,0.030842005741456,0.03949440650712972,0.013711505262062449,0.04696427830224799
0.07121232219277612,0.06331888870069062,0.08325237284821779,0.01404911458173327,0.15503076643727232
0.05395266369451819,0.07954415095855147,0.09392854498928917,0.02772149844880213,0.16735799902932397
0.004818746188740929,0.009482844486737148,0.02188568443747741,0.004566836665308216,0.04074567473609207
0.020490650068054356,0.05535671160381244,0.062108712655289805,0.04362836529162074,0.03079063296913724
0.03004206461584934,0.06957835282849419,0.07098025861199754,0.03239690475714461,0.09851979393536914
0.0970376091571078,0.10528384723665142,0.21572742149968202,0.09244004711175406,0.3849235337619734
0.14481573009721768,0.19403303142767292,0.4097487293316029,0.2633921223905819,0.3810508496066871
0.3834019307506744,0.5899194319880212,0.7435597597506582,0.5152375731806256,0.6886663688371826
0.3732569153180252,0.4702271786152368,0.4820500096585123,0.36545694483395974,0.8727550184969195
0.6439834904509725,0.8169950943018535,0.6861822311013555,0.5978717989265723,0.8145953931320296
0.8343933719436731,0.9955878824246133,0.8940000336131811,0.8244407606250893,0.9551435576374119
0.9794439200583225,0.9528077232667491,0.9105412205875822,0.7755539175504205,0.8025626283124125
0.3168408390131132,0.24452798785144014,0.5400942264531834,0.5230268081940243,0.1920299242663865
0.3718437781472952,0.33323367280806715,0.6088632830047525,0.691781887914809,0.07587793572640722
0.24366490132220261,0.18735380577944785,0.356345422720975,0.23293658496484698,0.057526379639656025
0.23216297074840098,0.140406398016797,0.31558805237412924,0.14877674472734512,0.04341989900384408
0.17558234305694317,0.13304529859402875,0.3115313269452671,0.23048460702774717,0.004969660688308937
0.2936651784761901,0.2531767797036391,0.47064595971162426,0.3018712928571696,0.00028901775587374974
0.45976710014718825,0.3346904566981742,0.5943624962990888,0.32976317694833,0.006942111128684946
0.9171623304625531,0.8776325568377019,0.8440534227880221,0.6831203976281195,0.035342756447398906
0.6991562697105789,0.6704506162627759,0.8629087573059036,0.47291946299301857,0.022474699965548094
0.7704287584927159,0.7302151538849584,0.7579087896821949,0.47873876793608505,0.04783520579594374
0.7992148027176122,0.8714623039864824,0.8689112519970001,0.4110365884053997,0.17916204699947405
0.8784350327992982,0.7667353185183555,0.6925143026758467,0.7221824897309724,0.6145628968381354
0.5717642249380983,0.3768197277505244,0.45624876959948,0.7049080299649019,0.8370335165745771
0.7863896479774388,0.4579596114332102,0.629462392187333,0.8976080295635267,0.692070962409091
0.7198190926187105,0.918618343076401,0.8377189954375734,0.502478209567335,0.5009539862502697
0.3439555162274238,0.6893012767046076,0.4573859656394831,0.2589157918489544,0.5542204262692576
0.6630838318002181,0.8094283584265729,0.7885120034736424,0.6862715936634014,0.9144175678810016
0.4521615629139967,0.7946723962751405,0.41500014295079113,0.4707405634560826,0.8343298715630243
0.5324735148933284,0.8492195121071249,0.35591098753600536,0.5306387181591021,0.8666709661068585
0.4414293799599517,0.813579441960212,0.21121654124304087,0.5133583544390268,0.7452479702186745
0.35402822808806866,0.624058963453789,0.16377057549005988,0.5606313408859502,0.992062157568634
0.08708073353747053,0.17825904868808637,0.044289901317792174,0.15389917716021984,0.6257494237678832
0.12433577098844739,0.20496259586823584,0.1114526398197027,0.2458786034841086,0.8346884764932723
0.5579253542397531,0.6616531482705025,0.5241817667489419,0.7988190946584062,0.35733440647231207
0.8667712143667903,0.8226744079199184,0.8094435643056829,0.613587981065606,0.08610516911921867
0.6037655345796693,0.6321515734287178,0.5835837395766061,0.4432637233844986,0.09087996521336367
0.5388761289955286,0.45163007609070516,0.5006790525305544,0.6561651985893204,0.9637103702918743
0.3148151827514636,0.28052774398553887,0.3767924470504923,0.45328817189581816,0.7194692750653002
0.46819751059822823,0.40645987887468626,0.5971005804065526,0.6230752528742888,0.6716396699523206
0.32291396133273687,0.21401986530707579,0.4016684145741227,0.4132828915564031,0.3377909286299454
0.4488452194325566,0.3234823376664814,0.5564829690157946,0.5001964163560726,0.27870761282972206
0.9600137183528666,0.7850950375970491,0.8127199415759925,0.9802981889116544,0.3637126540443284
0.7136117809294801,0.4952097449485777,0.820686805486482,0.6057731879439645,0.12418839768710659
0.2698225023136117,0.15062578996769851,0.33660915182453655,0.2052498859689259,0.06359921246610604
0.3695053164956563,0.21870068856956332,0.35113558525683675,0.24612772039699093,0.07415490755530518
0.41334060269759365,0.22347862112624006,0.3330062734329132,0.25102995948789275,0.11885934263764598
0.8381964493935485,0.8593368029812846,0.8813354585892413,0.8555715044028107,0.7987954097465226
0.3107909091157418,0.528343561506905,0.40542291416215614,0.5857427187864092,0.4495896451715514
0.3723867717093772,0.504629395139286,0.49193548585594926,0.5701503887949446,0.3674310678203295
0.08495902009580716,0.11595448301470254,0.09196723508906605,0.17990954969959363,0.07844177987905038
0.327388228751619,0.392197817821458,0.36861660976354227,0.5011077417116521,0.11192733867182597
0.7658801138682512,0.7400205562816706,0.8030300964850654,0.8751166802026187,0.23703947303519757
0.5848930453545179,0.5987836735499348,0.7208657139318946,0.6713907419159452,0.11452535691212297
0.47777490226431163,0.43908196516957954,0.637136720861248,0.5556520439898274,0.09759501407737758
0.900214391328465,0.7870683214432742,0.9431250903461098,0.8812212002015054,0.19688957153558034
0.8437814481041364,0.6580720878349998,0.9360651546872976,0.7666423978070491,0.17576490684752735
0.926903217694369,0.729860865539037,0.8171994786539925,0.7711746586437804,0.22783079930410277
0.5769401129984986,0.8184058299614784,0.4873941342867355,0.8118297778902505,0.6325367715536363
0.357357531007527,0.46085625164223154,0.27518988019089097,0.42479318076224737,0.8061777009847718
0.023733137681389672,0.03836268327382301,0.005956485830397012,0.03703284465456124,0.6507404091712476
0.25954318291879985,0.338006807429606,0.1326480168767892,0.2888424616954939,0.6990094271657293
0.7175165923661533,0.5955537637280154,0.28019454077772643,0.5200384994763095,0.42309817806816497
0.39897551427675804,0.31432872222995395,0.17981419792822215,0.24673001171260306,0.8598849855329369
0.5025097878744604,0.4316694185970541,0.2997975543075104,0.37417478310831775,0.7455323406218259
0.4434299466780136,0.36639422588752746,0.2654016905334649,0.3403244965803547,0.41115442660339163
0.4655236828609989,0.35765158471081304,0.22362079134341825,0.3693810096069,0.15127677089096947
0.6245875272735566,0.39335084341037085,0.3096351372008176,0.40835570797967724,0.10468462170661946
0.5010212205730354,0.348839454560396,0.25000845172742725,0.3814119279435467,0.041317881776915165
0.5187702226457569,0.4408573607871159,0.2977511405736288,0.4823024794991019,0.012426981711608732
0.8513406215468146,0.7882661940082845,0.6772040451042318,0.8599220996970136,0.002217911387093942
0.7429435841331948,0.6239326800361313,0.5546852804081721,0.7080660622809838,0.0016945857825423597
0.6038123154546837,0.7776527380390084,0.8111692537218274,0.8485848501437365,0.018388150736036883
0.7076177990223333,0.37880019600196424,0.5047139569954806,0.31409886009456683,0.10051779019905213
0.6166020498151891,0.47871630283753563,0.6491811634340883,0.36854145473412503,0.3599858130087277
0.05907382097916768,0.03309675262386578,0.1040201245451314,0.05167530744785343,0.6229061336339257
0.04517803003279548,0.026011963792078742,0.047638447522661775,0.05044764460676859,0.1309703519216582
0.1603879352430823,0.09944134962203556,0.16040242035724353,0.1967553057295025,0.08051690731898746
0.1278541597581443,0.0670029999915242,0.13632946303415192,0.19351683633341116,0.011742402139572089
0.0309683934794243,0.013243886772235846,0.041464695277727955,0.06277148291044159,0.00027300253387023226
0.0377057228839693,0.011388783340233615,0.06476997849823599,0.04828127643242803,3.264438946249812e-06
0.10499259478555822,0.036286465059865526,0.1536026234393465,0.08273708666108442,4.865652923109561e-05
0.22010080426924528,0.10905725769740594,0.4206763198956941,0.2084207757467004,0.002234633708299465
0.630951917466499,0.4470902620961653,0.989313050392324,0.7135536484351479,0.01031719000232044
0.5421963312290026,0.2808111576206961,0.5814509720999583,0.4288546001691249,0.0186336790222435
0.7843480969051501,0.9422153498438968,0.9607127959426796,0.8809294080783652,0.044622468442227975
0.22969421524326042,0.32481027871413093,0.32340461151439603,0.3822456418076463,0.23521208765403862
0.6274242553586462,0.7517220593211753,0.7694933956041228,0.848058276155254,0.3678958619191852
