0.3364021766095515,0.574026769656931,0.06450986752956704,0.011738438769436317,0.9083783752558119
0.40317274263301106,0.1300748887757941,0.12079625459940876,3.1249967553607565e-05,0.7108584817735077
0.7595483757686583,0.6428800263363321,0.11603341285026418,1.345278796860111e-06,0.48461721316584283
0.8813489264205357,0.990997451171058,0.5562867162098241,3.9931984159679927e-05,0.03877821683534008
0.27507523590991684,0.9784385373195031,0.4284087544180958,0.008081281262015629,0.008246560964971984
0.3167638362917412,0.9041168972758652,0.4434839585999045,0.1940854685945042,0.0036608327668085005
0.9805594098882289,0.4137973159517324,0.42903527814716413,0.5368874792529285,0.014181869296392799
0.7461083214496976,0.2684604841265458,0.7165292788535764,0.8522600402875031,0.09570767143331556
0.7139631186409853,0.18712853368545188,0.8458809321420864,0.7598973598429215,0.19307747178181348
0.921148674858913,0.03169727039240513,0.2585136440471149,0.6227624485423175,0.3081057876833241
0.7579079669068657,0.03161237018709142,0.1792292943680575,0.25466896165237607,0.4841647846361332
0.9259993828871845,0.1341391297283026,0.12325450692330181,0.00818706846826836,0.8459489313077023
0.9301409378295327,0.44453463824435124,0.08037418883955284,0.0003406237712326979,0.4883369353575002
0.754160755268207,0.852920781808676,0.37771125670737393,0.01198747024579332,0.024266005797890247
0.671475475720805,0.6315715963837566,0.3077493333772645,0.14776881242170878,0.007905598724297334
0.5365108387812936,0.5685074689014419,0.3313720631929198,0.6088075112615399,0.0013080567375100152
0.08401478081766482,0.7557096379620567,0.5330894463291478,0.8312259976948959,0.0015227167922349614
0.011216675558200145,0.7047737028395809,0.9828344437077736,0.8733451091634183,0.0014744611249729639
0.0048734381698868024,0.6647841538839832,0.6496008166801236,0.6837442858175826,0.008640141150210553
0.012074319855678424,0.37285569443434585,0.14523956756241765,0.6278290004341422,0.013693313223947939
0.005714696213185165,0.2277403194037868,0.060513985783575315,0.9806372759841939,0.024333996443548417
0.03890567381263923,0.17010866275248018,0.04510981061749506,0.45962844967980165,0.04164246407373106
0.12864741290630574,0.23338748308509405,0.0419242169559077,0.22251525427625551,0.4037799120776142
0.48800718928981135,0.563164512853136,0.05033539885396127,0.537070460529282,0.4976165591952494
0.9934716082679018,0.6313286708315051,0.3882978809536778,0.5336933367291026,0.3198878857354938
0.9693748197023652,0.18000788849233051,0.9879759388758296,0.572784003571936,0.09638325903393526
0.5404364073586037,0.5969656940329371,0.4104122783578833,0.2825172576569736,0.033105544564703
0.15886304875041615,0.5191058972788848,0.17314890515428275,0.09290107426150367,0.027439008844548963
0.030873011887005967,0.636457818621319,0.12504064652632102,0.009929314684647752,0.025465593583098623
0.018483486776689255,0.7209176359086809,0.11549178018531828,0.0009204967088282241,0.00289544923883955
0.010884145734234414,0.7071431304673457,0.030321977438438234,0.0010031290622150816,0.0018596021139833123
0.02115646841280428,0.718276982832568,0.02188611662541877,0.002278831501133319,0.002014854817057703
0.07638314487576477,0.6796069300668333,0.032726129001768,0.012805675207117014,0.05634582332721534
0.2857200415194019,0.6849949961027377,0.07264874289397925,0.020510441901806262,0.22083721826911393
0.7922835620707748,0.9596026047027102,0.2971969133322269,0.2343422605799748,0.48568915350033615
0.5534400419680195,0.8748782647084805,0.9557468048255781,0.2466995732720544,0.8900058702353583
0.6426079428751991,0.4924014489979117,0.4219987052126487,0.8581746424648736,0.16475792849228738
0.6989120829162294,0.16450624961827578,0.2399285344454759,0.5492987683347408,0.11761747331027031
0.6763290057268878,0.1363142265260322,0.20208621359933573,0.1685771739817378,0.16032943796929983
0.7021761203892802,0.36764749752531667,0.34534677097165145,0.010486592333579957,0.20434243241475422
0.8802676266602596,0.7399556641628071,0.23249589963845316,0.0013975332986954207,0.1318182788812182
0.7798853160379213,0.8904281078291842,0.20335319754528466,0.0001363455723168077,0.06312488337450446
0.9241460021670904,0.9666709056438059,0.17779756142170294,0.0008287288344374879,0.2074408869188244
0.5774536794450882,0.8565145499366575,0.23993056541175303,0.005705660362591563,0.3323773232505767
0.4480115079226198,0.3395125169545373,0.22040849685782266,0.1217362080356349,0.9342216828777256
0.7765302718838109,0.19046209973692055,0.4357891812646921,0.14625157109862066,0.5783904651420917
0.6272250930660759,0.1402308099623902,0.4316617243169838,0.4423932397656378,0.13256518876752663
0.6515206604268959,0.5605458016755961,0.457880025491714,0.8972550205058034,0.10042032548353257
0.832152988450636,0.42966754077349856,0.5402439231046878,0.45348019358207126,0.12300737608664856
0.9235822032644607,0.09092605315200127,0.12371586229696457,0.09685075659881597,0.28124651035456133
0.7127957575629678,0.012265627609709373,0.05248508282608339,0.0033967003829102047,0.13180821271994422
0.40281074781081483,0.005068066795321949,0.03092373945367279,0.0001067275252701579,0.04076436401008781
0.7445579696522403,0.03664782562977601,0.1089727508415161,0.0012106737678657985,0.08139212926451116
0.9692543573338239,0.14714071620812322,0.7327728952990658,0.006415786562861694,0.08226945652994266
0.7580458599271145,0.3945513020649818,0.6453030779297737,0.2020839120820593,0.3559173089352762
0.3417514862252057,0.5158714898280488,0.6843721853579225,0.3840131490027727,0.3863587735461571
0.21394104619378265,0.815555248382288,0.7196442623718913,0.49830008315866403,0.4361932679835475
0.16422326759149228,0.49934744811898624,0.6018115057678921,0.5366358646997433,0.5683465566063931
0.07934079423861425,0.5730481786852082,0.4931321035053863,0.720736065967714,0.9683087399635573
0.0894544195934925,0.6167937743235501,0.38607157874582354,0.9785706488024326,0.6397643109284076
0.374679534798261,0.1335422249908144,0.31602761052591355,0.3988585980464401,0.27448693453750206
0.942761081046442,0.21515431642074598,0.345695622724863,0.17265634896931223,0.1106372165657378
0.5477486301770649,0.4700222839532274,0.439601464491028,0.4849196437440655,0.17220040982762375
0.7727997153503231,0.9853111596260755,0.8473588388331121,0.9639779477596382,0.2709115043765802
0.920299304920071,0.9223864830309421,0.4534885221974849,0.12222172924987719,0.5998129632813414
0.6190607919627393,0.499009715237816,0.3793894595646973,0.018582816346732856,0.503052202878266
0.3621586099203068,0.2148253464902868,0.6177167145377874,0.02327312510213879,0.563634118429063
0.2517540989581969,0.13246321787624477,0.23634558451453747,0.052088850265936446,0.9193394663035455
0.04376935543879365,0.07169585776842731,0.16530531203074528,0.2407481897517292,0.48015399762194055
0.015017959141534394,0.22354057351306758,0.4101909908921939,0.18685675653005981,0.2763670585231954
0.11451412620290762,0.5926155544452529,0.45311535604702724,0.1828114477433497,0.3235929604419705
0.6353952844878306,0.33320984919898167,0.48425462192382374,0.13502190523682422,0.3402648230578872
0.47719184241708745,0.13061138158306676,0.41415071714148965,0.36828780433943087,0.8028299156872112
0.7157517210769304,0.025494642442164143,0.7150732070206747,0.7256141888841813,0.5761784451717025
0.6602246464084076,0.026611871018885454,0.871506433930526,0.3802716469575883,0.2969462517880481
0.6822028700002326,0.1004875742139376,0.8462203598356423,0.21516670435562069,0.4771015064772893
0.6875043096029106,0.27944322390790344,0.8332996200340353,0.4192810684363595,0.35025334965364907
0.3717953674888911,0.5987598001242063,0.4695610624572054,0.709451651887923,0.032639086135946176
0.04837240341971964,0.8824570898459658,0.7629534230453229,0.576508227773634,0.059654687332364384
0.004128140990437691,0.6629883439363948,0.960451133562176,0.8969050242778942,0.41093768472945
0.01879830974250093,0.4393126542071488,0.6559804410850429,0.9438223503991544,0.9115088871836659
0.08082687680824421,0.17282012497458837,0.19503018015821705,0.709256509707995,0.7327581867012551
0.07729086846781283,0.08284216347841436,0.03183648715130271,0.806660076519107,0.6469924478220543
0.48107131022369465,0.14106156407686551,0.11528185746095392,0.6554389202479327,0.6045686620764492
0.2714210007437993,0.2044550925353118,0.11183148495687188,0.5875820369406256,0.4273615919490764
0.33337701968152667,0.31995089655292547,0.37797155667751314,0.07858595516681582,0.8433274817171788
0.34401887924235186,0.36187544658047854,0.5576349577648445,0.016136731669910323,0.8413582526842358
0.7323131384038486,0.8012584092213666,0.6986386297599896,0.0010659510430906013,0.9551411425272816
0.6048844175092665,0.7814311037549737,0.25412418904909934,3.667394343222002e-05,0.6651572946703466
0.3216386623125762,0.13589271063669464,0.3095227619920534,0.0005968040788743295,0.1955675916938435
0.05714651658574811,0.041440108140402526,0.4229017627310676,0.002416683495010773,0.015472693603114466
0.008369885703077092,0.07305268559466413,0.8522826026499415,0.003764334327598439,0.029414695794423067
0.0038841896347350767,0.15007952187183515,0.24972746446269564,0.0020638252948985566,0.14554187378584935
0.019532198953612093,0.5963146229372851,0.2630889007311273,0.0027349973392718713,0.266752657746834
0.001982612949253126,0.8517701226962182,0.3033523550657152,0.000630937163991873,0.16783180219946472
0.0019124340457681813,0.8710913338564832,0.5168403803142427,0.0019779251833555544,0.32125187956037077
0.0007725029551971007,0.6992560944880606,0.5176690794781345,9.385912137678866e-05,0.7972450522292724
0.0014393928452017652,0.7859507467636009,0.4226195625723398,2.545868078771634e-05,0.8042162451049651
0.03010465386857469,0.7885820839166644,0.19600525010674208,5.4553065315696764e-05,0.7328290387553539
0.17746462329094992,0.6036357978711264,0.08812435344502238,0.0018079835103825296,0.31592705974908336
0.8419760635888232,0.6939258432175944,0.02608597171968773,0.028345262818603008,0.04020294302014343
0.7620605207315707,0.5976680891493138,0.02079996801810928,0.08817669569509982,0.14882606983036878
0.9535198458265559,0.39382682756805143,0.01677941588996311,0.24283944828264964,0.42914879237684633
0.8060890500655042,0.4409144271783366,0.06208209846557007,0.3133803537967149,0.3096726890598369
0.6546798458573713,0.13501704138085324,0.026409781656506585,0.732413422105846,0.13478836841393937
0.9318738211526242,0.1531413999188705,0.0705734527463913,0.8234184198993896,0.06306145354719964
0.8860630312350997,0.6436934931570721,0.11803486715017002,0.3335801409063204,0.08809715944493589
0.8189159657201248,0.7675744495542723,0.6952542682953258,0.18673684125839174,0.34456088914362504
0.2656692545640732,0.758824844917094,0.9532489719474668,0.140498330854611,0.2164207768449663
0.0691476265716548,0.3657776547149315,0.26963318698635286,0.133734775514636,0.6106147333517316
0.0616384344109003,0.5780469730558182,0.01774368013494895,0.03636737419868293,0.7196041726635234
0.1262986292086647,0.46885251087859314,0.005781458474305663,0.00797982950567947,0.7056836328394901
0.41366224947697416,0.2688659834797107,0.0029186546817237544,0.006235803635501127,0.9474303680342444
0.3831566984397623,0.6903379101026998,0.009132668449543097,0.01665829189061634,0.6017313846362886
0.5487196151619351,0.47431007434088124,0.0012435652449811077,0.00243728810845698,0.36569292380971896
0.9394617056868126,0.2392151303333172,0.00037846831496103845,0.0016393486413155587,0.20802882028546035
0.7426322626368611,0.31100496084348006,0.0013524142105979112,0.0009153133280005867,0.22558733702881284
0.363707540322327,0.35781274940123076,0.03073602199246101,0.0071213594342440095,0.3314514492651979
0.05973829267480538,0.1319384683903781,0.1985669309999515,0.01989408894041803,0.4626977609005548
0.01963505949823268,0.14672592999550715,0.7465823980076682,0.10589688041619746,0.9435746559962923
0.05933212816215626,0.28470017259829733,0.34363969957047324,0.37527268985284556,0.3802494258222071
0.11510812253248856,0.8428683015019833,0.13645547391739646,0.7180782506376799,0.264135513672702
0.13427421694892766,0.6633959735552161,0.03544030679116936,0.41028463957532224,0.382854328982163
0.05536631706473205,0.7260581106965118,0.0544023044306383,0.09783256436537825,0.2988142201190968
0.03385124615033757,0.7035251403124317,0.018113958362999817,0.15399871658122607,0.12022785301179013
0.03242643822551832,0.8293462728595412,0.005847342990374557,0.29066707106665746,0.04130539890540292
0.07669700461606097,0.9223415374628492,0.0041407968104453545,0.35538422529143354,0.0489094799388426
0.16563377719294345,0.7662120763222267,0.015512273140822683,0.1679238508323387,0.0861509395379892
0.31028190151657553,0.4125617378042795,0.29105431982895624,0.13971893658469153,0.24633942166844702
0.2567122208571042,0.5803513745662763,0.944406599844334,0.15603012454584197,0.3352754409766523
0.2360591533960289,0.4226030090948054,0.5657847766095898,0.13204603933729903,0.3653155976389142
0.6660297402455282,0.7596544237343463,0.4736222307346035,0.1471219949215312,0.33203887873113025
0.8854384940971262,0.5936116885725469,0.3760497575137429,0.3804535395516142,0.37483181675735255
0.18759821851290204,0.1211923088486704,0.6088188978924041,0.7115549561622692,0.6443272779606947
0.023376511822693364,0.03509069086029187,0.6955495144569656,0.28519193960382755,0.7423542074609586
0.011600070718174756,0.007640153601840287,0.5984097765984293,0.08182617527193844,0.14401490898047467
0.021858012354871812,0.002177616848990809,0.20355877035582884,0.013096491898842188,0.008676060510800884
0.04345973093702671,0.10254140100753212,0.0817514388813023,0.001962632912496194,0.007617039646984409
0.0496586790228184,0.4455496081857009,0.4590440396572293,0.003188899627781163,0.03152698424977477
0.03396708332923556,0.7826302458481763,0.9101716525677954,0.013289410157395966,0.021456000785811183
0.11829768439071925,0.7583727580852057,0.9303963192557205,0.024039378529423377,0.01654131273354596
0.5144442620414468,0.6304474936716443,0.5702640624267342,0.03200325595606733,0.02187503091598474
0.5836568461293032,0.4821346363851672,0.24873210915553318,0.029917383634303327,0.04475296520889552
0.8830021307640818,0.07090868261520805,0.09312374296972552,0.1444866019482446,0.1461395040799799
0.5241353664929447,0.004142313690080529,0.0712315511817345,0.8906565807925637,0.3795478014189272
0.24075140671564374,1.2176084279381874e-05,0.0943202143180765,0.2515199464563541,0.7411410148216162
0.07475280743864784,4.402341034637266e-07,0.14245235331322426,0.018697561946533617,0.027936194685402697
0.0275206917770442,4.8514352330123074e-05,0.06861404448107834,0.008183135381197922,0.03248975861830908
0.0027374321590630216,0.005820288820317804,0.006877253322063702,0.031449762577194174,0.10261551967176141
0.00019453730181432193,0.08167348220534298,0.001469524741109276,0.10478523598136937,0.048690200488049534
0.00021163184732584257,0.159871470470022,0.0011471513955935697,0.18882648693493173,0.0479883978244998
0.0035685491553560274,0.3240104611477792,0.002334118480117696,0.23077506201255088,0.4144861887581842
0.0019460019568232438,0.5562896656120089,0.0012957305673749052,0.19405981012979806,0.8922494138864682
0.0002829269461515915,0.7818235818517172,0.0001476073916646928,0.35883958979911135,0.570837403578971
0.0005572649018258229,0.244278264627414,3.3842383858492795e-05,0.7748299357066133,0.28998041499694255
0.00959730752940276,0.004755429582503435,2.8263982756631577e-05,0.06894371107180491,0.03297633523842858
0.0993429773363546,0.0001900724866350656,0.00353671031523494,0.007529029524330537,0.015629399817923433
0.236260395446356,0.00017194567774446437,0.03721405658138356,0.019769990365410835,0.03159144539887444
0.31882296630622,0.03159556036695515,0.3091930881201371,0.09832922954275025,0.1306655467061541
0.13236002639832636,0.26706628299790336,0.5320313221946161,0.2389654010066835,0.06723860985996338
0.07198568446069385,0.41691075272805833,0.8691073436827381,0.44856787956444855,0.02084025785184317
0.03526730839795033,0.38577555618665393,0.8224116276014422,0.4930288748232008,0.10042751154640481
0.21969908705732183,0.8343986525517406,0.32700719526071576,0.7385666272352354,0.3479283266326627
0.8071009849359116,0.9450956408182121,0.1694988810397868,0.8731169082694923,0.7554176988812514
0.9467664213635996,0.9648896302995408,0.10192039609056808,0.6481427636165482,0.613469217332083
0.9519505943381615,0.439118699580789,0.015882278958742016,0.08548046671065328,0.46631666903246893
0.7473211170542989,0.28353693310163797,0.07228353441487628,0.019138927955631883,0.46644957209374904
0.7823715957378492,0.3687951082616897,0.07618656012461322,0.028263289956733575,0.4592993077593577
0.8414991812126833,0.9248563409586994,0.07037549104914449,0.11595122277130133,0.5517057705496314
0.12562679067735605,0.3656575721788857,0.20878374810502176,0.12587815853276277,0.2886897993699413
0.04678467081175269,0.1550487893483087,0.9068182710268219,0.6416107006267134,0.026776989020099503
0.010524569340328993,0.4864248515786531,0.9380740173340693,0.7100429488952927,0.003483941306772673
0.06712233608612503,0.22246815101788997,0.416501666158966,0.5774077134139792,0.001572199046389623
0.3845478798890195,0.3824079468979168,0.47155691268275624,0.46268081300818087,0.009914195006899872
0.5269241521419774,0.6970777588136483,0.20075604280585596,0.29683882597243194,0.23018178140002662
0.6469582708478592,0.3995427207457558,0.0707658949822999,0.17208224969892014,0.30860057599497637
0.6751822219787296,0.14834334285511547,0.01729429532109864,0.08801369342512098,0.5695678999705953
0.8848858539201656,0.20088422002791398,0.007033493238293432,0.01969703099883666,0.6387740932456257
0.9452033879271077,0.33515639636514416,0.000508467872580022,0.0015160810288729813,0.8215949256519158
0.8838732355385746,0.7373460300849917,0.00046989539528049504,0.004029747529608057,0.43891183841726533
0.6370683548895719,0.7179962118874876,0.07005594023836406,0.05369472764275337,0.04827778496416599
0.6911935919576233,0.63611127192158,0.14309769821272086,0.13876426794791116,0.003116838784405723
0.33668347002589416,0.9007670597101115,0.6781666332426217,0.5947016636802747,0.0002280788619793597
0.047906909777300034,0.972389463446192,0.9078043304882202,0.9186541180341865,7.123130101293621e-05
0.023684479825757578,0.9307458873618988,0.41570248142020605,0.5699850158624532,0.0004674860746954293
0.021724718500826048,0.5863599860025246,0.41009836077741757,0.2822123991728614,0.0017924362016755917
0.021596754377837094,0.10250863972152992,0.12779368543792197,0.024320733163292047,0.0021202849431685915
0.009604085924844062,0.02561560757432072,0.044894467979120486,0.0003748346154503651,0.009712124537656535
0.016561415808731283,0.004689354079598609,0.0037880448229339427,8.294437048494659e-07,0.052079434892431664
0.17747021486813566,0.02490303291733289,0.0006358936706599171,1.0912316713054381e-05,0.6933394532581076
0.6548581860814344,0.15355155844439525,0.0101343749857952,0.00012216172907375628,0.3778681424280621
0.9029260696365331,0.08435247918209472,0.08578329276944022,0.00041267888144023735,0.3063797076077084
0.9296462089715962,0.5725791657230612,0.5514538496499626,0.009014790896726535,0.05561497130676278
0.6506509852969087,0.9660034471283883,0.9052957220306471,0.04924876699727486,0.004371792568665006
0.331751880643687,0.9164519692928195,0.5497554688259259,0.34458667971475077,0.008378004403150303
0.16850900436226815,0.5557434547659108,0.9226546134701155,0.8926937396564537,0.007000835601397163
0.022479428886969615,0.43417515390688644,0.8957091340645283,0.33646791032476153,0.004180093224760869
0.008642971627242996,0.13747537629929105,0.3755514261449251,0.022976657370426055,0.009062022359324599
0.0028480874678709174,0.04810974205803199,0.10074552443543225,0.0011868424638768016,0.048699532961542155
0.02989893735373783,0.010093889102355248,0.1089943866666315,6.348135322968995e-05,0.3221919972913295
0.1335041030478658,0.016287797796875444,0.27691539169117996,9.80525227652488e-09,0.7953906120627516
0.3681510350505133,0.03893572973753881,0.8976828174689782,2.1044351692499097e-08,0.6917649734360094
0.19734544530273634,0.46458481288180575,0.36248839202222594,7.696283186310006e-05,0.4672587798683512
0.18880053619104967,0.993898043098491,0.08677636838342487,0.0029870977058885076,0.034405714881755554
0.16211256429089654,0.5069766773331208,0.08835904980341831,0.12995009058050955,0.2151069394237231
0.13334420374146605,0.3088158903815314,0.17675568388468407,0.5023489431346105,0.40860621292702815
0.19037021760394746,0.3347332006921079,0.4432192364208619,0.9321583064980885,0.48167730433718303
0.5809174450535117,0.21925378396954623,0.20014316818917266,0.35990488658510145,0.39752328911514223
0.8049083730063873,0.16649702372573635,0.10083632178289714,0.11304978716270009,0.5786990250869379
0.9532827095468888,0.020514695335956897,0.15073344638753694,0.005849138049643116,0.7960041075299571
0.6055559962639828,0.006192626438927424,0.16229386499456255,1.8400491497032875e-06,0.9121033188949683
0.5310537261131473,0.0005928482057011221,0.33825452318487315,1.9504567060218355e-07,0.914974022796178
0.7775788405492727,0.00026184105434554707,0.8417773465584173,3.753560050431425e-05,0.2837611163043292
0.8425011146011591,0.00037866989074900807,0.7370798378124821,0.0018634651640847895,0.06537690193177305
0.8695836571639727,0.13011721074438662,0.83565330296551,0.05322069583800276,0.32181492036179177
0.6417427231188545,0.23552238069840242,0.9262096904572987,0.10065261786967342,0.7011443326894261
0.5949827856952017,0.25595531884561173,0.3007899512322658,0.10792202784666732,0.6561499227026958
0.931388764789433,0.21708781464390473,0.17107989695870063,0.08070280124340144,0.3203255213732823
0.6714727872231967,0.29128705320397974,0.12687835553246843,0.1934577894083344,0.31624047279356615
0.9876534790794138,0.8253339497601513,0.4601325940262956,0.6594143411344484,0.33170970907592556
0.7924965785263374,0.8148681740622461,0.658203312249994,0.8356368069650031,0.46118511113043514
0.8962297739151868,0.8884761469593481,0.5731426886125056,0.2924350416264948,0.8750314971972134
0.6046101568860034,0.9927440626085615,0.9825509659797231,0.41222325300804485,0.9762777798040116
0.39668372889178305,0.8863042898835776,0.9752376559215874,0.6329348189289546,0.9949179667799235
0.23847139340306794,0.12642198457605272,0.8822361561870518,0.9590018762660947,0.7873630602619045
0.22273395438757293,0.5267673054095174,0.8430811269116947,0.333101047992011,0.731216734415302
0.47189292248899306,0.9568574648567049,0.48504206396821836,0.05303802294688922,0.27412567231363155
0.9746402744132066,0.5445316099565296,0.19934443437946694,0.002524815627466259,0.09538771594254679
0.4550698848233601,0.7302033042247931,0.23238148595326433,0.0029605391083341224,0.05753569297647989
0.5546880198936559,0.9675168630825123,0.5404514137333662,0.009505478231263824,0.20939032863201787
0.46626960911379656,0.5506848691551002,0.45614980880571654,0.0263103704250848,0.5132701677894741
0.2800546080930564,0.2317629126846225,0.3608984682236591,0.09480970956551184,0.9721017504390981
0.3034337507166248,0.04962647116888139,0.7132140439761194,0.10454558969512395,0.9700359139101594
0.24283162323008617,0.016203753550598107,0.4901431474022958,0.09485868250598291,0.7987605584211657
0.1205499592620733,0.0029878516975816597,0.2756347945281973,0.04431367537669984,0.2580917923436148
0.06979398613541776,0.031374765105743024,0.21352033441760593,0.18722832247876783,0.191202383329835
0.1120705384864432,0.11802381649162962,0.32829144675093536,0.7023237014172441,0.0319030945768155
0.5156775102364174,0.26813258694901676,0.1608768260344275,0.48092715903396,0.07047785112332104
0.3165652013683099,0.10102547377198946,0.17971186375199374,0.25380925486085243,0.0633145546077726
0.07614315217211726,0.019157389180746328,0.5145996951497802,0.5485106737752924,0.36493045976743743
0.040627385577880086,0.01013402621410956,0.6934516875138634,0.6923741824060747,0.8893314910286381
0.03910690767051078,0.009762943702540775,0.5564528771848245,0.9257525556208176,0.989812335106413
0.14343058698110836,0.022958630492248666,0.5871291187298029,0.8156171017864592,0.8637477998140142
0.4768907871178786,0.03155406827922559,0.3206912500757406,0.458619748742217,0.4316936407653883
0.18155219705159936,0.11962195322321338,0.17472623876769058,0.39305828566742007,0.10929567536674989
0.09098120032965708,0.1430701448957223,0.10961593443102403,0.17977765723034758,0.5853513695915872
0.050311772849778065,0.220250026515318,0.07701450599303625,0.06347279919871676,0.7807207228229558
0.09488170486958919,0.2780810399535943,0.02899950707179815,0.062343012475084204,0.8172567873620162
0.38086058183085136,0.5971602788109919,0.0004439133784034456,0.11274900405093996,0.7008545163733197
0.9830698244393588,0.5898939771403188,0.0032195023148336994,0.47749630887288363,0.4846353737519028
0.8930409562781696,0.16645164190876388,0.06189908954693349,0.8133808889541476,0.25398812943656235
0.772011106967911,0.045770193598752076,0.2277388405395726,0.316452519467231,0.3282474783741658
0.7290326212744145,0.0013014737407738381,0.6773802627049981,0.08969306238647881,0.48125974224948975
0.43316073445333714,0.0004006641045077956,0.8449477657840109,0.006393696729714098,0.6137042262002146
0.8527259618432258,0.0007704785656412492,0.6991706132016758,0.0009736759846138523,0.563302499779353
0.8347828915365885,0.026641943860730776,0.780756419054881,0.0012049606318581792,0.6804539521351032
0.8977215187228618,0.051716124704722276,0.80424427375458,0.0018518520105117436,0.14697251597482897
0.5992979462351014,0.02763781268203515,0.5247839923700719,0.027671580863274946,0.035121216044267746
0.5366011819914496,0.01753710078678,0.21798578115005474,0.17387220914143572,0.03376911221893521
0.7790344937314183,0.03001675948864551,0.1999055683028985,0.4620869769556878,0.04081554642129654
0.33062325501724465,0.028959367087515932,0.8288934269240411,0.6859593598660149,0.018647786401949747
0.1561271369712877,0.08670103493908553,0.4751166673764343,0.14527772057940386,0.02066909753127349
0.1393871900755171,0.4885751277791013,0.20553634535701742,0.01589017142112865,0.05689996736229559
0.13438330907520588,0.9695329751105322,0.06458201596745862,0.00014474624211924405,0.20530535419320053
0.2241742283892972,0.5218574487612379,0.19894079370235104,1.6969619238505582e-05,0.263600808184244
0.3752528126290211,0.8974503842505309,0.7910808282505173,0.0005018864010482454,0.5010976837688417
0.8054405411088468,0.9168512427187094,0.5130097195448449,0.006249971581387774,0.36094405079493896
0.800207996573874,0.6882019802375297,0.24702829365369577,0.08930946668470209,0.06242130711776198
0.8647816450643242,0.14913535900882785,0.24216594560955115,0.3244317120705572,0.15971310890147458
0.8278198129393796,0.15807885468253438,0.23333845426493655,0.5165571128341286,0.09712048920728729
0.5888516568231721,0.12153549077362087,0.1081396726733604,0.8876125137164712,0.024788063829997934
0.9187500064673655,0.04801349047242695,0.019446120411591345,0.6988135999756402,0.010506163753837042
0.771651901566411,0.2568382105716107,0.019853491337016905,0.21799842413596288,0.004636099946585436
0.6100990206234351,0.8004420398809358,0.022402842266820416,0.045597294740553185,0.0020859563298330787
0.43206909162669815,0.6832439642225816,0.15667508304432162,0.031590652337100004,0.00804204266667508
0.1692234192629575,0.8853883394255295,0.6363112659687604,0.05260647105285723,0.03760402027903362
0.027259730144143957,0.5959323380066512,0.5025943546862747,0.08139118495604279,0.5575399968175085
0.016840016401583807,0.7052152172026189,0.08185234415790907,0.13883185103971046,0.631990188158877
0.03496599710685076,0.41495628992724076,0.1415752063875539,0.07720601684609188,0.8260383415818824
0.19058945415926928,0.3598612255143748,0.06999142440437894,0.07895298201110541,0.2868032244678243
0.08035390966807752,0.4477673430978478,0.06312496006021977,0.01839792158412238,0.09104837968009533
0.2382082293946096,0.18792914000613548,0.012899002955663845,0.004371204777684934,0.05158396700318013
0.5806800987488229,0.3205118503571506,0.030606099461060424,0.03464552398913003,0.007290477626626826
0.9447450335277952,0.7773790044586972,0.08379000895769255,0.14666218185756272,0.005111625128421499
0.8010485207164542,0.7184086295384404,0.43105050483313656,0.357395155521642,0.05903458122713424
0.5314630003688365,0.27010823384116145,0.8046042329487972,0.5273389418816117,0.37552776195115123
0.2285865922997482,0.13959545741785234,0.5847483569634111,0.572824169346226,0.8236475642706679
0.14816589612990272,0.19481279819958225,0.1187111359618585,0.6761709360655921,0.6478198829745223
0.1786230540872733,0.7037502450025033,0.15598526084744946,0.9561922577522025,0.7522343650103038
0.27416102883585614,0.607950236985942,0.018229160278613543,0.9080473519522109,0.21681907614217985
0.12386158298935752,0.6159429393240814,0.012574814278608971,0.784992561412251,0.13274182825400932
0.07001185349267526,0.3868564131698945,0.0032404021874367465,0.7275312705608008,0.0799242842290273
0.04521118802563979,0.25341647252495914,0.05944353812012699,0.7684746954651654,0.007562686962800902
0.1304141662236185,0.5412492898884756,0.12196850863057841,0.622437499338139,0.005992862996634148
0.17598202700207177,0.15428973191854667,0.4333593545083476,0.4053769569919664,0.044985160243467145
0.2178349061580552,0.013597999687621693,0.8657471331588565,0.6989995378268169,0.21295848698160613
0.3732647309026337,0.028513285733531703,0.411208064030003,0.876130834911158,0.3121478818343103
0.8080188881038868,0.03209909901259193,0.2069872465697728,0.6593058683727767,0.35082684057565894
0.9549419590954549,0.1803316234267476,0.33826466635886354,0.5342720124398571,0.30415004233122883
0.5085521593697007,0.2078277604366741,0.24922948168052733,0.610461726198136,0.8342282041718365
0.1680808478092888,0.24925352409645787,0.24687541709610633,0.5419745604628038,0.75095787869347
0.05618957237660176,0.19540178419042553,0.21353432707369263,0.44968653988368545,0.47260595540294925
0.03508514256289662,0.21661167455108815,0.5003184912299016,0.49210445507346623,0.04151932286186386
0.15820505844647792,0.323225451070528,0.25135550123733796,0.2815394612429924,0.005662773274509979
0.1767563697313534,0.556966006856102,0.26920576191927875,0.29305876074530546,0.006489010488885545
0.2042239390784758,0.15584688533898963,0.5901268261798873,0.9015750717789329,0.00746108343759821
0.3356883540727217,0.19969297300835978,0.1845062991533924,0.6948694680792811,0.012126497282199989
0.6556017990111299,0.024664048441307086,0.2904066712421351,0.2709374798969823,0.012176423381369279
0.9107391920108949,0.06267855468748978,0.9393513411569334,0.07518575162683185,0.032123567012687065
0.28096341103231115,0.07824930165087025,0.5654605402744766,0.2959778168777278,0.09475167698209642
0.16650448163003967,0.03807519031001169,0.3510037696409811,0.47545772264193054,0.27929899192422275
0.26554818795735974,0.011968904781645962,0.28362439849129606,0.7475363565271707,0.7516173700948767
0.3219718002723731,0.0010827943154190296,0.18477280481332106,0.9682892730514695,0.8262197355056804
0.8997505494497335,0.008937465723169112,0.22168836732125283,0.6050632781097394,0.4282932816610717
0.7788573150101573,0.025387302221491794,0.10320238687914861,0.3436549799687193,0.5556455950052053
0.5692527114845587,0.053658409002731666,0.0009471849402705266,0.06675262102620436,0.4350862630903106
0.35022530445046596,0.021837647959125225,0.00020087513027523525,0.0461581665642522,0.20947426133369929
0.21230812053052367,0.023113974409311094,0.0008877528595430657,0.004970267421732859,0.06859968761514866
0.03629188029890866,0.00387082975335138,0.009922575093612038,0.00041810121870102364,0.3839003722633991
0.0024095017978118926,0.0013158097906794642,0.020140725317340392,0.0075894731491776704,0.6999585493287765
0.0012760775338742092,0.0032137579510491403,0.07168935367638003,0.03068042201899046,0.7765844450856311
0.002039006900160207,0.01795744588014513,0.23863089525346207,0.03953204353210262,0.2717959836483653
0.0008005607860549126,0.170351115760236,0.6849079868099632,0.06742709278441972,0.3832178716597239
0.003100482577782185,0.9140174032755609,0.8230143021510821,0.28195681011601303,0.3264136123383319
0.0194826339273502,0.8075341799334582,0.35447808616821264,0.5162957558789057,0.7630224542562363
0.14030833168248172,0.5125427537793401,0.040486374270939936,0.5833343324766178,0.9150554604960391
0.5967794739921801,0.6074976765992728,0.05432445552826065,0.2920505397342115,0.5479757727798602
0.9563547746973242,0.9034658314862659,0.036500682551392306,0.3951199134773973,0.18315422999593683
0.9021765544825752,0.7931065383638236,0.03061436378071975,0.08706369395341373,0.3741847490753347
0.9238767106146974,0.8581603381378261,0.014063940361728816,0.1385906088275626,0.7079990652215558
0.8119749559850995,0.9884801383208484,0.02876396747912149,0.1995438120420964,0.6075862813494883
0.6787303930121411,0.7410902280106773,0.049688646274018644,0.27827821056582874,0.38106243057245537
0.7971511227275729,0.20301596379616693,0.01998489176813929,0.30873346684402325,0.5124488866599305
0.9198699049018436,0.017597976625402797,0.01701445016601005,0.3095393172112889,0.5540737511234342
0.6372297182581894,0.10864402464924479,0.003395298561022272,0.8455593847371266,0.6580612877195757
0.25658969988754815,0.790983050061377,0.0003472554009289116,0.33087589557709307,0.5213128057402938
0.03859285957928986,0.9680234920200532,0.006372857412753673,0.08394614641691286,0.1241323585414818
0.011295136273671494,0.9955634050535829,0.01489067517403708,0.06829822638843727,0.013158661032994252
0.05949227013946922,0.9932353783688512,0.008400955064690348,0.01575493558734768,0.002207578739229741
0.3880100304281906,0.49079899137552974,0.027535661478027038,0.037641690588388746,0.010255070341948832
0.7644381322591474,0.5543610729387933,0.09510836548053611,0.027145403254074565,0.10129473531314664
0.9782688267595494,0.44352232984730133,0.45371664762697916,0.016076805083640483,0.27979074370538215
0.7547551216874276,0.04198478942219352,0.9652875744682502,0.0017905478594628782,0.31068295662996515
0.5257090298034997,0.012109632561087396,0.5395184616029888,0.0013470395036418357,0.32552494793761455
0.3522064410213712,0.0660906535987308,0.20588493255388213,0.016867433683598797,0.5736951853182649
0.49409389808433646,0.3273879502696244,0.0032890338309474756,0.38072041869315554,0.7836879178106092
0.7037840636373232,0.6485872918465263,0.005075741424745793,0.759963266187627,0.058054184986091995
0.8047560896494803,0.8668804551722334,0.012093320969331758,0.37644431529464395,0.0030030754351051897
0.9072222704139663,0.8879595142356947,0.002123990035637599,0.15151074652213886,0.00020001657075711124
0.4108116835876776,0.3370087355932977,0.03204923164024023,0.3112305150791318,0.0006483106473234183
0.060550387871045025,0.7302452536113869,0.07980128588405333,0.29782783995892625,0.002150103164760878
0.016735825396703433,0.891275426395368,0.35842860358463524,0.30680057563182944,0.025040552849505657
0.021951910114671343,0.6154574050897157,0.45742996948144243,0.06363895757345263,0.02166870650680289
0.005055219965902244,0.16006746455360757,0.777635521901679,0.029080213404272404,0.02016866612014835
0.008270562936080266,0.18903969583745261,0.7962583929392502,0.04947874348312156,0.04258740803881299
0.10134370060722812,0.24960174820961353,0.40165323204899384,0.26288299291857975,0.18291859245790582
0.6020204481111193,0.4914130712987028,0.14112115292631827,0.8840737336519053,0.6135043397528519
0.9852301780918822,0.7836549101088898,0.3000133730076895,0.1806064370098543,0.06336734788874981
0.9547461208341533,0.7405333953767765,0.39550208365883777,0.04405323041694177,0.030532906052280404
0.873918253431155,0.0973853261469036,0.6294749094663346,0.09150493330628483,0.00932803285630263
0.2639278470778884,0.18321484958168846,0.3437190891962608,0.12301733927636564,0.006693591393185597
0.207394087762955,0.22082049156856276,0.08571009603517517,0.22900325732987925,0.015041788828707048
0.09003292518383306,0.4274313047441469,0.13548582880241583,0.037201071394248345,0.0030833688515756567
0.007382980736276283,0.5986834716199246,0.2007009052582953,0.005893219201103141,0.0007547213172805488
0.006198545477987188,0.7377370242259349,0.17641629510027615,0.0033483714302298966,0.0010088366270731624
0.051056292236038116,0.6416840016023364,0.17332426927275332,0.02938937927959043,0.011983815599762556
0.35892940346104985,0.4772871595679644,0.1843637624677857,0.6057803216601333,0.09100244834310327
0.8952206789217458,0.987018882073588,0.3908607453313324,0.6326879556506136,0.6099868017446632
0.8471728235383275,0.7700229932536439,0.9512827182781822,0.32557072479584637,0.9139077147889915
0.9927235346737964,0.3182042426576115,0.2557463182891842,0.2687191351056394,0.28150579495934475
0.8217221720548891,0.0650706147152195,0.08492056851969366,0.1374319617616436,0.057685339208926247
0.9231722200864603,0.014526452552410805,0.01443554681834306,0.1408657884535963,0.18758599684101113
0.9873797848173556,0.02373816785052949,0.05118549673537167,0.022607813892794856,0.48405876379521207
0.8126638787935919,0.09578291701577668,0.21429265022844174,0.008770406135811494,0.3614660422509455
0.5516943857593611,0.2016933895493444,0.46689592176824857,0.0016668334672667903,0.22544218089917611
0.772078150759479,0.09763979250666456,0.4014986729072356,0.01799127845332527,0.4620927647122549
0.4943237267100319,0.022373096716248837,0.4613394965557711,0.3253177429444566,0.5990860562087965
0.0970332588893998,0.01485607870895532,0.7022627215298473,0.7432968269948226,0.8767340297955724
0.1938299853598549,0.001741412492763428,0.8719814599197983,0.8983554259444172,0.4877907202695132
0.2558396337301517,0.0009389037281464692,0.6504798444968181,0.6159415548762215,0.21304063199513396
0.2777791949685084,0.013328537137853405,0.6308167608283116,0.1882546447488817,0.1415315862231779
0.4639089616263299,0.2522970030780328,0.5537131048027013,0.17637941020760042,0.33920963061248866
0.41600453288442285,0.193598453428629,0.4935350443631703,0.03218872922152899,0.7397515734262721
0.3505083755865753,0.1821868024537794,0.14857072765294924,0.02130786803368926,0.5149200211812943
0.2576594080618227,0.223573089537775,0.016298182049512742,0.008180216068893029,0.2655483511698778
0.3155212751888504,0.5637481766718115,0.055849597247204764,0.023677703254097023,0.2964058834542351
0.6284163270324798,0.6373051976766522,0.233088967479139,0.09404337519744334,0.2253686090270435
0.7547910065564523,0.5655840094598162,0.26814214918445967,0.09791204305192304,0.4272726623289189
0.43264420603254583,0.10553458490195333,0.45088673835792736,0.20390037159319457,0.6754662499305051
0.3871805916420147,0.11602152432831699,0.5437655294569557,0.3435639020615353,0.5416975548884724
0.30307168862088874,0.4807703710594613,0.7447425681322735,0.836648103365317,0.5963897809421179
0.2317604142314246,0.9368843146819723,0.9242632027084361,0.9414678897557691,0.6891509658649984
0.706600884288164,0.4717108906739058,0.3077994383422315,0.10401926969238905,0.972130465893309
0.49729167505797534,0.2815722647011097,0.09447634914246462,0.00434771833627457,0.46510418621648086
0.21114797019157525,0.4853683074053896,0.017533369302717344,0.000513835344631454,0.2618214667841053
0.12870142367352408,0.5993624238591314,0.03018806842033615,0.0001410641010427903,0.09567710202135572
0.1134688177786418,0.9047170225597155,0.13386396323377053,0.0006658868745896248,0.07106394010584845
0.10700316507589956,0.4385663359708798,0.2868522151704457,0.001056142813746533,0.19095890789594394
0.04725806373294906,0.2933033489224565,0.6818034179774873,0.0045543311605077685,0.3608721722225139
0.06640719490006493,0.05755535088587699,0.738487335158295,0.009806937521411555,0.27757573255164625
0.05935427050031565,0.002876346996319763,0.9681317587957647,0.04401876563031659,0.6773184135417544
0.033936675733449315,0.002130804757869509,0.630580920869776,0.0759307545493769,0.9361802705366842
0.05462640084507097,0.008886007892174707,0.34324238962315845,0.3078603172947023,0.6241203831289508
0.30441205017430506,0.044849659479651235,0.16588605462664757,0.8887591573680381,0.23276002127364834
0.8179591850481134,0.012002508741766274,0.10943775874368114,0.31393609822470353,0.21553438150021653
0.41133725378024766,0.0015104543390537328,0.06745317790700643,0.011741702492737736,0.15638915020763436
0.04311089797213798,0.0009851739687239398,0.11135004315483786,0.023772384550484606,0.3226350747397998
0.02284447665019522,0.003996331668526991,0.19397207834780028,0.07260793996083238,0.9257363464400974
0.06534618024406202,0.0277599014676084,0.42778517028811136,0.09790321128969716,0.8158280712690856
0.1245299022342832,0.06597749828513423,0.5285868664208929,0.08007560262253736,0.5234724792731122
0.21654747958059906,0.4227189476172539,0.5528998875903086,0.17892110326496868,0.02843465697828066
0.011723401315653244,0.8213207195144571,0.6337486789125564,0.1198851471868745,0.02742511367049486
0.005244489003637892,0.49297474042832345,0.258631695335101,0.08142907227042014,0.4694908186472122
0.015288869787922333,0.1691899525819095,0.5228391217801083,0.09636405120990871,0.7905303580768891
0.018758190444219478,0.02625697033278551,0.9366213325033282,0.020761721766595412,0.8834438027694465
0.008663873627021298,0.0026799865335358484,0.3640174713970781,0.003442829111806136,0.8310181489352514
0.04111522044407324,0.0034399141767322704,0.3570962681775057,0.0024824434423229512,0.8675093979181446
0.04206454476213862,0.021054799107525845,0.365672986019301,0.014226127803539228,0.5779778901278281
0.021739191994881474,0.05341812405761356,0.5012886607141727,0.03741035850158272,0.7760035301085202
0.03112449115530897,0.020400093737685095,0.6757431938836584,0.12530321846687825,0.9731077179750047
0.14309794103903906,0.09894828252958948,0.48697496095296045,0.2022748457770942,0.9339154718445175
0.6403493613395093,0.24485535430457112,0.2836237438124253,0.9648911650622085,0.8681972552589714
0.6880448636154609,0.8253596332023286,0.043060314687459814,0.5797914926790284,0.23288117983798248
0.78513175327265,0.7094879677252757,0.06574701112115965,0.4374507208181402,0.04062104451429617
0.18880629919113467,0.34113205944032876,0.1664361640380569,0.19002298226624842,0.046144437416805954
0.08675541288288562,0.4925823664795279,0.46142740893177847,0.15112225545043406,0.06636522601154848
0.1072390370920877,0.658207177169848,0.6092838852037117,0.28596880173648853,0.19702601207970308
0.04997340933364453,0.7673135975900504,0.29872778050881066,0.22146020066181824,0.16001224870772024
0.015434976320541052,0.5183149830286422,0.27909126416925834,0.13735038686074125,0.24225791872447935
0.007905859276771286,0.9312546687880467,0.24619698781305074,0.12696258484753134,0.5338237239118615
0.0593107178841956,0.9602953383276668,0.24139225319522314,0.23582327397239733,0.9468239121936348
0.257981892056637,0.7643003676163153,0.5249551636228917,0.8369168340557369,0.9955105390361537
0.43091574990724757,0.9293656589913746,0.6195710959440311,0.8365286841199187,0.4881192923658977
0.9880242890805817,0.5914489423047206,0.19047298746213315,0.9597424658097446,0.06269921542712024
0.8094074441078803,0.9582359242682004,0.10475123720153308,0.9008591680337987,0.07734711506566441
0.8604636385540233,0.41111823349297316,0.1953795255797207,0.3327363431473044,0.17385437400101805
0.9357162275205212,0.5176451203111118,0.12553924242544945,0.05381379386418908,0.25241900782808857
0.8276892715272448,0.3684589569419262,0.02768139415124751,0.0835385292712305,0.14967457333793463
0.574441609357168,0.08183786454128832,0.03395788194644342,0.4543683199130595,0.07291281482202469
0.8285473474659479,0.3034729084877466,0.02954356718024746,0.9541500826828043,0.04999146163224102
0.4526412595846564,0.513189068263646,0.028913420566753084,0.48772837473807107,0.11840250351324985
0.11548456095982555,0.4998617431557235,0.2081171912924008,0.6670068358080823,0.046760964842229504
0.020021292072460995,0.2730426889302915,0.8752819679710664,0.936912380052502,0.12405310399005476
0.001730669653386834,0.07261014778016482,0.15701904208020664,0.7697195513685273,0.43146750534451983
0.002807158564083087,0.3582475732408489,0.02490357062394856,0.5237337229171608,0.9480420817888197
0.019013307642043495,0.8804606738900574,0.03978972392163795,0.12116402059458603,0.8547351359920132
0.09178865700575166,0.9039589998512139,0.010946181798097506,0.013717303883542552,0.5459442014350107
0.2699828370227988,0.6142958682864801,0.0036150135800991842,0.009513896662166378,0.3367498817917396
0.6135867357843752,0.7523627661083103,0.0009945682783693245,0.009737691668630344,0.22593696817298656
0.8777613851172128,0.891761279101285,0.001379044788822738,0.04746109575950893,0.19899711728265018
0.5399781436405957,0.914494244966305,0.00163415441843135,0.4909623058743674,0.09532586272963078
0.14678559749669856,0.5660012635443734,0.03682984201458943,0.8282480946245356,0.155476218005782
0.04898930645987319,0.19532602220346199,0.2611954010272405,0.9075617104379115,0.5668443484585883
0.012296087503352324,0.10639496997808852,0.8506309456639706,0.9281345976162374,0.9464948365948376
0.013494389991622103,0.26824294711171187,0.19040395952630573,0.42308582184085597,0.489975234001208
0.024590538149627195,0.8582267117212645,0.10245030933688246,0.09106450383896383,0.38320397821432794
0.06103797814561575,0.9420034544844349,0.010715474867338402,0.09058729250434093,0.16250251152659517
0.04826900319178355,0.6246057772878364,0.0010299735484262862,0.20303669088407583,0.07913625035400247
0.0198302376596785,0.8145156850573321,1.9989022348908637e-05,0.17091400348610633,0.09300021724612823
0.04945957038681233,0.8659627840911912,0.00018957868220826086,0.29779786929358015,0.09024762236536517
0.30968785480496336,0.5684952140178876,5.5239998077451596e-05,0.4001911918621458,0.06917861568395725
0.330243557669322,0.21449829990502758,0.0034352885160295306,0.814941328611578,0.35372179671659343
0.3788595951623609,0.0883786391583123,0.15549970387980339,0.9959966165144529,0.7432119523406797
0.31599580688456064,0.16387851151202268,0.3596818076371554,0.6642805101326514,0.921938833460785
0.781504634952562,0.10155198425714979,0.6419634245073461,0.30190718804676386,0.9233487311354471
0.8101226204277371,0.21866295284259746,0.9065858907960124,0.09551042144663807,0.9402416437980738
0.43610467939914777,0.10667451790724676,0.983448245491819,0.38399910478094645,0.6039577108477051
0.12455878184476728,0.036745454852433045,0.7992745056741353,0.9292099403077181,0.2639938475700168
0.04416036744803944,0.0053252100608915404,0.4921882421628351,0.8344116478067318,0.13142062317185485
0.12090436492193597,0.019044110921479472,0.4999044598527217,0.9222117918884992,0.008920004282974956
0.42426189986030693,0.5459080567489706,0.09647341772541349,0.7754604918837131,0.0023865297114885184
0.27149882718102736,0.6469366812841826,0.26774704228845725,0.8327118277448446,0.030437618726570654
0.3370754893534905,0.3366147058282939,0.731474302621212,0.4021657018777923,0.045783665633800666
0.5180464810589395,0.45365346469344103,0.6163147986106952,0.37610380768084517,0.14940673575201202
0.9116512732906984,0.1785296278154671,0.7696146852530728,0.31628540446861114,0.24273406248089474
0.9809786769762436,0.21644581749950415,0.7844981528598562,0.4595294907422236,0.3912723734320994
0.26170448107716293,0.0910725653247579,0.37662903271258397,0.11568738654787435,0.6535876875580955
0.06969089544600113,0.01644816023909245,0.4249800077199566,0.0069373776610340675,0.9160537419836108
0.04180812542238266,0.0011578891094288374,0.8796423151327818,0.03063876859043277,0.3853886872500497
0.0528447500854401,0.001957516379840398,0.9684872847935111,0.044629533516357414,0.04592175891603107
0.043070259851592754,0.01063547777116992,0.6488612232126101,0.04961493779284778,0.004352713219960774
0.01912577680577334,0.4464492514014752,0.8776418497360123,0.1253590678569289,0.010791703913619562
0.03614276247690864,0.9547789735851084,0.3603545753927512,0.8314179247522194,0.01862685234010045
0.17565311665162683,0.9942430916879232,0.6646282210588714,0.4950061232179013,0.06931218665122969
0.5294143986226519,0.43808077791271927,0.840467065031529,0.2549224878419949,0.07458695685419793
0.7676263096671486,0.28068600854489056,0.2947243904422477,0.22314132922414956,0.5472644112176679
0.9319632032079601,0.088448524780072,0.062208876992543495,0.10735159407743632,0.8828106633310727
0.7756912506488859,0.016838158086145905,0.06745369638002599,0.01054578754617252,0.4859365291646306
0.5037570943907825,0.001802759519477185,0.09093348238561261,0.002540225340109501,0.10781003642313809
0.1251224636228162,0.0009479507128929822,0.020183133561134145,0.00044623020100758123,0.21671328002759602
0.05278986011908991,6.403942189159162e-07,0.011952117230794855,1.539144988153783e-05,0.0801814508701587
0.05003063867427727,0.00019620331830405596,0.00016941919226845322,4.54940790563334e-06,0.17016850318839546
0.1332925154668469,0.0031635629399371814,0.00014625683493437507,6.0381978632415836e-06,0.2857925645763294
0.4460747596285898,0.005646318989296091,0.0012598566582461704,7.274238944666157e-05,0.11872483377174653
0.8437535999004382,0.00822878531922467,0.002373912223033465,0.004209039808623585,0.04537460490567277
0.9062307753492931,0.030706324113484458,0.00299315342179951,0.10266332820987975,0.16885529405502003
0.8452310643777328,0.23109371213573346,0.007674362665639363,0.3838088082743245,0.5039972519630601
0.9663697705193283,0.5439384316870004,0.032901360413075224,0.871927606190432,0.9641536040678197
0.7386338808739252,0.906693348152825,0.01853829162156472,0.33763574529150053,0.8521339019032058
0.24092957762553593,0.4354080652242889,0.0481856623772676,0.14405398234313382,0.8363800261144708
0.29971942219647496,0.013747672963100121,0.05923089130332283,0.0062187494219093364,0.7526286676827457
0.40317274263301106,0.1300748887757941,0.12079625459940876,3.1249967553607565e-05,0.7108584817735077
0.7595483757686583,0.6428800263363321,0.11603341285026418,1.345278796860111e-06,0.48461721316584283
0.8813489264205357,0.990997451171058,0.5562867162098241,3.9931984159679927e-05,0.03877821683534008
0.27507523590991684,0.9784385373195031,0.4284087544180958,0.008081281262015629,0.008246560964971984
0.3167638362917412,0.9041168972758652,0.4434839585999045,0.1940854685945042,0.0036608327668085005
0.9805594098882289,0.4137973159517324,0.42903527814716413,0.5368874792529285,0.014181869296392799
0.7461083214496976,0.2684604841265458,0.7165292788535764,0.8522600402875031,0.09570767143331556
0.7139631186409853,0.18712853368545188,0.8458809321420864,0.7598973598429215,0.19307747178181348
0.921148674858913,0.03169727039240513,0.2585136440471149,0.6227624485423175,0.3081057876833241
0.7579079669068657,0.03161237018709142,0.1792292943680575,0.25466896165237607,0.4841647846361332
0.9259993828871845,0.1341391297283026,0.12325450692330181,0.00818706846826836,0.8459489313077023
0.9301409378295327,0.44453463824435124,0.08037418883955284,0.0003406237712326979,0.4883369353575002
0.754160755268207,0.852920781808676,0.37771125670737393,0.01198747024579332,0.024266005797890247
0.671475475720805,0.6315715963837566,0.3077493333772645,0.14776881242170878,0.007905598724297334
0.5365108387812936,0.5685074689014419,0.3313720631929198,0.6088075112615399,0.0013080567375100152
0.08401478081766482,0.7557096379620567,0.5330894463291478,0.8312259976948959,0.0015227167922349614
0.011216675558200145,0.7047737028395809,0.9828344437077736,0.8733451091634183,0.0014744611249729639
0.0048734381698868024,0.6647841538839832,0.6496008166801236,0.6837442858175826,0.008640141150210553
0.012074319855678424,0.37285569443434585,0.14523956756241765,0.6278290004341422,0.013693313223947939
0.005714696213185165,0.2277403194037868,0.060513985783575315,0.9806372759841939,0.024333996443548417
0.03890567381263923,0.17010866275248018,0.04510981061749506,0.45962844967980165,0.04164246407373106
0.12864741290630574,0.23338748308509405,0.0419242169559077,0.22251525427625551,0.4037799120776142
0.48800718928981135,0.563164512853136,0.05033539885396127,0.537070460529282,0.4976165591952494
0.9934716082679018,0.6313286708315051,0.3882978809536778,0.5336933367291026,0.3198878857354938
0.9693748197023652,0.18000788849233051,0.9879759388758296,0.572784003571936,0.09638325903393526
0.5404364073586037,0.5969656940329371,0.4104122783578833,0.2825172576569736,0.033105544564703
0.15886304875041615,0.5191058972788848,0.17314890515428275,0.09290107426150367,0.027439008844548963
0.030873011887005967,0.636457818621319,0.12504064652632102,0.009929314684647752,0.025465593583098623
0.018483486776689255,0.7209176359086809,0.11549178018531828,0.0009204967088282241,0.00289544923883955
0.010884145734234414,0.7071431304673457,0.030321977438438234,0.0010031290622150816,0.0018596021139833123
0.02115646841280428,0.718276982832568,0.02188611662541877,0.002278831501133319,0.002014854817057703
0.07638314487576477,0.6796069300668333,0.032726129001768,0.012805675207117014,0.05634582332721534
0.2857200415194019,0.6849949961027377,0.07264874289397925,0.020510441901806262,0.22083721826911393
0.7922835620707748,0.9596026047027102,0.2971969133322269,0.2343422605799748,0.48568915350033615
0.5534400419680195,0.8748782647084805,0.9557468048255781,0.2466995732720544,0.8900058702353583
0.6426079428751991,0.4924014489979117,0.4219987052126487,0.8581746424648736,0.16475792849228738
0.6989120829162294,0.16450624961827578,0.2399285344454759,0.5492987683347408,0.11761747331027031
0.6763290057268878,0.1363142265260322,0.20208621359933573,0.1685771739817378,0.16032943796929983
0.7021761203892802,0.36764749752531667,0.34534677097165145,0.010486592333579957,0.20434243241475422
0.8802676266602596,0.7399556641628071,0.23249589963845316,0.0013975332986954207,0.1318182788812182
0.7798853160379213,0.8904281078291842,0.20335319754528466,0.0001363455723168077,0.06312488337450446
0.9241460021670904,0.9666709056438059,0.17779756142170294,0.0008287288344374879,0.2074408869188244
0.5774536794450882,0.8565145499366575,0.23993056541175303,0.005705660362591563,0.3323773232505767
0.4480115079226198,0.3395125169545373,0.22040849685782266,0.1217362080356349,0.9342216828777256
0.7765302718838109,0.19046209973692055,0.4357891812646921,0.14625157109862066,0.5783904651420917
0.6272250930660759,0.1402308099623902,0.4316617243169838,0.4423932397656378,0.13256518876752663
0.6515206604268959,0.5605458016755961,0.457880025491714,0.8972550205058034,0.10042032548353257
0.832152988450636,0.42966754077349856,0.5402439231046878,0.45348019358207126,0.12300737608664856
0.9235822032644607,0.09092605315200127,0.12371586229696457,0.09685075659881597,0.28124651035456133
0.7127957575629678,0.012265627609709373,0.05248508282608339,0.0033967003829102047,0.13180821271994422
0.40281074781081483,0.005068066795321949,0.03092373945367279,0.0001067275252701579,0.04076436401008781
0.7445579696522403,0.03664782562977601,0.1089727508415161,0.0012106737678657985,0.08139212926451116
0.9692543573338239,0.14714071620812322,0.7327728952990658,0.006415786562861694,0.08226945652994266
0.7580458599271145,0.3945513020649818,0.6453030779297737,0.2020839120820593,0.3559173089352762
0.3417514862252057,0.5158714898280488,0.6843721853579225,0.3840131490027727,0.3863587735461571
0.21394104619378265,0.815555248382288,0.7196442623718913,0.49830008315866403,0.4361932679835475
0.16422326759149228,0.49934744811898624,0.6018115057678921,0.5366358646997433,0.5683465566063931
0.07934079423861425,0.5730481786852082,0.4931321035053863,0.720736065967714,0.9683087399635573
0.0894544195934925,0.6167937743235501,0.38607157874582354,0.9785706488024326,0.6397643109284076
0.374679534798261,0.1335422249908144,0.31602761052591355,0.3988585980464401,0.27448693453750206
0.942761081046442,0.21515431642074598,0.345695622724863,0.17265634896931223,0.1106372165657378
0.5477486301770649,0.4700222839532274,0.439601464491028,0.4849196437440655,0.17220040982762375
0.7727997153503231,0.9853111596260755,0.8473588388331121,0.9639779477596382,0.2709115043765802
0.920299304920071,0.9223864830309421,0.4534885221974849,0.12222172924987719,0.5998129632813414
0.6190607919627393,0.499009715237816,0.3793894595646973,0.018582816346732856,0.503052202878266
0.3621586099203068,0.2148253464902868,0.6177167145377874,0.02327312510213879,0.563634118429063
0.2517540989581969,0.13246321787624477,0.23634558451453747,0.052088850265936446,0.9193394663035455
0.04376935543879365,0.07169585776842731,0.16530531203074528,0.2407481897517292,0.48015399762194055
0.015017959141534394,0.22354057351306758,0.4101909908921939,0.18685675653005981,0.2763670585231954
0.11451412620290762,0.5926155544452529,0.45311535604702724,0.1828114477433497,0.3235929604419705
0.6353952844878306,0.33320984919898167,0.48425462192382374,0.13502190523682422,0.3402648230578872
0.47719184241708745,0.13061138158306676,0.41415071714148965,0.36828780433943087,0.8028299156872112
0.7157517210769304,0.025494642442164143,0.7150732070206747,0.7256141888841813,0.5761784451717025
0.6602246464084076,0.026611871018885454,0.871506433930526,0.3802716469575883,0.2969462517880481
0.6822028700002326,0.1004875742139376,0.8462203598356423,0.21516670435562069,0.4771015064772893
0.6875043096029106,0.27944322390790344,0.8332996200340353,0.4192810684363595,0.35025334965364907
0.3717953674888911,0.5987598001242063,0.4695610624572054,0.709451651887923,0.032639086135946176
0.04837240341971964,0.8824570898459658,0.7629534230453229,0.576508227773634,0.059654687332364384
0.004128140990437691,0.6629883439363948,0.960451133562176,0.8969050242778942,0.41093768472945
0.01879830974250093,0.4393126542071488,0.6559804410850429,0.9438223503991544,0.9115088871836659
0.08082687680824421,0.17282012497458837,0.19503018015821705,0.709256509707995,0.7327581867012551
0.07729086846781283,0.08284216347841436,0.03183648715130271,0.806660076519107,0.6469924478220543
0.48107131022369465,0.14106156407686551,0.11528185746095392,0.6554389202479327,0.6045686620764492
0.2714210007437993,0.2044550925353118,0.11183148495687188,0.5875820369406256,0.4273615919490764
0.33337701968152667,0.31995089655292547,0.37797155667751314,0.07858595516681582,0.8433274817171788
0.34401887924235186,0.36187544658047854,0.5576349577648445,0.016136731669910323,0.8413582526842358
0.7323131384038486,0.8012584092213666,0.6986386297599896,0.0010659510430906013,0.9551411425272816
0.6048844175092665,0.7814311037549737,0.25412418904909934,3.667394343222002e-05,0.6651572946703466
0.3216386623125762,0.13589271063669464,0.3095227619920534,0.0005968040788743295,0.1955675916938435
0.05714651658574811,0.041440108140402526,0.4229017627310676,0.002416683495010773,0.015472693603114466
0.008369885703077092,0.07305268559466413,0.8522826026499415,0.003764334327598439,0.029414695794423067
0.0038841896347350767,0.15007952187183515,0.24972746446269564,0.0020638252948985566,0.14554187378584935
0.019532198953612093,0.5963146229372851,0.2630889007311273,0.0027349973392718713,0.266752657746834
0.001982612949253126,0.8517701226962182,0.3033523550657152,0.000630937163991873,0.16783180219946472
0.0019124340457681813,0.8710913338564832,0.5168403803142427,0.0019779251833555544,0.32125187956037077
0.0007725029551971007,0.6992560944880606,0.5176690794781345,9.385912137678866e-05,0.7972450522292724
0.0014393928452017652,0.7859507467636009,0.4226195625723398,2.545868078771634e-05,0.8042162451049651
0.03010465386857469,0.7885820839166644,0.19600525010674208,5.4553065315696764e-05,0.7328290387553539
0.17746462329094992,0.6036357978711264,0.08812435344502238,0.0018079835103825296,0.31592705974908336
0.8419760635888232,0.6939258432175944,0.02608597171968773,0.028345262818603008,0.04020294302014343
0.7620605207315707,0.5976680891493138,0.02079996801810928,0.08817669569509982,0.14882606983036878
0.9535198458265559,0.39382682756805143,0.01677941588996311,0.24283944828264964,0.42914879237684633
0.8060890500655042,0.4409144271783366,0.06208209846557007,0.3133803537967149,0.3096726890598369
0.6546798458573713,0.13501704138085324,0.026409781656506585,0.732413422105846,0.13478836841393937
0.9318738211526242,0.1531413999188705,0.0705734527463913,0.8234184198993896,0.06306145354719964
0.8860630312350997,0.6436934931570721,0.11803486715017002,0.3335801409063204,0.08809715944493589
0.8189159657201248,0.7675744495542723,0.6952542682953258,0.18673684125839174,0.34456088914362504
0.2656692545640732,0.758824844917094,0.9532489719474668,0.140498330854611,0.2164207768449663
0.0691476265716548,0.3657776547149315,0.26963318698635286,0.133734775514636,0.6106147333517316
0.0616384344109003,0.5780469730558182,0.01774368013494895,0.03636737419868293,0.7196041726635234
0.1262986292086647,0.46885251087859314,0.005781458474305663,0.00797982950567947,0.7056836328394901
0.41366224947697416,0.2688659834797107,0.0029186546817237544,0.006235803635501127,0.9474303680342444
0.3831566984397623,0.6903379101026998,0.009132668449543097,0.01665829189061634,0.6017313846362886
0.5487196151619351,0.47431007434088124,0.0012435652449811077,0.00243728810845698,0.36569292380971896
0.9394617056868126,0.2392151303333172,0.00037846831496103845,0.0016393486413155587,0.20802882028546035
0.7426322626368611,0.31100496084348006,0.0013524142105979112,0.0009153133280005867,0.22558733702881284
0.363707540322327,0.35781274940123076,0.03073602199246101,0.0071213594342440095,0.3314514492651979
0.05973829267480538,0.1319384683903781,0.1985669309999515,0.01989408894041803,0.4626977609005548
0.01963505949823268,0.14672592999550715,0.7465823980076682,0.10589688041619746,0.9435746559962923
0.05933212816215626,0.28470017259829733,0.34363969957047324,0.37527268985284556,0.3802494258222071
0.11510812253248856,0.8428683015019833,0.13645547391739646,0.7180782506376799,0.264135513672702
0.13427421694892766,0.6633959735552161,0.03544030679116936,0.41028463957532224,0.382854328982163
0.05536631706473205,0.7260581106965118,0.0544023044306383,0.09783256436537825,0.2988142201190968
0.03385124615033757,0.7035251403124317,0.018113958362999817,0.15399871658122607,0.12022785301179013
0.03242643822551832,0.8293462728595412,0.005847342990374557,0.29066707106665746,0.04130539890540292
0.07669700461606097,0.9223415374628492,0.0041407968104453545,0.35538422529143354,0.0489094799388426
0.16563377719294345,0.7662120763222267,0.015512273140822683,0.1679238508323387,0.0861509395379892
0.31028190151657553,0.4125617378042795,0.29105431982895624,0.13971893658469153,0.24633942166844702
0.2567122208571042,0.5803513745662763,0.944406599844334,0.15603012454584197,0.3352754409766523
0.2360591533960289,0.4226030090948054,0.5657847766095898,0.13204603933729903,0.3653155976389142
0.6660297402455282,0.7596544237343463,0.4736222307346035,0.1471219949215312,0.33203887873113025
0.8854384940971262,0.5936116885725469,0.3760497575137429,0.3804535395516142,0.37483181675735255
0.18759821851290204,0.1211923088486704,0.6088188978924041,0.7115549561622692,0.6443272779606947
0.023376511822693364,0.03509069086029187,0.6955495144569656,0.28519193960382755,0.7423542074609586
0.011600070718174756,0.007640153601840287,0.5984097765984293,0.08182617527193844,0.14401490898047467
0.021858012354871812,0.002177616848990809,0.20355877035582884,0.013096491898842188,0.008676060510800884
0.04345973093702671,0.10254140100753212,0.0817514388813023,0.001962632912496194,0.007617039646984409
0.0496586790228184,0.4455496081857009,0.4590440396572293,0.003188899627781163,0.03152698424977477
0.03396708332923556,0.7826302458481763,0.9101716525677954,0.013289410157395966,0.021456000785811183
0.11829768439071925,0.7583727580852057,0.9303963192557205,0.024039378529423377,0.01654131273354596
0.5144442620414468,0.6304474936716443,0.5702640624267342,0.03200325595606733,0.02187503091598474
0.5836568461293032,0.4821346363851672,0.24873210915553318,0.029917383634303327,0.04475296520889552
0.8830021307640818,0.07090868261520805,0.09312374296972552,0.1444866019482446,0.1461395040799799
0.5241353664929447,0.004142313690080529,0.0712315511817345,0.8906565807925637,0.3795478014189272
0.24075140671564374,1.2176084279381874e-05,0.0943202143180765,0.2515199464563541,0.7411410148216162
0.07475280743864784,4.402341034637266e-07,0.14245235331322426,0.018697561946533617,0.027936194685402697
0.0275206917770442,4.8514352330123074e-05,0.06861404448107834,0.008183135381197922,0.03248975861830908
0.0027374321590630216,0.005820288820317804,0.006877253322063702,0.031449762577194174,0.10261551967176141
0.00019453730181432193,0.08167348220534298,0.001469524741109276,0.10478523598136937,0.048690200488049534
0.00021163184732584257,0.159871470470022,0.0011471513955935697,0.18882648693493173,0.0479883978244998
0.0035685491553560274,0.3240104611477792,0.002334118480117696,0.23077506201255088,0.4144861887581842
0.0019460019568232438,0.5562896656120089,0.0012957305673749052,0.19405981012979806,0.8922494138864682
0.0002829269461515915,0.7818235818517172,0.0001476073916646928,0.35883958979911135,0.570837403578971
0.0005572649018258229,0.244278264627414,3.3842383858492795e-05,0.7748299357066133,0.28998041499694255
0.00959730752940276,0.004755429582503435,2.8263982756631577e-05,0.06894371107180491,0.03297633523842858
0.0993429773363546,0.0001900724866350656,0.00353671031523494,0.007529029524330537,0.015629399817923433
0.236260395446356,0.00017194567774446437,0.03721405658138356,0.019769990365410835,0.03159144539887444
0.31882296630622,0.03159556036695515,0.3091930881201371,0.09832922954275025,0.1306655467061541
0.13236002639832636,0.26706628299790336,0.5320313221946161,0.2389654010066835,0.06723860985996338
0.07198568446069385,0.41691075272805833,0.8691073436827381,0.44856787956444855,0.02084025785184317
0.03526730839795033,0.38577555618665393,0.8224116276014422,0.4930288748232008,0.10042751154640481
0.21969908705732183,0.8343986525517406,0.32700719526071576,0.7385666272352354,0.3479283266326627
0.8071009849359116,0.9450956408182121,0.1694988810397868,0.8731169082694923,0.7554176988812514
0.9467664213635996,0.9648896302995408,0.10192039609056808,0.6481427636165482,0.613469217332083
0.9519505943381615,0.439118699580789,0.015882278958742016,0.08548046671065328,0.46631666903246893
0.7473211170542989,0.28353693310163797,0.07228353441487628,0.019138927955631883,0.46644957209374904
0.7823715957378492,0.3687951082616897,0.07618656012461322,0.028263289956733575,0.4592993077593577
0.8414991812126833,0.9248563409586994,0.07037549104914449,0.11595122277130133,0.5517057705496314
0.12562679067735605,0.3656575721788857,0.20878374810502176,0.12587815853276277,0.2886897993699413
0.04678467081175269,0.1550487893483087,0.9068182710268219,0.6416107006267134,0.026776989020099503
0.010524569340328993,0.4864248515786531,0.9380740173340693,0.7100429488952927,0.003483941306772673
0.06712233608612503,0.22246815101788997,0.416501666158966,0.5774077134139792,0.001572199046389623
0.3845478798890195,0.3824079468979168,0.47155691268275624,0.46268081300818087,0.009914195006899872
0.5269241521419774,0.6970777588136483,0.20075604280585596,0.29683882597243194,0.23018178140002662
0.6469582708478592,0.3995427207457558,0.0707658949822999,0.17208224969892014,0.30860057599497637
0.6751822219787296,0.14834334285511547,0.01729429532109864,0.08801369342512098,0.5695678999705953
0.8848858539201656,0.20088422002791398,0.007033493238293432,0.01969703099883666,0.6387740932456257
0.9452033879271077,0.33515639636514416,0.000508467872580022,0.0015160810288729813,0.8215949256519158
0.8838732355385746,0.7373460300849917,0.00046989539528049504,0.004029747529608057,0.43891183841726533
0.6370683548895719,0.7179962118874876,0.07005594023836406,0.05369472764275337,0.04827778496416599
0.6911935919576233,0.63611127192158,0.14309769821272086,0.13876426794791116,0.003116838784405723
0.33668347002589416,0.9007670597101115,0.6781666332426217,0.5947016636802747,0.0002280788619793597
0.047906909777300034,0.972389463446192,0.9078043304882202,0.9186541180341865,7.123130101293621e-05
0.023684479825757578,0.9307458873618988,0.41570248142020605,0.5699850158624532,0.0004674860746954293
0.021724718500826048,0.5863599860025246,0.41009836077741757,0.2822123991728614,0.0017924362016755917
0.021596754377837094,0.10250863972152992,0.12779368543792197,0.024320733163292047,0.0021202849431685915
0.009604085924844062,0.02561560757432072,0.044894467979120486,0.0003748346154503651,0.009712124537656535
0.016561415808731283,0.004689354079598609,0.0037880448229339427,8.294437048494659e-07,0.052079434892431664
0.17747021486813566,0.02490303291733289,0.0006358936706599171,1.0912316713054381e-05,0.6933394532581076
0.6548581860814344,0.15355155844439525,0.0101343749857952,0.00012216172907375628,0.3778681424280621
0.9029260696365331,0.08435247918209472,0.08578329276944022,0.00041267888144023735,0.3063797076077084
0.9296462089715962,0.5725791657230612,0.5514538496499626,0.009014790896726535,0.05561497130676278
0.6506509852969087,0.9660034471283883,0.9052957220306471,0.04924876699727486,0.004371792568665006
0.331751880643687,0.9164519692928195,0.5497554688259259,0.34458667971475077,0.008378004403150303
0.16850900436226815,0.5557434547659108,0.9226546134701155,0.8926937396564537,0.007000835601397163
0.022479428886969615,0.43417515390688644,0.8957091340645283,0.33646791032476153,0.004180093224760869
0.008642971627242996,0.13747537629929105,0.3755514261449251,0.022976657370426055,0.009062022359324599
0.0028480874678709174,0.04810974205803199,0.10074552443543225,0.0011868424638768016,0.048699532961542155
0.02989893735373783,0.010093889102355248,0.1089943866666315,6.348135322968995e-05,0.3221919972913295
0.1335041030478658,0.016287797796875444,0.27691539169117996,9.80525227652488e-09,0.7953906120627516
0.3681510350505133,0.03893572973753881,0.8976828174689782,2.1044351692499097e-08,0.6917649734360094
0.19734544530273634,0.46458481288180575,0.36248839202222594,7.696283186310006e-05,0.4672587798683512
0.18880053619104967,0.993898043098491,0.08677636838342487,0.0029870977058885076,0.034405714881755554
0.16211256429089654,0.5069766773331208,0.08835904980341831,0.12995009058050955,0.2151069394237231
0.13334420374146605,0.3088158903815314,0.17675568388468407,0.5023489431346105,0.40860621292702815
0.19037021760394746,0.3347332006921079,0.4432192364208619,0.9321583064980885,0.48167730433718303
0.5809174450535117,0.21925378396954623,0.20014316818917266,0.35990488658510145,0.39752328911514223
0.8049083730063873,0.16649702372573635,0.10083632178289714,0.11304978716270009,0.5786990250869379
0.9532827095468888,0.020514695335956897,0.15073344638753694,0.005849138049643116,0.7960041075299571
0.6055559962639828,0.006192626438927424,0.16229386499456255,1.8400491497032875e-06,0.9121033188949683
0.5310537261131473,0.0005928482057011221,0.33825452318487315,1.9504567060218355e-07,0.914974022796178
0.7775788405492727,0.00026184105434554707,0.8417773465584173,3.753560050431425e-05,0.2837611163043292
0.8425011146011591,0.00037866989074900807,0.7370798378124821,0.0018634651640847895,0.06537690193177305
0.8695836571639727,0.13011721074438662,0.83565330296551,0.05322069583800276,0.32181492036179177
0.6417427231188545,0.23552238069840242,0.9262096904572987,0.10065261786967342,0.7011443326894261
0.5949827856952017,0.25595531884561173,0.3007899512322658,0.10792202784666732,0.6561499227026958
0.931388764789433,0.21708781464390473,0.17107989695870063,0.08070280124340144,0.3203255213732823
0.6714727872231967,0.29128705320397974,0.12687835553246843,0.1934577894083344,0.31624047279356615
0.9876534790794138,0.8253339497601513,0.4601325940262956,0.6594143411344484,0.33170970907592556
0.7924965785263374,0.8148681740622461,0.658203312249994,0.8356368069650031,0.46118511113043514
0.8962297739151868,0.8884761469593481,0.5731426886125056,0.2924350416264948,0.8750314971972134
0.6046101568860034,0.9927440626085615,0.9825509659797231,0.41222325300804485,0.9762777798040116
0.39668372889178305,0.8863042898835776,0.9752376559215874,0.6329348189289546,0.9949179667799235
0.23847139340306794,0.12642198457605272,0.8822361561870518,0.9590018762660947,0.7873630602619045
0.22273395438757293,0.5267673054095174,0.8430811269116947,0.333101047992011,0.731216734415302
0.47189292248899306,0.9568574648567049,0.48504206396821836,0.05303802294688922,0.27412567231363155
0.9746402744132066,0.5445316099565296,0.19934443437946694,0.002524815627466259,0.09538771594254679
0.4550698848233601,0.7302033042247931,0.23238148595326433,0.0029605391083341224,0.05753569297647989
0.5546880198936559,0.9675168630825123,0.5404514137333662,0.009505478231263824,0.20939032863201787
0.46626960911379656,0.5506848691551002,0.45614980880571654,0.0263103704250848,0.5132701677894741
0.2800546080930564,0.2317629126846225,0.3608984682236591,0.09480970956551184,0.9721017504390981
0.3034337507166248,0.04962647116888139,0.7132140439761194,0.10454558969512395,0.9700359139101594
0.24283162323008617,0.016203753550598107,0.4901431474022958,0.09485868250598291,0.7987605584211657
0.1205499592620733,0.0029878516975816597,0.2756347945281973,0.04431367537669984,0.2580917923436148
0.06979398613541776,0.031374765105743024,0.21352033441760593,0.18722832247876783,0.191202383329835
0.1120705384864432,0.11802381649162962,0.32829144675093536,0.7023237014172441,0.0319030945768155
0.5156775102364174,0.26813258694901676,0.1608768260344275,0.48092715903396,0.07047785112332104
0.3165652013683099,0.10102547377198946,0.17971186375199374,0.25380925486085243,0.0633145546077726
0.07614315217211726,0.019157389180746328,0.5145996951497802,0.5485106737752924,0.36493045976743743
0.040627385577880086,0.01013402621410956,0.6934516875138634,0.6923741824060747,0.8893314910286381
0.03910690767051078,0.009762943702540775,0.5564528771848245,0.9257525556208176,0.989812335106413
0.14343058698110836,0.022958630492248666,0.5871291187298029,0.8156171017864592,0.8637477998140142
0.4768907871178786,0.03155406827922559,0.3206912500757406,0.458619748742217,0.4316936407653883
0.18155219705159936,0.11962195322321338,0.17472623876769058,0.39305828566742007,0.10929567536674989
0.09098120032965708,0.1430701448957223,0.10961593443102403,0.17977765723034758,0.5853513695915872
0.050311772849778065,0.220250026515318,0.07701450599303625,0.06347279919871676,0.7807207228229558
0.09488170486958919,0.2780810399535943,0.02899950707179815,0.062343012475084204,0.8172567873620162
0.38086058183085136,0.5971602788109919,0.0004439133784034456,0.11274900405093996,0.7008545163733197
0.9830698244393588,0.5898939771403188,0.0032195023148336994,0.47749630887288363,0.4846353737519028
0.8930409562781696,0.16645164190876388,0.06189908954693349,0.8133808889541476,0.25398812943656235
0.772011106967911,0.045770193598752076,0.2277388405395726,0.316452519467231,0.3282474783741658
0.7290326212744145,0.0013014737407738381,0.6773802627049981,0.08969306238647881,0.48125974224948975
0.43316073445333714,0.0004006641045077956,0.8449477657840109,0.006393696729714098,0.6137042262002146
0.8527259618432258,0.0007704785656412492,0.6991706132016758,0.0009736759846138523,0.563302499779353
0.8347828915365885,0.026641943860730776,0.780756419054881,0.0012049606318581792,0.6804539521351032
0.8977215187228618,0.051716124704722276,0.80424427375458,0.0018518520105117436,0.14697251597482897
0.5992979462351014,0.02763781268203515,0.5247839923700719,0.027671580863274946,0.035121216044267746
0.5366011819914496,0.01753710078678,0.21798578115005474,0.17387220914143572,0.03376911221893521
0.7790344937314183,0.03001675948864551,0.1999055683028985,0.4620869769556878,0.04081554642129654
0.33062325501724465,0.028959367087515932,0.8288934269240411,0.6859593598660149,0.018647786401949747
0.1561271369712877,0.08670103493908553,0.4751166673764343,0.14527772057940386,0.02066909753127349
0.1393871900755171,0.4885751277791013,0.20553634535701742,0.01589017142112865,0.05689996736229559
0.13438330907520588,0.9695329751105322,0.06458201596745862,0.00014474624211924405,0.20530535419320053
0.2241742283892972,0.5218574487612379,0.19894079370235104,1.6969619238505582e-05,0.263600808184244
0.3752528126290211,0.8974503842505309,0.7910808282505173,0.0005018864010482454,0.5010976837688417
0.8054405411088468,0.9168512427187094,0.5130097195448449,0.006249971581387774,0.36094405079493896
0.800207996573874,0.6882019802375297,0.24702829365369577,0.08930946668470209,0.06242130711776198
0.8647816450643242,0.14913535900882785,0.24216594560955115,0.3244317120705572,0.15971310890147458
0.8278198129393796,0.15807885468253438,0.23333845426493655,0.5165571128341286,0.09712048920728729
0.5888516568231721,0.12153549077362087,0.1081396726733604,0.8876125137164712,0.024788063829997934
0.9187500064673655,0.04801349047242695,0.019446120411591345,0.6988135999756402,0.010506163753837042
0.771651901566411,0.2568382105716107,0.019853491337016905,0.21799842413596288,0.004636099946585436
0.6100990206234351,0.8004420398809358,0.022402842266820416,0.045597294740553185,0.0020859563298330787
0.43206909162669815,0.6832439642225816,0.15667508304432162,0.031590652337100004,0.00804204266667508
0.1692234192629575,0.8853883394255295,0.6363112659687604,0.05260647105285723,0.03760402027903362
0.027259730144143957,0.5959323380066512,0.5025943546862747,0.08139118495604279,0.5575399968175085
0.016840016401583807,0.7052152172026189,0.08185234415790907,0.13883185103971046,0.631990188158877
0.03496599710685076,0.41495628992724076,0.1415752063875539,0.07720601684609188,0.8260383415818824
0.19058945415926928,0.3598612255143748,0.06999142440437894,0.07895298201110541,0.2868032244678243
0.08035390966807752,0.4477673430978478,0.06312496006021977,0.01839792158412238,0.09104837968009533
0.2382082293946096,0.18792914000613548,0.012899002955663845,0.004371204777684934,0.05158396700318013
0.5806800987488229,0.3205118503571506,0.030606099461060424,0.03464552398913003,0.007290477626626826
0.9447450335277952,0.7773790044586972,0.08379000895769255,0.14666218185756272,0.005111625128421499
0.8010485207164542,0.7184086295384404,0.43105050483313656,0.357395155521642,0.05903458122713424
0.5314630003688365,0.27010823384116145,0.8046042329487972,0.5273389418816117,0.37552776195115123
0.2285865922997482,0.13959545741785234,0.5847483569634111,0.572824169346226,0.8236475642706679
0.14816589612990272,0.19481279819958225,0.1187111359618585,0.6761709360655921,0.6478198829745223
0.1786230540872733,0.7037502450025033,0.15598526084744946,0.9561922577522025,0.7522343650103038
0.27416102883585614,0.607950236985942,0.018229160278613543,0.9080473519522109,0.21681907614217985
0.12386158298935752,0.6159429393240814,0.012574814278608971,0.784992561412251,0.13274182825400932
0.07001185349267526,0.3868564131698945,0.0032404021874367465,0.7275312705608008,0.0799242842290273
0.04521118802563979,0.25341647252495914,0.05944353812012699,0.7684746954651654,0.007562686962800902
0.1304141662236185,0.5412492898884756,0.12196850863057841,0.622437499338139,0.005992862996634148
0.17598202700207177,0.15428973191854667,0.4333593545083476,0.4053769569919664,0.044985160243467145
0.2178349061580552,0.013597999687621693,0.8657471331588565,0.6989995378268169,0.21295848698160613
0.3732647309026337,0.028513285733531703,0.411208064030003,0.876130834911158,0.3121478818343103
0.8080188881038868,0.03209909901259193,0.2069872465697728,0.6593058683727767,0.35082684057565894
0.9549419590954549,0.1803316234267476,0.33826466635886354,0.5342720124398571,0.30415004233122883
0.5085521593697007,0.2078277604366741,0.24922948168052733,0.610461726198136,0.8342282041718365
0.1680808478092888,0.24925352409645787,0.24687541709610633,0.5419745604628038,0.75095787869347
0.05618957237660176,0.19540178419042553,0.21353432707369263,0.44968653988368545,0.47260595540294925
0.03508514256289662,0.21661167455108815,0.5003184912299016,0.49210445507346623,0.04151932286186386
0.15820505844647792,0.323225451070528,0.25135550123733796,0.2815394612429924,0.005662773274509979
0.1767563697313534,0.556966006856102,0.26920576191927875,0.29305876074530546,0.006489010488885545
0.2042239390784758,0.15584688533898963,0.5901268261798873,0.9015750717789329,0.00746108343759821
0.3356883540727217,0.19969297300835978,0.1845062991533924,0.6948694680792811,0.012126497282199989
0.6556017990111299,0.024664048441307086,0.2904066712421351,0.2709374798969823,0.012176423381369279
0.9107391920108949,0.06267855468748978,0.9393513411569334,0.07518575162683185,0.032123567012687065
0.28096341103231115,0.07824930165087025,0.5654605402744766,0.2959778168777278,0.09475167698209642
0.16650448163003967,0.03807519031001169,0.3510037696409811,0.47545772264193054,0.27929899192422275
0.26554818795735974,0.011968904781645962,0.28362439849129606,0.7475363565271707,0.7516173700948767
0.3219718002723731,0.0010827943154190296,0.18477280481332106,0.9682892730514695,0.8262197355056804
0.8997505494497335,0.008937465723169112,0.22168836732125283,0.6050632781097394,0.4282932816610717
0.7788573150101573,0.025387302221491794,0.10320238687914861,0.3436549799687193,0.5556455950052053
0.5692527114845587,0.053658409002731666,0.0009471849402705266,0.06675262102620436,0.4350862630903106
0.35022530445046596,0.021837647959125225,0.00020087513027523525,0.0461581665642522,0.20947426133369929
0.21230812053052367,0.023113974409311094,0.0008877528595430657,0.004970267421732859,0.06859968761514866
0.03629188029890866,0.00387082975335138,0.009922575093612038,0.00041810121870102364,0.3839003722633991
0.0024095017978118926,0.0013158097906794642,0.020140725317340392,0.0075894731491776704,0.6999585493287765
0.0012760775338742092,0.0032137579510491403,0.07168935367638003,0.03068042201899046,0.7765844450856311
0.002039006900160207,0.01795744588014513,0.23863089525346207,0.03953204353210262,0.2717959836483653
0.0008005607860549126,0.170351115760236,0.6849079868099632,0.06742709278441972,0.3832178716597239
0.003100482577782185,0.9140174032755609,0.8230143021510821,0.28195681011601303,0.3264136123383319
0.0194826339273502,0.8075341799334582,0.35447808616821264,0.5162957558789057,0.7630224542562363
0.14030833168248172,0.5125427537793401,0.040486374270939936,0.5833343324766178,0.9150554604960391
0.5967794739921801,0.6074976765992728,0.05432445552826065,0.2920505397342115,0.5479757727798602
0.9563547746973242,0.9034658314862659,0.036500682551392306,0.3951199134773973,0.18315422999593683
0.9021765544825752,0.7931065383638236,0.03061436378071975,0.08706369395341373,0.3741847490753347
0.9238767106146974,0.8581603381378261,0.014063940361728816,0.1385906088275626,0.7079990652215558
0.8119749559850995,0.9884801383208484,0.02876396747912149,0.1995438120420964,0.6075862813494883
0.6787303930121411,0.7410902280106773,0.049688646274018644,0.27827821056582874,0.38106243057245537
0.7971511227275729,0.20301596379616693,0.01998489176813929,0.30873346684402325,0.5124488866599305
0.9198699049018436,0.017597976625402797,0.01701445016601005,0.3095393172112889,0.5540737511234342
0.6372297182581894,0.10864402464924479,0.003395298561022272,0.8455593847371266,0.6580612877195757
0.25658969988754815,0.790983050061377,0.0003472554009289116,0.33087589557709307,0.5213128057402938
0.03859285957928986,0.9680234920200532,0.006372857412753673,0.08394614641691286,0.1241323585414818
0.011295136273671494,0.9955634050535829,0.01489067517403708,0.06829822638843727,0.013158661032994252
0.05949227013946922,0.9932353783688512,0.008400955064690348,0.01575493558734768,0.002207578739229741
0.3880100304281906,0.49079899137552974,0.027535661478027038,0.037641690588388746,0.010255070341948832
0.7644381322591474,0.5543610729387933,0.09510836548053611,0.027145403254074565,0.10129473531314664
0.9782688267595494,0.44352232984730133,0.45371664762697916,0.016076805083640483,0.27979074370538215
0.7547551216874276,0.04198478942219352,0.9652875744682502,0.0017905478594628782,0.31068295662996515
0.5257090298034997,0.012109632561087396,0.5395184616029888,0.0013470395036418357,0.32552494793761455
0.3522064410213712,0.0660906535987308,0.20588493255388213,0.016867433683598797,0.5736951853182649
0.49409389808433646,0.3273879502696244,0.0032890338309474756,0.38072041869315554,0.7836879178106092
0.7037840636373232,0.6485872918465263,0.005075741424745793,0.759963266187627,0.058054184986091995
0.8047560896494803,0.8668804551722334,0.012093320969331758,0.37644431529464395,0.0030030754351051897
0.9072222704139663,0.8879595142356947,0.002123990035637599,0.15151074652213886,0.00020001657075711124
0.4108116835876776,0.3370087355932977,0.03204923164024023,0.3112305150791318,0.0006483106473234183
0.060550387871045025,0.7302452536113869,0.07980128588405333,0.29782783995892625,0.002150103164760878
0.016735825396703433,0.891275426395368,0.35842860358463524,0.30680057563182944,0.025040552849505657
0.021951910114671343,0.6154574050897157,0.45742996948144243,0.06363895757345263,0.02166870650680289
0.005055219965902244,0.16006746455360757,0.777635521901679,0.029080213404272404,0.02016866612014835
0.008270562936080266,0.18903969583745261,0.7962583929392502,0.04947874348312156,0.04258740803881299
0.10134370060722812,0.24960174820961353,0.40165323204899384,0.26288299291857975,0.18291859245790582
0.6020204481111193,0.4914130712987028,0.14112115292631827,0.8840737336519053,0.6135043397528519
0.9852301780918822,0.7836549101088898,0.3000133730076895,0.1806064370098543,0.06336734788874981
0.9547461208341533,0.7405333953767765,0.39550208365883777,0.04405323041694177,0.030532906052280404
0.873918253431155,0.0973853261469036,0.6294749094663346,0.09150493330628483,0.00932803285630263
0.2639278470778884,0.18321484958168846,0.3437190891962608,0.12301733927636564,0.006693591393185597
0.207394087762955,0.22082049156856276,0.08571009603517517,0.22900325732987925,0.015041788828707048
0.09003292518383306,0.4274313047441469,0.13548582880241583,0.037201071394248345,0.0030833688515756567
0.007382980736276283,0.5986834716199246,0.2007009052582953,0.005893219201103141,0.0007547213172805488
0.006198545477987188,0.7377370242259349,0.17641629510027615,0.0033483714302298966,0.0010088366270731624
0.051056292236038116,0.6416840016023364,0.17332426927275332,0.02938937927959043,0.011983815599762556
0.35892940346104985,0.4772871595679644,0.1843637624677857,0.6057803216601333,0.09100244834310327
0.8952206789217458,0.987018882073588,0.3908607453313324,0.6326879556506136,0.6099868017446632
0.8471728235383275,0.7700229932536439,0.9512827182781822,0.32557072479584637,0.9139077147889915
0.9927235346737964,0.3182042426576115,0.2557463182891842,0.2687191351056394,0.28150579495934475
0.8217221720548891,0.0650706147152195,0.08492056851969366,0.1374319617616436,0.057685339208926247
0.9231722200864603,0.014526452552410805,0.01443554681834306,0.1408657884535963,0.18758599684101113
0.9873797848173556,0.02373816785052949,0.05118549673537167,0.022607813892794856,0.48405876379521207
0.8126638787935919,0.09578291701577668,0.21429265022844174,0.008770406135811494,0.3614660422509455
0.5516943857593611,0.2016933895493444,0.46689592176824857,0.0016668334672667903,0.22544218089917611
0.772078150759479,0.09763979250666456,0.4014986729072356,0.01799127845332527,0.4620927647122549
0.4943237267100319,0.022373096716248837,0.4613394965557711,0.3253177429444566,0.5990860562087965
0.0970332588893998,0.01485607870895532,0.7022627215298473,0.7432968269948226,0.8767340297955724
0.1938299853598549,0.001741412492763428,0.8719814599197983,0.8983554259444172,0.4877907202695132
0.2558396337301517,0.0009389037281464692,0.6504798444968181,0.6159415548762215,0.21304063199513396
0.2777791949685084,0.013328537137853405,0.6308167608283116,0.1882546447488817,0.1415315862231779
0.4639089616263299,0.2522970030780328,0.5537131048027013,0.17637941020760042,0.33920963061248866
0.41600453288442285,0.193598453428629,0.4935350443631703,0.03218872922152899,0.7397515734262721
0.3505083755865753,0.1821868024537794,0.14857072765294924,0.02130786803368926,0.5149200211812943
0.2576594080618227,0.223573089537775,0.016298182049512742,0.008180216068893029,0.2655483511698778
0.3155212751888504,0.5637481766718115,0.055849597247204764,0.023677703254097023,0.2964058834542351
0.6284163270324798,0.6373051976766522,0.233088967479139,0.09404337519744334,0.2253686090270435
0.7547910065564523,0.5655840094598162,0.26814214918445967,0.09791204305192304,0.4272726623289189
0.43264420603254583,0.10553458490195333,0.45088673835792736,0.20390037159319457,0.6754662499305051
0.3871805916420147,0.11602152432831699,0.5437655294569557,0.3435639020615353,0.5416975548884724
0.30307168862088874,0.4807703710594613,0.7447425681322735,0.836648103365317,0.5963897809421179
0.2317604142314246,0.9368843146819723,0.9242632027084361,0.9414678897557691,0.6891509658649984
0.706600884288164,0.4717108906739058,0.3077994383422315,0.10401926969238905,0.972130465893309
0.49729167505797534,0.2815722647011097,0.09447634914246462,0.00434771833627457,0.46510418621648086
0.21114797019157525,0.4853683074053896,0.017533369302717344,0.000513835344631454,0.2618214667841053
0.12870142367352408,0.5993624238591314,0.03018806842033615,0.0001410641010427903,0.09567710202135572
0.1134688177786418,0.9047170225597155,0.13386396323377053,0.0006658868745896248,0.07106394010584845
0.10700316507589956,0.4385663359708798,0.2868522151704457,0.001056142813746533,0.19095890789594394
0.04725806373294906,0.2933033489224565,0.6818034179774873,0.0045543311605077685,0.3608721722225139
0.06640719490006493,0.05755535088587699,0.738487335158295,0.009806937521411555,0.27757573255164625
0.05935427050031565,0.002876346996319763,0.9681317587957647,0.04401876563031659,0.6773184135417544
0.033936675733449315,0.002130804757869509,0.630580920869776,0.0759307545493769,0.9361802705366842
0.05462640084507097,0.008886007892174707,0.34324238962315845,0.3078603172947023,0.6241203831289508
0.30441205017430506,0.044849659479651235,0.16588605462664757,0.8887591573680381,0.23276002127364834
0.8179591850481134,0.012002508741766274,0.10943775874368114,0.31393609822470353,0.21553438150021653
0.41133725378024766,0.0015104543390537328,0.06745317790700643,0.011741702492737736,0.15638915020763436
0.04311089797213798,0.0009851739687239398,0.11135004315483786,0.023772384550484606,0.3226350747397998
0.02284447665019522,0.003996331668526991,0.19397207834780028,0.07260793996083238,0.9257363464400974
0.06534618024406202,0.0277599014676084,0.42778517028811136,0.09790321128969716,0.8158280712690856
0.1245299022342832,0.06597749828513423,0.5285868664208929,0.08007560262253736,0.5234724792731122
0.21654747958059906,0.4227189476172539,0.5528998875903086,0.17892110326496868,0.02843465697828066
0.011723401315653244,0.8213207195144571,0.6337486789125564,0.1198851471868745,0.02742511367049486
0.005244489003637892,0.49297474042832345,0.258631695335101,0.08142907227042014,0.4694908186472122
0.015288869787922333,0.1691899525819095,0.5228391217801083,0.09636405120990871,0.7905303580768891
0.018758190444219478,0.02625697033278551,0.9366213325033282,0.020761721766595412,0.8834438027694465
0.008663873627021298,0.0026799865335358484,0.3640174713970781,0.003442829111806136,0.8310181489352514
0.04111522044407324,0.0034399141767322704,0.3570962681775057,0.0024824434423229512,0.8675093979181446
0.04206454476213862,0.021054799107525845,0.365672986019301,0.014226127803539228,0.5779778901278281
0.021739191994881474,0.05341812405761356,0.5012886607141727,0.03741035850158272,0.7760035301085202
0.03112449115530897,0.020400093737685095,0.6757431938836584,0.12530321846687825,0.9731077179750047
0.14309794103903906,0.09894828252958948,0.48697496095296045,0.2022748457770942,0.9339154718445175
0.6403493613395093,0.24485535430457112,0.2836237438124253,0.9648911650622085,0.8681972552589714
0.6880448636154609,0.8253596332023286,0.043060314687459814,0.5797914926790284,0.23288117983798248
0.78513175327265,0.7094879677252757,0.06574701112115965,0.4374507208181402,0.04062104451429617
0.18880629919113467,0.34113205944032876,0.1664361640380569,0.19002298226624842,0.046144437416805954
0.08675541288288562,0.4925823664795279,0.46142740893177847,0.15112225545043406,0.06636522601154848
0.1072390370920877,0.658207177169848,0.6092838852037117,0.28596880173648853,0.19702601207970308
0.04997340933364453,0.7673135975900504,0.29872778050881066,0.22146020066181824,0.16001224870772024
0.015434976320541052,0.5183149830286422,0.27909126416925834,0.13735038686074125,0.24225791872447935
0.007905859276771286,0.9312546687880467,0.24619698781305074,0.12696258484753134,0.5338237239118615
0.0593107178841956,0.9602953383276668,0.24139225319522314,0.23582327397239733,0.9468239121936348
0.257981892056637,0.7643003676163153,0.5249551636228917,0.8369168340557369,0.9955105390361537
0.43091574990724757,0.9293656589913746,0.6195710959440311,0.8365286841199187,0.4881192923658977
0.9880242890805817,0.5914489423047206,0.19047298746213315,0.9597424658097446,0.06269921542712024
0.8094074441078803,0.9582359242682004,0.10475123720153308,0.9008591680337987,0.07734711506566441
0.8604636385540233,0.41111823349297316,0.1953795255797207,0.3327363431473044,0.17385437400101805
0.9357162275205212,0.5176451203111118,0.12553924242544945,0.05381379386418908,0.25241900782808857
0.8276892715272448,0.3684589569419262,0.02768139415124751,0.0835385292712305,0.14967457333793463
0.574441609357168,0.08183786454128832,0.03395788194644342,0.4543683199130595,0.07291281482202469
0.8285473474659479,0.3034729084877466,0.02954356718024746,0.9541500826828043,0.04999146163224102
0.4526412595846564,0.513189068263646,0.028913420566753084,0.48772837473807107,0.11840250351324985
0.11548456095982555,0.4998617431557235,0.2081171912924008,0.6670068358080823,0.046760964842229504
0.020021292072460995,0.2730426889302915,0.8752819679710664,0.936912380052502,0.12405310399005476
0.001730669653386834,0.07261014778016482,0.15701904208020664,0.7697195513685273,0.43146750534451983
0.002807158564083087,0.3582475732408489,0.02490357062394856,0.5237337229171608,0.9480420817888197
0.019013307642043495,0.8804606738900574,0.03978972392163795,0.12116402059458603,0.8547351359920132
0.09178865700575166,0.9039589998512139,0.010946181798097506,0.013717303883542552,0.5459442014350107
0.2699828370227988,0.6142958682864801,0.0036150135800991842,0.009513896662166378,0.3367498817917396
0.6135867357843752,0.7523627661083103,0.0009945682783693245,0.009737691668630344,0.22593696817298656
0.8777613851172128,0.891761279101285,0.001379044788822738,0.04746109575950893,0.19899711728265018
0.5399781436405957,0.914494244966305,0.00163415441843135,0.4909623058743674,0.09532586272963078
0.14678559749669856,0.5660012635443734,0.03682984201458943,0.8282480946245356,0.155476218005782
0.04898930645987319,0.19532602220346199,0.2611954010272405,0.9075617104379115,0.5668443484585883
0.012296087503352324,0.10639496997808852,0.8506309456639706,0.9281345976162374,0.9464948365948376
0.013494389991622103,0.26824294711171187,0.19040395952630573,0.42308582184085597,0.489975234001208
0.024590538149627195,0.8582267117212645,0.10245030933688246,0.09106450383896383,0.38320397821432794
0.06103797814561575,0.9420034544844349,0.010715474867338402,0.09058729250434093,0.16250251152659517
0.04826900319178355,0.6246057772878364,0.0010299735484262862,0.20303669088407583,0.07913625035400247
0.0198302376596785,0.8145156850573321,1.9989022348908637e-05,0.17091400348610633,0.09300021724612823
0.04945957038681233,0.8659627840911912,0.00018957868220826086,0.29779786929358015,0.09024762236536517
0.30968785480496336,0.5684952140178876,5.5239998077451596e-05,0.4001911918621458,0.06917861568395725
0.330243557669322,0.21449829990502758,0.0034352885160295306,0.814941328611578,0.35372179671659343
0.3788595951623609,0.0883786391583123,0.15549970387980339,0.9959966165144529,0.7432119523406797
0.31599580688456064,0.16387851151202268,0.3596818076371554,0.6642805101326514,0.921938833460785
0.781504634952562,0.10155198425714979,0.6419634245073461,0.30190718804676386,0.9233487311354471
0.8101226204277371,0.21866295284259746,0.9065858907960124,0.09551042144663807,0.9402416437980738
0.43610467939914777,0.10667451790724676,0.983448245491819,0.38399910478094645,0.6039577108477051
0.12455878184476728,0.036745454852433045,0.7992745056741353,0.9292099403077181,0.2639938475700168
0.04416036744803944,0.0053252100608915404,0.4921882421628351,0.8344116478067318,0.13142062317185485
0.12090436492193597,0.019044110921479472,0.4999044598527217,0.9222117918884992,0.008920004282974956
0.42426189986030693,0.5459080567489706,0.09647341772541349,0.7754604918837131,0.0023865297114885184
0.27149882718102736,0.6469366812841826,0.26774704228845725,0.8327118277448446,0.030437618726570654
0.3370754893534905,0.3366147058282939,0.731474302621212,0.4021657018777923,0.045783665633800666
0.5180464810589395,0.45365346469344103,0.6163147986106952,0.37610380768084517,0.14940673575201202
0.9116512732906984,0.1785296278154671,0.7696146852530728,0.31628540446861114,0.24273406248089474
0.9809786769762436,0.21644581749950415,0.7844981528598562,0.4595294907422236,0.3912723734320994
0.26170448107716293,0.0910725653247579,0.37662903271258397,0.11568738654787435,0.6535876875580955
0.2899418756511333,0.08606394251653948,0.16783042833308406,0.012244818473762093,0.7846985041359389
0.9111394123834023,0.5120476961524927,0.19222813605179098,0.1345080041493304,0.5313543097746696
