0.002250137777557122,0.0004891451421261624,0.003090092131183127,0.0003005459112406302,0.0006570864119228421,0.00034853304800764516,0.006691881603805665,0.0006977670938316783,0.000996082118985675
0.00024918519246657205,4.028829063437997e-05,0.0004876030058971954,2.2184334184108815e-05,6.583817708222641e-05,3.51279574343297e-05,0.0014678132906450559,8.257190468582517e-05,0.00013515282389698778
1.476734629999751e-05,6.025728951730614e-07,5.8042308165279235e-05,4.834714274473128e-07,6.452248475577777e-06,9.636517121737251e-07,0.0001867906716026733,3.3306165072055755e-06,6.717472009612476e-06
6.434214844212636e-08,2.3367603027313837e-09,1.6820548495409387e-06,6.269686534071249e-10,1.1147942844644016e-06,4.919495946954466e-10,8.165508009348859e-06,1.5440626267226738e-08,4.867823325864227e-08
1.3192351424448549e-09,3.0147257220340365e-11,3.914157977355836e-08,1.3079055554994042e-10,1.9803305477229218e-07,5.623642802944373e-13,3.819840511814972e-08,3.691999199157338e-12,1.5995968688003954e-12
7.30907406342721e-10,2.5850044176087715e-08,6.238303249463467e-11,8.625245764295725e-09,1.7396048533354369e-06,3.785903741833532e-09,2.5620763383973502e-12,1.1519267716198474e-09,2.1479158125819378e-11
1.946705747565696e-09,1.4299739874829817e-05,3.9636622004967226e-10,6.676032928998134e-07,3.7372958565955304e-05,4.592672888735637e-06,7.321017384588001e-13,2.1739520291295277e-06,5.5545069352009136e-08
1.9064079868071e-05,0.001837355282735963,1.6961250624471145e-07,5.7366444311769396e-05,0.002104166189855154,0.00033841438693043164,1.9113335805618724e-07,0.0006355939463006802,9.3077859811434e-06
0.0010755527103307792,0.024513018809214047,2.209017226508526e-05,0.0014920270812475275,0.02309764924733646,0.004758910786803934,6.293534354278097e-05,0.014347896517505824,0.0001356206811783166
0.012665814936095317,0.06403221032538331,0.0005225719595134763,0.015864922475612556,0.13787697177594724,0.050157861414279595,0.0009411699836441825,0.05547290216770942,0.0006571798317258627
0.04654280960272496,0.08363956198343102,0.003607360815267941,0.05271461404071802,0.29225906247877176,0.21405580218907294,0.0033720240957914346,0.11934777500706996,0.002159755512471755
0.08714495861881352,0.08900744078429382,0.02197643224183169,0.13826615052599397,0.5047585233266787,0.7758552606091621,0.006196595921482514,0.21301678417930023,0.010837152613708743
0.1577451026994831,0.22725927275713784,0.14611146846481957,0.4453861345964384,0.5318762259919194,0.3118786422520676,0.017430047881916287,0.35953524005556514,0.06382453379370405
0.2699470381392692,0.6629599026536108,0.7303845858735705,0.7390934948866876,0.3762799776167782,0.007871566203397658,0.03606752258402952,0.7991780628852219,0.39768259138361717
0.6072041592242572,0.3715830107032737,0.2641580031300759,0.07951123050946686,0.2826456656644831,7.3234104258176435e-06,0.07699841590634818,0.27487393934494386,0.40819612300950714
0.929873568864852,0.09161111436413985,0.010469220669395372,0.03692161400623268,0.1840453782535946,7.540135614520884e-06,0.1075476128810263,0.04362476858923265,0.05583806304286271
0.7525295100135685,0.06645123426642399,0.0017847984161427366,0.04030660453548767,0.1094541907335524,1.7682749807647108e-06,0.2015047456670284,0.02271677039462908,0.010235515430248896
0.813488093747596,0.32494457637134844,0.001475376813176361,0.09789901266729914,0.11162991749695397,6.714909701872546e-06,0.3894612413770675,0.08575230821274919,0.005332288608605009
0.8516542486530361,0.6928059187371441,0.0011642016244891877,0.2339933347622104,0.4105985318744906,5.40887650157445e-06,0.7406800122289761,0.18611037006757344,0.0024298248826269083
0.7209288277095771,0.47379916858341387,0.0003896492754161659,0.30283973274230325,0.9379869972689228,1.5128548631922814e-05,0.6055261692491449,0.18178493429383336,0.0003092271266653397
0.2532307507706986,0.08796491107131081,5.6876122732756964e-05,0.14878530032052326,0.42639474487170936,5.42573759602348e-06,0.11981734974037468,0.04514087885036841,1.2003970927557503e-05
0.027676673185136797,0.009166933965270394,4.764728710683166e-06,0.04047939266488516,0.21534944037133238,4.1190462998903665e-05,0.01660955352553721,0.007473244056198346,9.213151841619896e-08
0.0052212794421540795,0.0018386138557801178,6.123549085884401e-08,0.010192778210030883,0.08884546575214251,0.0002671940795863246,0.00394338672223775,0.00046880525778498903,1.91263538549086e-09
0.0009450051741870925,0.0003492267019337795,8.670150732107315e-10,0.0018487008213285776,0.015776261811757022,0.0018665749151545517,0.0005825500692321607,9.782385450133589e-05,2.963388411469947e-09
0.0002945440733548922,0.00013131343298021007,5.3106254095966245e-09,0.0001931771430707151,0.0018526784765825872,0.004670591123359506,7.272351375341844e-05,1.012595558500967e-05,1.5212339032074236e-08
0.0002672499270328759,5.864591310102123e-05,4.195923701846902e-07,6.858621407209379e-05,4.186028900982605e-05,0.0036080857629681206,5.081616758944099e-06,6.905603454153571e-06,1.7073985575716162e-07
0.00019422403366264602,3.488162904113988e-05,5.842629027993003e-06,1.003359415464009e-05,6.467268886707698e-08,0.0031096605372149155,2.666776929365781e-08,1.891597341817869e-06,6.210642645994805e-07
7.634207349052785e-05,1.0408206038017183e-06,2.4806624356957444e-05,1.573863389500868e-05,1.226810051102039e-08,0.00044621865115222233,1.1190284357987658e-10,9.633506794412814e-07,2.305245159124399e-05
0.0005263730881491839,4.7753895106327253e-08,0.00012141090835351211,9.166449150855926e-06,5.945633547918081e-07,6.630170475153292e-05,1.7277527982684852e-09,1.1256398086507767e-06,0.0003413634070645293
0.0008923605856862462,3.40499332140652e-08,0.0006060578495613851,2.1499761576101985e-05,0.000136059797760323,6.324784861214234e-07,1.9132505411248146e-07,4.18146704737847e-07,0.0012908474122687945
0.0013900949292226382,2.6291880068725524e-06,0.003137533412856225,0.00021892888872408536,0.002616709089892746,6.914144882813317e-10,3.3369075496508435e-06,7.554126174698603e-07,0.003512280335738409
0.0020954471489234203,0.00045971021605615734,0.01904329811716451,0.0007904706511405094,0.020023872084047406,6.690017405035256e-10,3.643995225900326e-05,2.7468470008500674e-06,0.0029923786149192205
0.0035287196011556444,0.005816838241157309,0.03794920261805177,0.000957080492320876,0.0333439300334319,2.207604269697168e-09,0.00016594120073990442,7.016582389815293e-07,0.0018598674855589807
0.018904053772265703,0.04433305314147364,0.09770056416679873,0.0020777494983476286,0.0774025617180271,1.1941149543442318e-06,0.0005851589109343175,9.506963086692564e-07,0.0008378028270465809
0.03428664282436869,0.1578005478852966,0.258103524506286,0.003517595070079108,0.10755503650079848,0.0002336370951800716,0.0013936189427204955,1.7155467438397333e-07,8.49282204832559e-05
0.1942905039479088,0.6737223585154695,0.9545846936585808,0.04189238551806062,0.3734418089243744,0.015598814384896971,0.01813082713829341,1.087102539384296e-05,2.1186229356783708e-05
0.8809291586400996,0.5745297071257844,0.26898233356207807,0.49277647239869393,0.79558094016175,0.20689834652465855,0.24911277880385638,0.0002935212823283068,1.646367766078797e-08
0.2227411121392312,0.06374199917570911,0.027054026169845383,0.6072932583624828,0.17206155390986677,0.9255751358731422,0.6445857443474765,0.02904862619620953,4.396884045707746e-05
0.030509811944468335,0.001028137356552109,0.0012775077967268028,0.10291950943905336,0.023698629196236918,0.3541423054684093,0.1485677304224795,0.49379820329131063,0.1513633033447305
0.0013910368677118297,3.3352957182804407e-06,1.762892152563935e-05,0.0071548595647216795,0.004347752719920068,0.04392875017607929,0.032659835610965735,0.5628669371480566,0.8902412635005414
6.259334433757354e-05,1.8826843628038196e-07,1.844159792543669e-06,0.0002163823722802001,0.0007778955068190475,0.0032002261334379035,0.006582179983894274,0.16323939141233432,0.3332816828810842
8.969095423402072e-06,3.132895778644881e-07,1.469888273857762e-06,3.5484015936544925e-05,4.243946916826835e-05,0.0001570198725174107,0.0013063054995098786,0.0431201164786669,0.08888720607722506
1.6273575891041047e-05,4.0451289465042107e-07,1.3174725954053164e-06,7.021815523230094e-06,1.318042725399477e-06,1.4703514559256202e-06,0.0006361138540422321,0.006106594820583958,0.020736152934117416
1.764312983508686e-05,3.601944605280389e-07,8.859262567621085e-07,4.122386732613645e-06,2.7542308819770595e-07,3.2699869067377254e-10,0.0004366203477016705,0.0004864206552790032,0.0036007909464930376
6.500044877716788e-06,2.8213820793254735e-07,5.390094306603909e-07,1.3626210680409535e-06,2.6936711308173197e-08,3.924802666682624e-12,0.00037847602101391363,9.197363466604125e-06,0.0003750082128175459
1.8471359232087683e-05,1.6535803044683292e-06,2.54864439007517e-06,2.5775805712126574e-06,6.220210392559246e-06,8.82265723687526e-10,0.00473256466608384,1.9964603530810696e-08,2.3528840851875137e-05
5.593852389091909e-05,5.710799840528424e-06,1.0236776280953698e-05,4.661981811804553e-06,5.771022287783406e-05,3.0597108088367213e-07,0.03256901271002894,1.1142190825387215e-12,5.206237067053899e-07
0.0003656519785693641,4.2857829244278265e-05,2.746930310079005e-05,1.877377699021487e-05,0.00019325308290718204,1.9062963861375626e-05,0.16702798366996785,5.0427124286963974e-11,2.492808754678616e-08
0.002192728545772261,0.0002352208351901088,2.4979672473437127e-05,4.723278033156652e-05,0.00021811060998653783,0.0002814134297655377,0.4009642169716565,8.327684360504483e-08,3.011665540139461e-07
0.009885085142551018,0.0007844409239881296,8.998778612425643e-06,0.00019565972575711106,0.0007404547671333078,0.0030922373939859305,0.6645339915266466,2.0245981906166025e-05,5.2531004783952315e-06
0.023881476498025203,0.0020458185312505752,1.5510774589868567e-05,0.0009238166372674,0.0039792232792874435,0.007152728267906915,0.8833341187124085,0.0004936863260529598,4.218628740421554e-05
0.021267146057587477,0.027419799824775406,2.2833117196486144e-05,0.02622496699062125,0.011404049140534507,0.012696189844777606,0.9282835897472478,0.002205613669475149,0.0005133022004620657
0.0008071369676482747,0.24000831080305607,7.737771329731919e-05,0.1575189509248442,0.0037806761569015744,0.019382162335368224,0.6803862923082824,0.012209970349280905,0.0009504276149494315
0.0013398670855872998,0.6931894944148203,0.00028013081478937867,0.6406524564469614,0.0031054977824373216,0.04233787138461931,0.38554556484234515,0.07281419955101273,0.0025625848721715725
0.0010236543864942053,0.08932471945358285,0.0005709921028317391,0.9815109698158073,0.008101031764497522,0.1332136517724091,0.14706550156522263,0.3397686596492052,0.005158354180840859
0.010413374050161484,0.014144565042892762,0.020981924119512007,0.38701648877435657,0.12999283146927162,0.47275724561974863,0.019623647774983776,0.7727376494103646,0.011581619520440867
0.025850403705589328,0.004521848038161825,0.4066040126459345,0.039668258675611225,0.7799963935653773,0.9593937538997023,0.002257835425094767,0.2582689420831301,0.04976639136091724
0.0320770383702861,0.003624398099472389,0.5437571403073297,0.003808353244371804,0.3088987984106651,0.7866880160966742,0.001093543028887798,0.001798329486039796,0.43213123090090655
0.005809662600622938,0.003719292805909019,0.07186584486278276,0.0002925084947860035,0.053630597523577475,0.7965551417894552,0.005593315077652156,1.6923708864926583e-05,0.6054966559503507
0.019866275313912725,0.0015085278428505664,0.006599909168728217,0.0017608317554494916,0.03999055788020555,0.40470956906615063,0.022719375970363394,7.892586368028551e-05,0.13142022848459625
0.25182711207304087,0.0005287303683214951,0.004577603288512017,0.030196638391893148,0.10794387000165448,0.11225969504106388,0.06383659252054177,0.0008344248400485252,0.05777149723327764
0.9638976502667678,0.00013127902112001268,0.005490244746067339,0.09649508444381884,0.18082708654209576,0.06455392678703732,0.11567020698292102,0.0010669471781994924,0.03817056945293914
0.29714649443433355,2.9663774153464573e-05,0.012486764760852448,0.3444986414177187,0.06305775251685282,0.10019590296709989,0.1915603892751295,0.003827816197479184,0.021528336081473146
0.10917955937295236,1.6717291026481562e-05,0.008346542019220266,0.38718163105109227,0.019798172475530517,0.18552325868934574,0.4136653005639588,0.011092051510094934,0.015352991731950283
0.02412054455991017,2.246151464926562e-05,0.009028757580086715,0.1728552891232455,0.014301696272221926,0.2751457481124963,0.9984599506745848,0.10913745421230957,0.023068197397118337
0.005588741975713326,0.00013769561659704004,0.02142387253332876,0.07855836260791264,0.03267018293126453,0.4585483564687225,0.13993370145240758,0.14593192915245393,0.02221377805039705
0.0010582655291450703,0.003949639319942946,0.11069499278597274,0.04177523913440377,0.06411900889794464,0.7577866814983785,0.0022722071109359905,0.11828377364718677,0.007861500769568411
0.00016602917352314593,0.05124889637874026,0.2590724443423782,0.011651069241491821,0.13568463025250144,0.8948830077691827,0.0011456502102635212,0.08129990089572038,0.0018915530387150809
1.0535383895911119e-06,0.1092183554528568,0.3042125816987949,0.004279865721957645,0.11637775775186081,0.7955487300710066,0.007723885949805713,0.04714733580846345,0.0003369048008290177
1.6662182410536295e-07,0.08303914896862152,0.2644344725936221,0.0005107453495321333,0.040616919252422445,0.7516979050855315,0.012314636591484095,0.005769849943994838,0.0005310662408401774
4.345500753394043e-05,0.05077392058992344,0.06693943435385734,3.033232475874689e-05,0.0012060063056818834,0.5801591922181704,0.010874700140717033,0.0006324359099309625,0.001440112378610142
0.0011486456313817884,0.034789636842744595,0.006414663311594589,1.792483626513574e-06,6.377516402222624e-05,0.1948535391599672,0.0016276736872872526,0.0063586586829193934,0.0016676950423938183
0.001937566419882233,0.046748748424666135,0.0003782825494713509,1.876396136842963e-09,1.1657663487580038e-05,0.031237762001763255,7.636622951771803e-05,0.009599733404580467,0.0002686686374733468
0.0006992986089610415,0.26347827771143006,0.00018443887096580464,4.187417581837072e-09,0.00027966179150357265,0.0022260498627491203,4.1572512149965015e-06,0.006926017198826874,1.7949342115425555e-05
0.00021469885978854132,0.6158577399558487,7.256289542210871e-05,1.1843937773591692e-05,0.0009318350744349318,0.00016743819096992486,2.5987111987968263e-06,0.001713071857406286,3.7470456397728324e-07
5.022793465167124e-05,0.3815723141892071,2.8402559556902434e-05,0.0002878938301703486,0.0006975292584873114,1.9589437381233297e-05,1.996637486833178e-05,0.00043958213935114574,1.6978356178512932e-07
0.00014084282585827984,0.11089357898578381,7.93153392471555e-06,0.0005176513886116502,0.0005786519436851573,1.1820790693057428e-05,3.461486025920463e-05,0.00024116264663200468,4.605114485023767e-06
3.0167056920961282e-05,0.013303098378321864,7.90395308644429e-06,0.00027103230870882396,0.00013859791636695588,2.4861178958284973e-06,5.3671251504669386e-06,3.566002995673463e-05,3.5525924287215303e-05
5.5955846425691784e-06,0.004176740274885785,3.31549939923745e-05,0.0001583385414866123,1.82253515654793e-05,2.3665870379236566e-06,1.4026163300713111e-06,1.936516297265514e-06,0.00030449157317827155
2.9796177999428764e-08,0.0042981079817348755,4.691266638863611e-06,3.9546846883416134e-05,2.089259575346602e-07,1.9244167709706436e-06,8.340964962010578e-07,3.1080671468782612e-09,0.00036342949095707005
7.3223854822760306e-09,0.0018435816321469053,7.917789172551462e-07,5.125828596693278e-05,2.205903524866699e-09,2.2046398069018736e-05,1.7266500424349236e-06,5.477386949618936e-14,0.00033328616305720334
2.905243162987799e-07,0.0010430154096386156,2.979615425604551e-07,0.00013120030855225343,9.08864074738869e-09,0.00022940792074377004,3.598492242649743e-05,8.874872246134573e-09,0.00031973934164555856
2.48646152189609e-05,0.0010072224541811828,4.498834683909016e-06,0.00020405995330192994,1.39956378647629e-07,0.001117431510677773,0.00030304069274136733,1.3238979326210603e-06,0.0007610767608249393
0.0011261236973394754,0.0030676094582572527,0.0009867103654920568,0.010970433006869397,9.891504146223798e-05,0.0029386781054191163,0.0019230196987449087,6.07134738256452e-05,0.001657557877036817
0.033630334701619094,0.02760510918604924,0.03881224440515896,0.14943880012518085,0.006512122768333448,0.015274710743032244,0.01536172597996541,0.001061397046497278,0.0017533176877530666
0.3677056956771978,0.3667256216093162,0.40224791544958116,0.6681661574403972,0.11765471517014688,0.239493441670856,0.12732166793833033,0.007290217386603572,0.001882982392469219
0.8304039270014505,0.77804148840987,0.7112448494035233,0.5790576564400751,0.5634273033955393,0.984074128431428,0.7100764465731608,0.042055831568683186,0.008055171954441597
0.1694694068720762,0.1338190497891647,0.15664457542669433,0.11013757109805397,0.6535193599152742,0.26029777732280485,0.3574835916662251,0.2793073019538632,0.02285397216498686
0.016215308127550412,0.01445385931548894,0.024179404973165796,0.008477893581300158,0.13367622659117664,0.051510563491925634,0.0535000464803164,0.8879279310981565,0.5572929849739503
0.00021727774201617473,0.001820631531539809,0.00046484216854887855,0.00011778523295704346,0.004365991020073905,0.006013221686652025,0.004209198063273555,0.19779224094101722,0.45528783341626733
3.6718571690260055e-06,6.106368886673435e-05,3.5399592539537823e-06,7.899938597410938e-06,4.8810691711553584e-05,0.0015572232593618512,0.00025901550038619084,0.03033751970406556,0.13950510764953086
1.238345908283549e-06,0.00010781005671476574,1.234254623976322e-07,3.2641899777528255e-06,2.1498911915491653e-07,0.0002900869988822125,8.174997236199761e-05,0.012546988997473026,0.044557386140724
1.3940641941651465e-06,9.138381151376325e-05,2.1193709180474618e-08,8.066473897923872e-07,3.114874051561788e-10,2.6165649815647347e-05,4.7331218231958164e-05,0.003756319558637889,0.015353146123697217
1.105823939299599e-06,8.664895264092189e-05,1.7162618033488424e-08,9.602811062365088e-07,2.2310552113826198e-10,3.081056133874574e-07,1.0040758276984394e-05,0.0005535614912711324,0.004359627379994994
3.886922088879459e-07,4.6726619287378e-05,2.3892721966429105e-08,4.689062569413749e-06,1.4244899088837021e-08,3.976364751710657e-09,2.3209151439984685e-07,3.161161281391763e-05,0.0008307725703306525
2.2422767884498197e-07,3.656523033920056e-05,1.3980573606066434e-07,5.266502748462224e-05,2.32768365759044e-06,3.3345164032918313e-09,1.7471445310140827e-08,1.2892003288448266e-07,8.707811630560409e-05
6.894109307220084e-07,1.6868498590725203e-05,2.562309273964902e-06,0.0006603692516014941,5.16947004055775e-05,1.6100694798500048e-07,3.56264361960052e-08,4.329827331563985e-11,7.871420584416889e-06
1.6959561259175488e-06,7.786222604381329e-06,4.454032370237581e-05,0.009148644234824962,0.0007501186198578299,7.524281037306001e-06,2.453470718154708e-07,1.3536567715178797e-11,9.66304193007614e-08
2.1691144708313233e-06,1.5241335790133633e-06,0.0003093995413731053,0.05908418431316999,0.005445105339629967,0.00014575355682919385,9.497406707652846e-07,1.2283484765420982e-08,4.7700164271313676e-08
5.54357308161312e-06,7.172113883089833e-07,0.0015718640992925393,0.29356105663431686,0.08220204803580074,0.0013376238331817532,1.0584387705335676e-06,3.3852022593674654e-06,9.766156744078756e-07
1.3038239572518473e-05,1.4630088925475646e-07,0.003070077727728501,0.9948014560890637,0.7700355680220461,0.028038481344342166,2.3122048050264258e-06,0.00027137345573208086,0.00021117668542292627
0.0005311391069671911,9.457272496078452e-05,0.018193247915329093,0.22162415835000765,0.2528209027287422,0.18286713330798895,1.0053440127218703e-05,0.01102321254316597,0.005411431996245596
0.024164858250816587,0.006611975778087964,0.20205680303389595,0.012525141973558097,0.0264000530568699,0.8321267429461392,0.00034447598464363476,0.09857390081704559,0.05381873694346543
0.2484089964458746,0.0914221734137433,0.7005911012280834,0.0005550060158036384,0.004910253461146097,0.45970081534163143,0.003683940025834771,0.35674146320282085,0.2226592281578112
0.7007402545986441,0.30434494436321824,0.22749896290313143,0.0004756694068274817,0.002209622618393117,0.15065292550404571,0.004331923398182794,0.8112858847515476,0.5663891049569549
0.8422065373787686,0.6289278025088401,0.09069919260770767,0.0031187360919631493,0.004123111895605212,0.013091739250418026,0.0076411214406936915,0.4152394088629665,0.8642204191978743
0.5240857730029265,0.7991061377043933,0.03528200524258472,0.061075937806922116,0.01127653052139644,0.009914216821140858,0.006956346997879102,0.013742035539073091,0.7767883941857965
0.2570442465429932,0.31916408217489056,0.061159053171330455,0.5152882534067769,0.1332847953879825,0.012802604654273084,0.00883596044807151,5.048072839927489e-05,0.7556620289535609
0.05666152641234185,0.07752534781245028,0.06972750566152235,0.7674284982999076,0.5004445871511108,0.047356892471051446,0.005302855752280127,1.8003325635326791e-06,0.7156991437510182
0.01363975662227861,0.019718116332272138,0.14311925146981758,0.2742806377106987,0.7104037438573141,0.09302394056412425,0.0009343346403553393,2.0658953772103658e-06,0.7854346317841432
0.007038359576703505,0.00312458488452103,0.1513060796390515,0.11634083030087941,0.12384535608879632,0.3907363872704319,5.2524049803518975e-05,0.0005632750396937173,0.4345573465483643
0.0243311477237679,0.0007732530334405061,0.19236583944456442,0.023787997022426413,0.005291959812087655,0.6493459801461839,0.0026398714578319865,0.05097547287184598,0.3430140844402796
0.07771737320422098,6.286954615088317e-05,0.7355809012171921,0.0019140192447389252,0.00040593167152029147,0.7136446852134104,0.13971420437690904,0.4791963395781811,0.2683209483728911
0.07580267191241251,1.3242522355289223e-06,0.3385896745993595,0.00010925611040876777,3.5505583218558523e-05,0.7484336995517222,0.5440400662483644,0.9960153966364118,0.36212228297559124
0.014203673761950773,2.4323089216978425e-07,0.25929384031407615,0.000111882577453254,0.00046439489182677045,0.4370973515443307,0.5946602038578375,0.8946883747990751,0.8370353047986392
0.0008568494213875879,1.8490537843039525e-07,0.7405304418666844,0.003000839007147056,0.00883400339210057,0.2558301057763651,0.12801026109445218,0.9457169062856325,0.5530359281979503
0.0005272692382440249,8.993510863738111e-07,0.7018636652013395,0.10105952232601532,0.06074709925020937,0.08071323075778376,0.021171246166487422,0.8895450932161282,0.08108807008447352
0.0009525676263171996,1.180321969853088e-05,0.308243595141093,0.73877880178879,0.39193954601663084,0.03655181609647981,0.0039740661608673854,0.9135219407143886,0.006012239613459825
0.0029004467200380766,0.00010313826931300754,0.15041431935100044,0.3193224958704312,0.9542647770016744,0.007325780387939629,0.0006109313602988813,0.7126057114354971,0.0002474167430424804
0.0014907565135129617,0.004680936920972701,0.042656471805996174,0.02681039878117161,0.26032166158766146,0.0014047434837169443,2.804725447712323e-05,0.5114086412707277,7.669692544106698e-06
0.00030885528487002603,0.01907285793813595,0.008926706533911484,0.011372305773989053,0.026656504938449784,3.990962093719131e-05,2.804658600442158e-07,0.09925572919715468,7.1679202835097e-08
4.7516961170951326e-05,0.05343776965535773,0.0014423417926116414,0.0033912389462575545,0.00025937481898270846,8.048070893816977e-07,8.944602782076856e-09,0.0072271211563963685,6.6856876893624325e-09
6.112974038908593e-06,0.04573020065325876,2.4696738898804876e-05,0.00031816580071127097,1.7458193537704045e-06,2.3797953351807244e-08,1.3845732676145174e-08,0.00019584053151313447,3.43471878079643e-09
3.165504838091609e-07,0.025447667039408275,1.748151377803245e-07,1.435777362224116e-05,6.019544993816936e-10,5.351622649120317e-11,1.72969679580831e-08,9.600045970124784e-06,3.4533105002480257e-09
3.739077175855141e-09,0.004498115355682952,1.0550074802151387e-08,2.626115696942137e-06,4.207088315002398e-08,4.228163134760378e-10,9.139633446988885e-08,7.641705148043113e-07,4.1937387192903303e-07
5.1284643142981e-11,0.00021500385410540068,1.8366195702878343e-06,1.5636404334877538e-05,4.425351561291302e-06,1.6878153810855922e-08,2.3704510304445935e-07,1.0862112385674632e-07,1.5121800741447254e-05
9.64619687469963e-10,4.339302711113016e-05,0.00010174601659897794,0.00017633050888765783,6.323560676022746e-05,1.814449824147563e-06,1.3023662731544704e-06,8.024925485951388e-07,0.00018313608130841926
6.069454861711055e-07,0.0004605468355580553,0.00018051559872447006,0.00014259949175149644,0.0005021995027162466,2.267598639633465e-05,4.2468364005905456e-05,1.2409416346131946e-06,0.00037180388412396336
3.71318531430394e-05,0.0017742988849483074,0.00014357909235290388,8.042469576983763e-05,0.002179003483775068,0.00022643641736319785,0.00041165736199921875,1.6121535190466102e-06,0.0005836834392665634
0.000655299314817544,0.0005977686440458643,5.1074809923366695e-05,2.4907007947321953e-05,0.00453418714254324,0.0010433369714479383,0.001690200893085492,1.5264459002494757e-06,0.0005679077328916689
0.007556310124637128,0.0028735174498982314,6.43541945380198e-05,0.00011914190760384075,0.01075235415367168,0.0023374612437685014,0.005800420634642595,1.5638911383814132e-06,0.001960459981597965
0.059749487474208864,0.017753226792608413,0.0026742276550807188,0.0031477190775398424,0.015779327691359698,0.005827146878251637,0.021684308043923673,4.641254734577566e-05,0.011275940205445702
0.3028616465178412,0.11469167527353392,0.04522679551657161,0.05430808334913456,0.03761669775194248,0.014967549154558004,0.09073607621139738,0.00034007652155008115,0.03753987337055964
0.9633559369465714,0.48490304684256,0.3958259901956376,0.5104309222541187,0.3275559206344987,0.01840991594290689,0.2825851416043572,0.0018485170643067956,0.10231487873583218
0.13087105710753683,0.5840260793315819,0.7145042074550294,0.45064508551979443,0.5097246178704573,0.31750830924766055,0.7590289617682275,0.02366317553204899,0.34908943050571883
0.0014861219903504854,0.0448660492160661,0.2406121364834605,0.06705007205602667,0.1520416717394918,0.5312891466744563,0.27830343563711063,0.5264769588116092,0.7730901034529868
5.697372450610965e-06,0.003771786029799932,0.06572953057068454,0.008090033381182209,0.043783089013359006,0.17239660510752744,0.011541759778169076,0.5833793040982009,0.7704399911800025
2.7817622698958673e-07,0.00044940927034632227,0.005876822467243812,0.0002850647017392414,0.01205040204864046,0.052563390963006835,0.005237942946147178,0.15925850848774822,0.1272027895254485
9.76522420948126e-07,3.1712560858279054e-05,0.00013681842222052864,4.3971016824200436e-05,0.0024613375779516094,0.016388075939343688,0.0031446661063708227,0.03380678824566652,0.028038054611823394
1.4764347758342722e-06,2.2850418398814483e-06,9.528756764071799e-08,2.4603847239043258e-06,0.0003711153732547526,0.003827715942624324,0.0017427917327495475,0.004717461606261483,0.012333246356418267
3.5350399332453124e-05,5.461003738865157e-07,2.3202799626898937e-09,3.740897939512577e-07,3.349710337139755e-05,0.0006269693295298462,0.003282102509673709,0.00040208079781699354,0.023840697423305288
9.655775345231455e-05,2.307710427429408e-07,2.135981418296944e-08,4.228230185298543e-08,7.966155289845267e-07,8.81093464852499e-05,0.0023850042940077457,4.407868897776739e-05,0.023345833259801496
7.603974060226504e-05,2.62435334548982e-07,1.8948496514526013e-07,3.58862415840734e-07,8.459436208097565e-09,3.914610747051068e-05,0.0009246220084091884,1.950093255460644e-06,0.008337218745499026
5.0106577170804454e-05,7.444104304679944e-07,7.503043569532993e-07,1.6253033482327981e-06,1.3767977063223207e-10,1.378509785107049e-06,0.00013838450845069447,1.5678307668228196e-09,0.00223221721433142
2.1596206974875272e-05,3.0490329802127786e-06,3.0750480751457763e-06,3.297223639167611e-06,6.446090688930633e-10,1.9984127881031568e-06,6.9904595598822074e-06,1.2146433615258702e-09,0.0004305727295514758
3.4471533350241574e-06,6.823879278102994e-06,6.5551079252995684e-06,3.800306138486594e-06,1.351861081225259e-08,6.298061571866356e-05,7.00941917052311e-08,1.5616736726460058e-06,5.307551523360176e-05
4.552154370346384e-07,1.648477810786914e-05,2.0142511081333136e-05,8.102271512806436e-06,8.680493095728853e-07,0.0009380384910842007,2.8381230368606046e-08,0.00011473458952109065,2.416770563982279e-06
4.3381085435364175e-08,2.241817047641045e-05,7.993776743947406e-05,8.392918657537868e-06,1.0609328366446945e-05,0.004954336487899591,1.0790309018188719e-07,0.001330992484962363,2.8107718668553664e-08
1.6380123250741153e-09,5.139794165990812e-05,0.0001308322907472863,1.7536885465728764e-05,8.627522392581871e-05,0.022654874260332424,4.6743843006091836e-05,0.0026806605846870185,3.137137915778087e-10
9.573364151552503e-11,8.399881531043953e-05,6.3103811576081e-05,8.549203719524616e-06,0.0006331820809811275,0.0568271457769825,0.00558435393948138,0.003285744676368567,1.375547763299116e-11
6.831752384609016e-07,8.592631445902616e-05,3.0140435517331067e-05,2.0365723678984063e-06,0.002242862152041857,0.0935532830447909,0.13160317997530785,0.004215347883121755,7.645425487983276e-09
0.00022854641998487548,1.163171880289332e-05,3.3886210511251113e-06,8.936367740625793e-07,0.005614654726672447,0.08496624047175763,0.6995711798989606,0.0015278085608704303,3.3589135872465103e-06
0.006683978688553078,5.231633556701349e-05,3.6217697124296494e-07,9.259288880046045e-05,0.004749638138693549,0.01784762164507824,0.5508441629086933,0.00011768587337651496,0.00044995255406096637
0.090600255625881,0.004392103925975163,6.340388506879593e-06,0.0038809388270344388,0.03796596605010249,0.004678610603782492,0.09454589255013479,2.3547512548401443e-06,0.010771835640936554
0.39655535706041123,0.09497576615545449,0.0009642886268571493,0.026350572839187437,0.4963274252709995,0.014198992526447057,0.0032391007292850767,2.3217054928745334e-05,0.06169222260227785
0.8743143671066391,0.4465035758556585,0.015122340258759238,0.018504050664710482,0.6172499053736857,0.14969535896365394,9.99788697347031e-06,0.00174827326870997,0.24979256683970738
0.5621006609279171,0.7040330552227329,0.2489836711010449,0.03538062353753175,0.13201930263107636,0.47237381501204734,5.41309078247793e-08,0.028727981471452137,0.7091601736019533
0.09530496552271354,0.8106192741509135,0.6546488553394798,0.22830412440545206,0.019123357601364525,0.7506827043801745,4.925843809284378e-09,0.11457765121451093,0.5513037733102588
0.0016877192509698305,0.5060810543382888,0.9663071679409433,0.8096112491950913,0.013755274607974856,0.526847894055462,5.4802362713602995e-06,0.33642694522293404,0.09811692246222918
1.3775171441603311e-06,0.20772701791811407,0.9101135729249765,0.6858670308370219,0.01765237009756994,0.4065748932049321,0.0013011587797795675,0.6093630247628126,0.001998350613865524
7.172252612921287e-05,0.06093896917929879,0.8770604445473703,0.4242824582553818,0.005784551730249121,0.3451251154291607,0.02609333033830323,0.8971263759863216,9.922040362136542e-05
0.0019436289759208177,0.007248153199521075,0.7430891779624059,0.1326119477832816,0.0006762314350165064,0.4637354027166698,0.14914396005823513,0.6853474535913713,0.0006059583984854626
0.010858301447027036,0.0008790389300754842,0.7376323359845899,0.19057995943706116,3.737185707641608e-05,0.963439228860284,0.44767422193423523,0.11731963182250076,0.02422310298737114
0.02991923913844488,0.000271954661396403,0.8480052859233045,0.10156965333729565,0.0008599173122591871,0.290170592283064,0.9875200462525386,0.007199631732117197,0.0686619328976303
0.0254437602939683,2.9864554449746356e-05,0.3188019644949614,0.07735511366510316,0.024055133976440796,0.08829284449652522,0.2930276002597499,0.007684466573552538,0.04119642551460613
0.005393385419365266,8.254779121697592e-08,0.22354944961096687,0.009361869521492327,0.15816599642301093,0.0723287714073276,0.01577208827047036,0.013191662616780411,0.019480400240263887
0.0007520641569254582,1.850452206929316e-11,0.33456532752741097,0.010067337516069773,0.4236082486610524,0.04566349636533383,8.600479342627253e-05,0.024975908251751198,0.010393658551736774
0.00039446501509725454,4.751068761429726e-09,0.8475693042207776,0.012508483337585379,0.582962714114535,0.013952933359539817,3.922679010867418e-05,0.02536980027599866,0.004209828182063729
0.0003631383018353838,3.9972474048736536e-07,0.7459511730544817,0.007053376600801783,0.3503041815296408,0.0008773620462476534,0.0034261993953414063,0.016516578638986278,0.00038585132116678657
9.454501436444094e-05,7.66764394374497e-06,0.3223442049326015,0.002306332265410718,0.1461255570204735,4.5482950566795595e-05,0.11526893209315241,0.004553796681018917,7.469056028433447e-06
3.875083619337681e-06,2.068628644025622e-05,0.06941812805531712,0.00019428584854049865,0.049964979104369915,5.487080257096634e-07,0.6002239888847434,0.000526564319113446,1.853170251585123e-08
7.191051443998159e-07,8.482857772633e-05,0.010568108852615365,2.292151116206802e-05,0.01974546485322645,2.7606869970819128e-08,0.7057583649020371,2.8867251842229156e-05,2.270191282319112e-09
4.338935528153554e-07,0.0001528909245399679,0.0010173313600094287,7.018126109887116e-07,0.008911709737601031,3.1605972031021495e-10,0.3295536774418142,1.3598449563774706e-06,2.7166805120763114e-07
1.9986369545612724e-07,0.0002658746032590334,3.269143009406597e-05,6.113673319558533e-08,0.0006968098346176568,7.012152626961862e-10,0.09773096412513206,4.091351596400742e-07,1.0012666317316508e-05
9.225814772648451e-08,0.00020914086556847775,6.094474481005815e-08,8.412011855133899e-10,6.195901261768046e-06,5.6055280362590067e-08,0.012087048834545292,1.2467451101153727e-08,0.00019344615323591956
5.983501503215375e-08,3.8293203538580034e-05,1.1236029634154873e-10,8.022578224978166e-11,8.581875503018209e-09,3.822238858329724e-06,0.0006641151927450923,2.7034591161254843e-09,0.00030787362557102436
4.443440189264958e-08,6.70580203324989e-07,7.532705879614719e-10,4.498626532367593e-09,2.495514905668004e-10,3.549610565427593e-05,1.620096405079631e-05,4.759619536910121e-09,0.0004996653674035449
4.999660108729734e-07,6.977749468121189e-06,6.574847710694521e-07,6.248938321809255e-06,9.737590852638364e-08,0.00032791415609533355,4.961200398952554e-05,6.07050871618907e-08,0.0006740172410737566
1.3045659860854354e-05,6.440833376255703e-05,2.0017955545893192e-05,6.741962824965949e-05,4.7538847066690685e-06,0.0013594405800542192,6.485855443639225e-05,1.1135897690749805e-05,0.0015862279630977963
0.00022864283468165228,0.00013485874864944432,0.00018625859705985744,0.000326527570613056,4.473167528372164e-05,0.00462838698701403,1.7372241580161697e-05,0.00020926490905591417,0.0021221326502563263
0.001613121943606693,0.0008876209157813575,0.0014736725404294877,0.0008162072717162146,0.00021009028753080772,0.011163197721928952,1.0210269546067569e-07,0.0014013077022548464,0.0008720592792233916
0.01751238603773619,0.025047184679754707,0.014129007949470996,0.007428954367117946,0.0014009695263284606,0.02942787846337555,4.5645363223989366e-05,0.010870208628932707,0.00046757971893508993
0.12133401828134485,0.24684384475093923,0.09413617755354085,0.06406724217959839,0.008092449603364199,0.04377728018540215,0.001443840132617213,0.062333770178076044,0.00488704043666449
0.5931385475995785,0.9283534977194284,0.483424241777233,0.44714751111823425,0.07106276069331391,0.06293853406527218,0.014311182380339177,0.2909924089222912,0.026160137160099673
0.4382248972130609,0.1808369510770826,0.573788798455678,0.5970784872815105,0.451802213300999,0.7171539692961824,0.07995612867819098,0.8962874367226223,0.09673142520548333
0.03149331302338098,0.019727890626518994,0.04527901376072763,0.0754973776888678,0.5150240808607844,0.3228523383765589,0.8018180245739164,0.15395930189989068,0.5075849469822844
0.0004412092774909335,0.0015359022424879269,0.00309670919771966,0.006959862566436015,0.07137187378914447,0.08448305290699762,0.3476384575258955,0.007813700583735997,0.45991198744832085
3.745446479137224e-06,9.002130416525234e-05,0.0004283186080032672,0.0016444891165578927,0.015018737316444215,0.033113729783035076,0.09417679022186078,0.0008140599417061449,0.042952657340557227
2.942306106883465e-07,7.978537219752045e-06,3.172053084949277e-05,0.00014445169556009347,0.002554969765050297,0.011292224210238273,0.016322450939144726,0.00030322628933776677,0.027892873244039
2.3864489555721834e-07,1.4677143502219335e-06,5.446154839811959e-07,4.599361197158613e-06,0.0002558965635451646,0.0030048308836308174,0.00432397784150091,4.115700899723379e-05,0.014138269709465768
1.1738209543516104e-06,3.1944820558472975e-06,2.0201845173944027e-08,7.597616988111039e-09,8.836024079378633e-06,0.0018857180656043748,0.0006916463658381839,2.6842301360896518e-06,0.006098249561340594
1.4465619797372294e-05,9.116668590272642e-06,2.7683185633370756e-08,1.5684681511878211e-09,8.801515303773055e-08,0.000526672578799848,0.00023197935671242855,1.7871001852801427e-06,0.0019289808110424327
2.4958490073236062e-05,5.737765109689789e-06,2.8963371009860868e-08,2.5692824391198485e-08,2.1219212258698962e-11,6.389183152866427e-05,1.7475727321273732e-05,2.7974569101654344e-07,0.00045090448744971077
2.5901225423054912e-05,4.130382304321321e-06,1.7178731476732972e-07,8.937289070120477e-07,1.1127024209442791e-09,1.599923117063529e-06,2.2481171994191067e-07,2.4955298733625602e-08,5.236254303445862e-05
1.6802695207568626e-05,3.941974598919165e-06,3.4399177642297494e-07,1.3666820419131032e-05,2.409756536345288e-08,4.4627156119011765e-08,7.596725384169712e-11,8.670523596101203e-08,3.223435324268078e-06
9.700369355169946e-06,4.530912691532139e-06,3.5465033767583285e-06,0.00010476510572710618,6.632639751168141e-07,4.040476865892625e-08,9.813014708301485e-09,9.417104406626937e-09,5.928822545744322e-08
3.084909528312114e-06,8.015685135116587e-06,4.4863778680357465e-05,0.002856570114777362,7.412418561664354e-06,7.660200422346828e-08,3.713156137732669e-07,2.0438993279852065e-07,4.985804336108766e-11
4.3625705067117796e-07,0.00010299582135621801,0.0003211582051851006,0.03987309555011966,3.265561353005543e-05,7.647663094851099e-07,5.69708851899152e-06,2.0085641776684555e-05,6.502241402737274e-12
2.741660625581427e-08,0.0006724939049782859,0.0015941946598427477,0.23329209804811757,8.432336385005386e-05,6.193957328103318e-06,1.3326251099813354e-05,0.00035270378456098346,3.5828423604661996e-09
4.957147691487482e-10,0.00193392610047351,0.004903766159646513,0.8560549001177196,0.00016337239958301087,7.792671820670451e-06,6.977571393757204e-05,0.0005818245588124916,9.465087034866137e-07
1.1471429136240937e-09,0.01299734850196653,0.021896043001056995,0.17307206322178428,0.0006707492852440007,5.0117884717443763e-05,0.00031014959508579576,0.0012447122208744962,0.00028415248356646993
4.31885216622322e-07,0.102842030171736,0.041694587047506504,0.029944400786710054,0.012957396334031073,0.0001431653292453766,0.0018946375969252044,0.0031937461560364137,0.01172923751312604
0.00044357813501722795,0.4950855392837016,0.042814081589131255,0.012328800073606835,0.0780110203011518,0.0005499820339187853,0.012711547321146313,0.0035599379046276627,0.12003027090182421
0.028818549554795583,0.7220980072444032,0.038169510351487176,0.0021961423967255043,0.4630555303141115,0.0014696791059288158,0.08777520103221323,0.0053492300897547045,0.5758832561795033
0.17424183635346707,0.17746986115516875,0.205417669477638,0.0002027064158116672,0.7492063570339985,0.0038968862791810967,0.45076099452368434,0.1307952485331157,0.7781607392336711
0.5611597319903636,0.0288596010953043,0.9480939792368621,0.00016551103477944698,0.2045454674826977,0.016365252733290616,0.8526187030983299,0.4914857969167373,0.2021170288256503
0.8864331833863324,0.01860869614941004,0.32548396838270677,0.0012050833418520445,0.023411352943838226,0.07858475554811399,0.26204306023859913,0.6809464610693399,0.017721240977779665
0.3047711230827175,0.06934513446117019,0.16079391275703073,0.0006969515022324932,0.0012463519179989277,0.39856678210751995,0.04225606205868186,0.9058195572954713,0.00047608735243703044
0.024287307610751485,0.16934486394156845,0.04780334318875201,0.0006701846693362945,4.949001106336761e-06,0.6252859328620506,0.004123225567811695,0.7799037060276097,1.5046758603699712e-05
8.911593245387016e-05,0.16076334879343662,0.007540298041009803,0.0010279710734952797,1.5896909325971806e-08,0.053011511306379044,0.0013925126839077241,0.6026172222143544,1.5918640170227545e-06
1.331315276639832e-07,0.13872713957198618,0.0023238110755999875,0.04934821020754014,8.06017631352061e-08,0.0020127891080069047,0.0011082005726547718,0.19022568406632637,0.00016152931738941034
1.1084645347828573e-08,0.13938684499133336,0.0008705250164907794,0.30986182836274334,7.3799609372547135e-06,0.0001588023391879556,0.001272081374380528,0.04678858806047537,0.005194506573987986
1.1317012974861616e-05,0.1742776029600614,0.00023038611045638757,0.7198494153904537,5.2978027185378155e-05,0.00011988876867467778,0.002648408459794961,0.009113438360126024,0.02545201260814318
0.0004384875272354475,0.14603444781932898,6.831039691504445e-05,0.9103476916080921,0.0004009995632346372,0.0001448448701996736,0.005613058607035576,0.002584456704503729,0.11267251454334593
0.00205753638431588,0.07056900787808239,7.880542712551401e-05,0.9174070887382879,0.0015492540500278479,0.00012183433456169203,0.003934298906778492,0.0014852809072901086,0.13855835596905078
0.0026086840634669184,0.01876496749965371,0.0007391368932792619,0.7036056150019473,0.005884834365752921,0.00019110284637578832,0.0006158425337893002,0.0005120084429983437,0.15353234473006247
0.0011229029466737993,0.0018918356090621585,0.0011153213962085135,0.5770596633510129,0.013907755708560017,0.0003403989019122083,1.3183244210105128e-05,0.00012238779875369226,0.07831296413350776
0.00035102654839593077,1.9554851444888403e-05,0.00016706091307615542,0.8313326733220116,0.007686869232968509,0.0004110422313885915,1.6418421373799693e-08,5.449732443585666e-06,0.01933157004379495
0.00015427214017944946,2.687332073266023e-08,7.599732423646501e-06,0.4857868332412374,0.0012133445089829696,0.00036887439645985067,7.096157930264942e-08,3.3088148554106834e-07,0.002153901227237576
2.6546884343837647e-05,4.154829936606493e-08,3.041244222596755e-06,0.15870972277456985,9.413133059426031e-07,8.576827211052512e-05,8.244311917612969e-06,3.97539629373295e-08,0.00016529601860163046
4.6048956010076675e-06,2.835979826056814e-07,2.1052686351583896e-05,0.00823086714316597,8.876344969600804e-08,3.525366779203966e-06,9.021821209413015e-05,2.1774756288833467e-08,2.1393001345820838e-05
6.506964359440528e-06,9.879699444711626e-07,0.0005658039276555224,0.00021934840212423014,2.3579165064381376e-05,2.845937240662298e-05,0.0005990659166263245,1.0946559486165894e-07,2.7697570670706263e-05
4.7675577205200994e-05,1.0659179284721023e-06,0.0038442032420700515,7.032163157978278e-06,0.00023158270753719117,0.0007093456164966702,0.002189856427485219,4.4662857295648377e-07,6.342727240107881e-05
0.00020583567082333741,3.871638423368494e-06,0.009422304429552813,4.073371418592328e-06,0.0012427110974356458,0.00048801551907996614,0.006488138523419661,4.188141880289446e-07,1.3794736188762458e-05
0.00014313277068749147,7.892552550194511e-05,0.009120063920003712,0.00012505934089302823,0.0035713042319390205,0.00022073908977489565,0.020645307153118263,1.3229162166731265e-06,2.979417502355123e-05
5.175928658771489e-05,0.0002729812820190859,0.001709960917192874,8.077581903023076e-05,0.0019203651510837924,3.05758831960994e-05,0.04736702852648485,1.2111799607636636e-06,4.4598855420143474e-05
4.904087955432387e-06,9.96763498446513e-05,0.00017312763973949513,3.074883927033949e-05,0.001330182247592819,1.9946993943771836e-05,0.06283999535892608,5.910201642336122e-06,0.0002475590266189664
9.221756879753496e-07,2.6040171417526422e-05,8.317443596766934e-06,9.669089880397768e-06,0.0004470100473046268,0.00012320922951069703,0.005986936930173611,4.83788499515168e-05,0.0006567931417983939
2.7940088871292988e-05,9.826590545998401e-06,2.968413976656731e-06,0.00014645503358616277,0.0001966368062647576,0.0007471306269429196,0.00033272050659556736,0.0002791947734798715,0.0012202387896214388
0.00033355081240334664,1.7926866651693316e-05,4.868986166435331e-06,0.0010581342323757615,3.827748579029097e-05,0.0024085660767937727,0.002442167670496339,0.0012713172273290405,0.001422856176837699
0.008286407717108856,0.0011489923905390232,0.00066590805601881,0.002637801418523516,0.00010453658630251945,0.007866801188897021,0.023661540518556828,0.00872334968415994,0.00285679227827648
0.10905949043348341,0.035644223625735515,0.018553248909943688,0.013996482265557688,0.0008117723928782424,0.016843865449089137,0.3552432453297103,0.06187019784734424,0.01550202768327301
0.6030727478081459,0.6145916269163416,0.20883564445455247,0.11606138396363844,0.09462016169582342,0.025352749747619606,0.8828113826205322,0.5770384019728129,0.08579112415785775
0.6248583913739503,0.42507470815355164,0.7874681457302044,0.8342659850768844,0.6804011454502374,0.06852854013740313,0.6046329139415323,0.3892484785062844,0.49320394535479084
0.12868280045016445,0.12892248628207434,0.5068072811315887,0.5240843681541754,0.6054354966103479,0.40805156176585655,0.30340583244749675,0.09467522833763896,0.4066846721057097
0.013038885019802382,0.03037956572340768,0.0891177525375608,0.10904725081405742,0.1442427480086961,0.4429653734767446,0.13081686003018037,0.0219085952032103,0.07110416564130038
0.0006338738919862609,0.0035649536955413563,0.006794548204114687,0.014867774696492813,0.025523031663700013,0.08893063823633002,0.038399435683314546,0.005350931788186815,0.03682066381008477
3.39429175483091e-05,0.0002685964774131137,0.0003913618387014501,0.0017296410474688982,0.0042116183285626834,0.036869068679035895,0.010567472129362598,0.0012539066616160668,0.017795562389784653
2.936092754576389e-06,7.255905296363751e-06,1.9447579215910022e-05,0.0002431442437244878,0.0005829385757640641,0.013209263360188185,0.009759154053206175,0.00017916632329064653,0.006249634208836243
1.5348215896422704e-07,1.0765518264614188e-07,1.0741084308669378e-07,1.9293153355859502e-05,5.412664077552362e-05,0.003622142539430131,0.00412825588882596,1.0870121097877361e-05,0.0014876491166132889
3.1878335412075375e-08,9.793203490432315e-09,8.61983314953614e-09,2.578918775900938e-06,1.055813576891158e-06,0.0009528105404114277,0.014611151313365099,3.623028656895385e-07,0.0002491638377743379
2.3949284418051933e-09,1.2307393269997733e-08,8.492401567244875e-10,2.223219174107836e-06,5.559300316808726e-11,0.00035941370645452747,0.014931052479677999,5.885251530996506e-10,1.8905708175762463e-05
2.959453365156401e-09,1.9688989087676858e-07,4.537880485073352e-09,1.1970441639010626e-06,1.435573516002671e-08,0.00019894469271964269,0.006174506916411757,1.7833108923559842e-11,6.406232772875282e-07
5.912375021095502e-08,1.0294350840424622e-05,6.834571198089365e-08,1.6103813838150193e-06,3.8491480701907136e-07,2.4524724453925622e-05,0.0016098219725401183,2.1532108982898496e-08,3.112147294024891e-09
1.2810951019156174e-06,0.0002355609076474846,8.325863523256117e-07,1.894045458866922e-06,6.166276440093336e-06,5.2725701873260874e-05,0.0002243025232131682,1.2226613150113105e-05,7.619550802462766e-11
2.274058972140442e-05,0.0023122865512331596,1.8586509174475736e-05,3.353108474083719e-06,1.2377111873942949e-05,0.0007062703776414669,0.00010898183284757121,0.001629100851609411,3.581016008358976e-11
9.784698141072427e-05,0.01573939661541783,0.00027974634001371227,3.871800329947541e-06,4.769589890978512e-05,0.019349562345640163,5.239479474057337e-05,0.029236079661378877,7.041850716526107e-08
0.0001221929836015886,0.05405528488455614,0.0037985602020056443,5.2815356073823865e-06,0.00016369019473134823,0.1612787507444507,2.569511844872476e-05,0.14402358552091873,2.46021613743765e-05
4.599221240163626e-05,0.12164828179472033,0.021929895760744625,1.7503321966380237e-06,0.00023174973734725046,0.5265896154618223,7.426211762370031e-07,0.3206485947220038,0.0006341814240807385
1.8157155353891297e-05,0.1696573662856578,0.08626653710886008,4.507815581743977e-07,8.700954969252692e-05,0.9850623410837003,1.8545174686893888e-07,0.5808322987092049,0.007008516118010095
0.0008569532351512387,0.25190076508092085,0.4227079541164843,9.342756094149382e-06,1.2954701476280222e-05,0.5588726011230041,0.00028805407807027186,0.8631855437463196,0.08851812498921172
0.031517825432777466,0.3802997743442097,0.7527490842278215,0.0016521277087952493,7.742455118083948e-07,0.3892633022805938,0.04761201890396019,0.14100449736699627,0.5352871804640847
0.3992873532305945,0.8368540941311734,0.15960424047522542,0.055897663612499975,0.00029999466301905344,0.34982159576507743,0.5166587633584345,0.0012126304699151735,0.5883603865549498
0.7816126884645695,0.42260915224622353,0.022725762474146115,0.35907536953869623,0.0062635146122752,0.17501024925266637,0.622694621769048,0.0005374986471330447,0.08413582457059021
0.24289049048379385,0.12234117619514993,0.0004940585788548047,0.9595566894653269,0.10460562522686546,0.11601943367257847,0.14421407696388472,0.0039555919199098215,0.00687068796250686
0.08311751921719811,0.05974879956471704,0.00013348682832393902,0.45190416458031524,0.09009588692965684,0.12147931749755814,0.03319241300925585,0.08796941252592334,0.0006335688960715604
0.019725912363298348,0.0841323057080025,6.488231666984259e-05,0.22917835841647194,0.13995220438199932,0.09441430988787547,0.0077302445012030815,0.5286480450921999,0.000265168909130914
0.0006736901325199279,0.046371031117413156,1.4400036570044467e-05,0.0355892937863946,0.4610763265190808,0.030225870046232943,0.001450691361545645,0.3383021983507718,5.604202375975161e-05
3.126745353502883e-06,0.023669445246142305,0.00011531038371748375,0.0012098837922100351,0.6816712809177479,0.0034962602029570125,3.7569142872089124e-05,0.17461788065798534,1.1652393563613195e-05
1.146157704402826e-09,0.007514926353935186,0.0003419508055912414,2.13345807489847e-05,0.0792000782523773,9.953593190837023e-05,1.6836792741390812e-06,0.05556573247876516,6.499862172771632e-05
3.2938357464735676e-08,0.004716061584879142,0.0018929207564289225,8.12492494449786e-05,0.006697620902022883,0.0009953730150094352,5.2175647987919176e-05,0.04591979612327699,0.0022703804300224215
8.647352699695795e-07,0.008427250060036508,0.006110235988331884,0.0007446810899436054,0.0015701099454866103,0.0023518604582896114,0.002053225028321711,0.041606294987018844,0.02352253801598364
5.5257470234581325e-06,0.0263415880582259,0.01419303075422512,0.002024145179289594,0.005108575589995203,0.0010875938827868588,0.019942300080459944,0.038501957726241404,0.10036041131134618
5.0470113165504626e-05,0.13970961406444174,0.009566369663418995,0.0008700745049570901,0.006748064540183428,0.0010387924865220997,0.0959632719981172,0.01810274827048773,0.10668697063590446
0.00036198681478509065,0.1586677751107896,0.0028142008468336117,0.0003066367870044638,0.009804065507341926,0.0010350129877807954,0.102324947440962,0.0030644986341094417,0.04468625003341131
0.0003385436442521534,0.07377970232869725,0.00014936373053366667,1.898129491949531e-05,0.0008491721847742392,0.0005407796844376975,0.06907389648866472,9.470518562001505e-05,0.008740895382621591
0.00021638170154572576,0.01470785584679698,8.594643210116855e-07,1.3997670508367858e-06,6.86277040635996e-05,0.0014443728859771527,0.02702622841781951,3.4237751188911174e-07,0.0006619542506023711
0.00021537834566972622,0.0031879654879309396,4.4640280525821257e-08,1.051988433921378e-06,1.934989126963451e-06,0.0021688068026312055,0.014154208448016464,8.655173374593809e-07,0.0003942821154923906
0.0007304499660942777,0.0005111190482268292,2.114746675650417e-06,1.0088158718786263e-05,2.2663339042892361e-07,0.0022607137197876354,0.021485624645495045,3.2699885339642698e-06,0.00012617436976538273
0.0009713792093888585,0.00013037651066244899,3.3133625377952613e-06,1.1716698188332743e-05,1.944723625852282e-07,0.00022003977524168882,0.03053353065835994,3.3042506254564625e-06,9.675434362295746e-05
0.005354659254586713,0.0005048415757611413,4.8133073954212676e-06,4.856896066772661e-06,3.103173315791695e-05,0.0011563126226055293,0.021448699908967455,1.652962847734872e-06,3.152202057947798e-05
0.0018043651282784506,0.0008662234214293964,2.150228900356363e-06,4.154567804789347e-07,0.00020790763179342515,0.00457840491998219,0.0021835343874873074,3.3634527219767834e-07,4.490603112240709e-06
0.0005432869072534996,0.00201184344476791,9.831274557934977e-06,5.476302194990843e-07,0.0006005677293009937,0.019728767936095782,8.516151718954548e-05,2.520873045339738e-07,1.3055830767366881e-05
0.0008222208897941212,0.0011005424418628433,7.386879803797646e-05,5.8002975617401545e-06,0.00206913398703537,0.06413195503234115,1.707710626573527e-05,1.130728138452857e-05,0.00015479363871426452
0.0024416980949203567,0.0018769494915997125,0.0003021704779148934,3.839558049317306e-05,0.00604422364817657,0.17179742026276656,6.787952317702341e-05,0.00017610193117410572,0.000732792817402698
0.004197966645721542,0.00247537405824633,0.0003840634225653273,7.267027627465602e-05,0.01163451554080586,0.42549105556457434,0.0001697682136314054,0.0007497576077793704,0.00209670367096673
0.00044826064995860795,0.0009038625442622638,7.302508003032874e-05,8.314677857410236e-05,0.012494585734685098,0.3346618521045617,0.00019819121133967378,0.0010338578699563045,0.002554846328404235
2.245467872677199e-05,0.0017951451434439422,1.161923600460021e-05,0.00018302955333605354,0.005414747036557574,0.2407805760106122,0.0005125918889781424,0.004241579955942658,0.012036899505004306
5.730589072594161e-05,0.002005095140354507,0.00021149733021295962,0.0016144807288263258,0.0006394343659985522,0.18784887101667228,0.00415819613239252,0.022753597415359553,0.047358919951535114
0.0003950082261533276,0.0009013018376072809,0.0012011885452913856,0.00812465280378624,1.3246838987474167e-05,0.28347805290888645,0.030280109071236128,0.11826148258694184,0.20216464165571968
0.0021568989801451326,0.010153727042009725,0.004790778346386068,0.029184411378203337,0.00028015034700919574,0.7672651428897079,0.1149137378640299,0.4633607599951026,0.5443584149642753
0.007372149696326399,0.5979718537453764,0.05154060433559173,0.2756507630183131,0.1419801566863824,0.6048442264611398,0.428533091774038,0.5366259063804841,0.22727567540601049
0.03412288721888317,0.5558793238436565,0.5731265542877682,0.48027166412408573,0.6456763640093106,0.23083034080038395,0.49458602679220753,0.029510539761643247,0.026828583942387418
0.1446094750544301,0.19088046809099393,0.5657733457215228,0.13501884427809024,0.2035634508604876,0.08972836667843102,0.04295455227295482,0.005787563219468367,0.006799318263901457
0.31189733857599644,0.049684921520738376,0.18530745417083658,0.03697378425714691,0.06754241188005833,0.02860845153437467,0.00039738626432140055,0.001137241152286671,0.0017143534231944177
0.5694741426416043,0.010224483681068503,0.04270069873480431,0.00921359717569751,0.018039469699834765,0.009168751751441306,2.3039076983311673e-06,0.0001366384357555457,0.00022416796031274168
0.8123237515095612,0.0016063185246945567,0.008135566202102408,0.002492805950428438,0.004594963100537658,0.004598027008112859,1.9083213991457522e-05,1.0187946687275678e-05,6.271132473677701e-05
