0.5545087915892812,0.3312347985249805,0.5318728082927655,0.653976296580688,0.8666072696182284,
0.4882464264633133,0.7044906690890399,0.5366655102120464,0.3423954576570233,0.8666072696182284,
0.9214024798472179,0.9008126920309409,0.06544327289744065,0.7081710813585649,0.6730770665547958,
0.964857620641308,0.5045451651865736,0.06544327289744065,0.7650590934777167,0.21584445861201662,
0.567740559297576,0.07942173071636417,0.0654432728974406,0.6658090061975727,0.06714160812311373,
0.20664424289726907,0.01705117831239894,0.06544327289744065,0.2770375109816095,0.06714160812311373,
0.03928619837127443,0.004772127485177,0.0654432728974406,0.12971217525405337,0.06714160812311373,
0.011454008858601749,0.03898136629061312,0.06544327289744065,0.08108626383885315,0.6457313536343072,
0.0003153564725038961,0.015382710467087543,0.0654432728974406,0.02442467860215413,0.4489749206915816,
2.4689445193875187e-05,0.0037673250088410097,0.06544327289744065,0.00588533643130568,0.06714160812311373,
0.0001857446417376641,0.002744957349117808,0.15133147849185022,0.004344534337958165,0.06714160812311373,
0.001842869098997732,0.0067001338033177244,0.3305649312781843,0.006385195746483222,0.06714160812311373,
0.003143072377575626,0.008726685479525875,,0.0008725054199942133,0.06714160812311373,
0.011271001452322772,0.024298671602793094,,0.005768166348028222,0.11998886320082089,
0.041726555269511245,0.07833617150446832,,0.09546277689878821,0.5619339782495076,
0.13948131721681845,0.21211618650173292,,0.46611212691694837,0.9712772255967341,
0.4829966151394951,0.42815108904082744,,0.7942454215874318,0.582004737992182,
0.9963270935648373,0.42815108904082744,,0.29566019391050086,0.14414111710327066,
0.44757869758582813,0.7115868886589152,,0.1189669876927382,0.04837591468880594,
0.15591362383375748,0.9237121835212262,,0.03755028638643179,0.01459073412038473,
0.5138810195612522,0.686837747381398,,0.10248302533580163,0.014590734120384741,
0.8030311086585757,0.6093450988537269,,0.1385459405680794,0.014590734120384741,
0.9903715675992931,0.6675162705449799,,0.13349650423076037,0.006648914338925734,
0.5653995050616094,0.9013137408638858,,0.08581804219259258,0.010726591817568912,
0.3460433103889201,0.6861264471326827,,0.2168556055423095,0.0894482020854542,
0.20226312277069625,0.4855519730365069,,0.4823214857949951,0.23564503677140117,
0.48792365503352486,0.48555197303650677,,0.7588010204736226,0.9618667158612064,
0.9315638917746834,0.48555197303650677,,0.2631434895344929,0.40076756977016215,
0.931563891774683,0.4855519730365069,,0.2631434895344929,0.40076756977016215,
0.931563891774683,0.4855519730365069,,0.2631434895344929,0.40076756977016215,
0.5518809219383327,0.216265973912928,,0.5224195873282041,0.40076756977016215,
0.631392007491783,0.4179026694555029,,0.28425920844566055,0.40076756977016215,
0.9129934185547403,0.8393909042825692,,0.09993140402985302,0.22560575272741387,
0.2234376014032775,0.3076161992882916,,0.008685900813686793,0.16166597536755076,
0.030521783087793204,0.08399223206914377,,0.0007792091172547649,0.04222548715897363,
0.0007306319145752645,0.010992916548092873,,0.00048416210304582383,0.005923087717378027,
0.003368771903102558,0.010992916548092873,,0.002857007652316198,0.01749451077167523,
0.011416361083842103,0.010992916548092873,,0.011193538669178327,0.04761631445114769,
0.011416361083842103,0.010992916548092873,,0.011193538669178327,0.047616314451147675,
0.011416361083842103,0.010992916548092873,,0.011193538669178327,0.04761631445114769,
0.011416361083842103,0.010992916548092873,,0.011193538669178327,0.04761631445114769,
0.028532254246040317,0.03305582852408907,,0.033633404937113684,0.04761631445114769,
0.07153881219851727,0.08173236827566474,,0.08421324243622318,0.08940768096764992,
0.1516284336054202,0.1509880430485895,,0.18218840809207526,0.15181319695278206,
0.330564931278184,0.330564931278184,,0.3305649312781843,0.3305649312781843,
,,,,,
0.3305649312781843,0.3305649312781842,,,0.3305649312781842,
0.3036489192524707,0.22895738925645015,,0.3305649312781843,0.26531965161189097,
0.14513583164532715,0.10396594450337683,,0.15095826276810267,0.12553802633854394,
0.14513583164532715,0.10396594450337683,,0.15095826276810267,0.12553802633854394,
0.12230803823938376,0.1039659445033769,,0.06596353416680806,0.0532526290419035,
0.06395049177363664,0.06333782011963636,,0.025931787423800676,0.01959261267154447,
0.02936397658787943,0.028335737063996638,,0.008394822942684139,0.006078341902648945,
0.009733703424818456,0.010001588518930567,,0.0022945412114984748,0.006078341902648945,
0.0032580697294228972,0.0028134253437595296,,0.0004058754530553152,0.006078341902648945,
0.0014578082989400137,0.0008566580587095252,,7.065084954625379e-05,0.006078341902648945,
0.0018011696152771713,0.0018436215738277157,,7.065084954625403e-05,0.012572541602194232,
0.012867054639432106,0.004897690943681135,,0.0013382335655521857,0.3083246741262177,
0.027149707436401778,0.009610430732258896,,0.008982657751406036,0.8670426802956218,
0.008157548186119721,0.0017052480880719784,,0.0013589016936582134,0.8670426802956218,
0.00612143029807624,0.0006856727637564869,,0.014114357418613046,0.4365427982081297,
0.05037570682906798,0.010606236333902442,,0.05717123377907315,0.07555052280118822,
0.2735120889741063,0.07507475497428297,,0.16595638607159688,0.006078341902648945,
0.9353496916390998,0.4737060905135063,,0.7552959673113409,0.006078341902648945,
0.6503552767969201,0.9564270756247859,,0.7088292823851807,0.006078341902648945,
0.4676713075772694,0.7331317929545269,,0.42882173141575286,0.006078341902648945,
0.48286844772992044,0.7890912255815503,,0.4288217314157532,0.009519431787680017,
0.36806859196021524,0.42907517445875154,,0.22651401093372145,0.025417915851542263,
0.4594645072962613,0.40692745939744424,,0.2665572305412464,0.0664667639522503,
0.3303365582699499,0.28068754208161095,,0.1631052280573981,0.0664667639522503,
0.5543054300240982,0.4255237009733852,,0.39493292072839115,0.6795287057116182,
0.5277290395292823,0.29381461628355254,,0.3580493344410369,0.414451542737007,
0.44971157339156465,0.22683356760073217,,0.2983762418609362,0.0711743771250368,
0.8005826966676454,0.6921123910125435,,0.8198022121708752,0.0711743771250368,
0.6610177360696947,0.6620857062910552,,0.6425693459655185,0.02749544508148034,
0.3734104795660955,0.3094038844889653,,0.2633878106431216,0.008862088584899935,
0.2820244291051278,0.30940388448896516,,0.09088748386477535,0.002147000658525382,
0.1691364968298123,0.15908248363082503,,0.03699513362963874,0.002147000658525382,
0.4999487038009621,0.418308958442551,,0.17179428095240468,0.0021470006585253784,
0.9235559756025452,0.8885225453684902,,0.5287347637641449,0.002147000658525382,
0.35410502371421426,0.45854663789891414,,0.98976861645318,0.06485066401697846,
0.15844075409788982,0.4511661278418031,,0.6717229973767476,0.4155458363825416,
0.11314957344274404,0.3578407267864018,,0.45829524625965745,0.8499842981080629,
0.09121829508287173,0.09225862594637278,,0.1367538764453463,0.8499842981080629,
0.04146076961840654,0.03915393151204384,,0.11391778295767739,0.4811365976692893,
0.015566068786342204,0.024435455083823658,,0.05515956765403893,0.08051775297331652,
0.010653778930638114,0.06167041026333107,,0.011516445013970773,0.002147000658525382,
0.010653778930638114,0.06167041026333122,,0.011516445013970757,0.002147000658525382,
0.10043132270370828,0.25763866652738526,,0.08951742429383074,0.0021470006585253784,
0.3981054384318593,0.7164488688118718,,0.3727621384319201,0.002147000658525382,
0.8189584818460086,0.5406057792944019,,0.9596921690560952,0.009044704302802286,
0.14178072475163675,0.16961316429389106,,0.34052528421365713,0.02819802703891455,
0.011014451508457902,0.02668374297874653,,0.07911004041073394,0.24216374458305112,
0.0018895811632152705,0.001206888893157391,,0.006370169474552696,0.5965823274857387,
0.011205391298367253,0.013993768622454519,,0.02280098484590619,0.6597693677216208,
0.0423590626390571,0.09277273932827634,,0.121056545911551,0.3136514075645038,
0.12122610438406044,0.3689432935144994,,0.23883092812281578,0.06669114588369927,
0.049845921556850865,0.19136940851020529,,0.10406653067142996,0.06669114588369927,
0.09572959875593484,0.254587574375768,,0.13531839333593132,0.025709145966651643,
0.1246149949157418,0.2975766952115849,,0.3564113577524328,0.008048010947019821,
0.45570311630874616,0.8507229036304031,,0.9585617581308503,0.008048010947019821,
0.8862817862273422,0.3898097881011354,,0.30334054742562566,0.008048010947019821,
0.16180445422746148,0.052973288480687955,,0.08465722322939193,0.09688653241842328,
0.00998901053126595,0.0038642032637278266,,0.008319648841102681,0.5326698639610565,
0.024341117064820374,0.02472673769289439,,0.0014266736060460372,0.7007510377788833,
0.07076367297837796,0.08891323353764431,,0.010781138243578316,0.7007510377788833,
0.13965632565089459,0.20109412617473493,,0.03972019489368109,0.7007510377788833,
0.03828682667824158,0.027323971253922913,,0.003585184689236311,0.9088752301905023,
0.01080424748181392,0.0053754767759849964,,0.0005378405442049083,0.36685311950725996,
0.001980870752790284,0.00028627779592047464,,0.007809121344957056,0.09710959742912237,
0.01016215010194568,0.0020138213479086514,,0.032808384973666026,0.09710959742912237,
0.03701681284940104,0.008199678282711493,,0.10526625093702782,0.09710959742912224,
0.11133223801737915,0.025156904101590112,,0.2202991710755477,0.2125336388261767,
0.2852254345076255,0.06556328915730168,,0.4601094418870324,0.4363855245148589,
0.3736447328564204,0.06556328915730168,,0.8557312639828746,0.808424024300117,
0.6369944818303699,0.107412121463874,,0.9496956410829082,0.9107835773122961,
0.7429104429808995,0.3639758364960697,,0.5341296028504277,0.47597068918046936,
0.44901541907596954,0.874670991196385,,0.26048186740545864,0.6924128584848894,
0.3273262606071642,0.46642468234252443,,0.09494455073202036,0.3447492018505648,
0.1349557418779367,0.0370027000517553,,0.14630794945995457,0.15201369390305178,
0.047442425587817715,0.015082524853171362,,0.07329801806642823,0.05618968435082397,
0.01589235690105272,0.004140812959452261,,0.02194652329322786,0.05618968435082397,
0.0031727146935199477,0.0009792371498673832,,0.004215811091513341,0.05618968435082397,
0.0003167946736007093,0.00010657232013213923,,0.00037210899673276193,0.05618968435082397,
7.464082296285575e-06,3.2402437121345763e-06,,5.889217856756311e-06,0.05618968435082397,
0.00046471375734910385,4.865403246772491e-05,,0.00014325990378703758,0.20314142231576096,
0.03029013882362923,0.000981968087553214,,0.002821525546424685,0.9267022276632213,
0.09777650587332337,0.007665346259887181,,0.013632247315798119,0.909962105313614,
0.04219656717277703,0.001199684143183555,,0.04249343721550019,0.3797234113972163,
0.04863539259652731,0.005087238562537111,0.3305649312781843,0.05468785121526048,0.09260526534728007,
0.13331067545283803,0.05645164323082614,0.15139453770977176,0.05916774062483756,0.0036918600659146773,
0.1953656538655165,0.20278641194938604,0.0743069349673057,0.22535620110468485,0.0036918600659146773,
0.34155256159481984,0.8506072274388871,0.03058406647245089,0.5809466303913013,0.0036918600659146773,
0.6417367688031743,0.40802483228501985,0.013069013577629216,0.8076449534857806,0.0036918600659146773,
0.99912420005904,0.03858948590423587,0.0036338830029937303,0.2752714864692741,0.0036918600659146773,
0.41680354410902,0.09745805716220413,0.0006740711674228457,0.922494774641582,0.011258683850012883,
0.10682417386992792,0.10079950368790094,5.9256238066242355e-05,0.7516491413466448,0.0326610978796709,
0.017911755513526285,0.0932235172948751,1.3319983282354123e-06,0.35165311891718787,0.06526498424646776,
0.04970493816527557,0.00569745280996608,8.629742609357657e-08,0.49722125040125387,0.15110074710570975,
0.17895161589528896,0.0008860848531149141,3.9024413416199336e-05,0.6008415850730744,0.3305649312781843,
0.2816007657439893,0.0006950923132098474,0.0012108463994188433,0.7270600811485574,,
0.19439310614655575,0.0024051946419527694,0.001438138502952581,0.2605658780230776,,
0.5359437150830166,0.006684015454993438,0.025473476635033635,0.37511674274478657,,
0.775531651508748,0.009247943661149255,0.090849080829341,0.5217165821686812,0.3305649312781843,
0.7894703872814293,0.02961629902670242,0.3363675530045961,0.4446363574610216,0.28893747957315175,
0.6419253369335173,0.010694066765753936,0.9858301880481399,0.9589542174935852,0.13165888721647698,
0.3491063984959294,0.03897720653102194,0.40929122185845956,0.82984601665366,0.06771462318572867,
0.03712110535667484,0.0599166092892098,0.055477788606981986,0.2166205472962704,0.06771462318572857,
0.08930127952270914,0.6523416342920232,0.029981046174885603,0.5163517096796578,0.06771462318572867,
0.08270171808145517,0.22594859737145837,0.003849827380239767,0.45298897037801733,0.06771462318572867,
0.10546361924242115,0.08574122451929095,0.0033638529646444837,0.47667872004824985,0.06771462318572867,
0.06483689446171063,0.056882042848301846,0.0006299695294061533,0.23111204455774614,0.06771462318572857,
0.1350403729170673,0.04868801833711123,0.0007079012657981823,0.30759782249954765,0.06771462318572867,
0.338333333398562,0.03053878632417345,0.003913691218255823,0.5520933664036421,0.0907175252801974,
0.24924006484823266,0.08618358588699748,0.018003903596866357,0.28053665750183454,0.8001937172164539,
0.33909955043261875,0.19441737383664684,0.12493782592962153,0.23467392749794397,0.27268598537869376,
0.6586333688636317,0.2120334042884986,0.555234656217209,0.3910432607404939,0.06771462318572867,
0.4380363061096232,0.07245354533822257,0.6899212177071892,0.7471018754345014,0.06771462318572857,
0.554696332875249,0.19476718497406564,0.5659344095295075,0.9307963740308303,0.06771462318572867,
0.8389527158631336,0.9083880960365793,0.32960425640107316,0.7652855846658372,0.13283617500305123,
0.9129305624675488,0.414898651947899,0.5396176116675278,0.8367078966943022,0.5338142493299671,
0.9033937765162994,0.2529176686093543,0.770462484936294,0.6850773654752341,0.9925579218454872,
0.9901797974654382,0.29084933132356955,0.7460156948015043,0.6526457673811434,0.6223039199811137,
0.9634177298883921,0.31200131507699663,0.7460156948015043,0.6896565588731149,0.557109254412235,
0.7260893962974069,0.46427598020614,0.7460156948015041,0.917413821419935,0.25011193116441127,
0.9535903441822401,0.6388647644216603,0.705920683391531,0.9381287636666036,0.06593195823446174,
0.42475363420145096,0.41484956596390066,0.1211262443545407,0.41145340484443327,0.029665754306532517,
0.03717278166723728,0.14032370941051656,0.002969272421168164,0.043020202084077,0.029665754306532517,
0.02186634738791097,0.07422203431390426,0.0013141237036798064,0.0190288285316067,0.029665754306532517,
0.06197165288681021,0.2176628516801531,0.0029080111985143294,0.029492990923865176,0.0959676618684058,
0.028875558500537465,0.1839232871277231,0.011446333421059357,0.0036719377921680912,0.673910775514792,
0.007636331353691161,0.05019171666482527,0.03406243888326955,0.0005437163678370875,0.42051640370868537,
0.0006371355050656376,0.0029678223920890363,0.05579339449616072,0.00014734475024976777,0.04235993471612,
0.010369289779388646,0.001415511579714318,0.055793394496160775,0.00014734475024976804,0.24256881388292098,0.3305649312781842
0.04573779434871593,0.0014155115797143156,0.05579339449616072,0.00014734475024976777,0.5447589788918387,0.15268634945878992
0.09587484880237217,0.001415511579714318,0.1213862246781249,0.0011118962937435443,0.5447589788918387,0.15268634945878992
0.37014792063657265,0.006419319707548941,0.26629969377082485,0.004887346398286876,0.7596181865913596,0.07586111968208385
0.7722360208361155,0.021075146994449855,0.3305649312781842,0.013518791689965653,0.7927704821226607,0.030980517115674885
0.41203753874806215,0.05664100253821801,,0.03913361470789076,0.6109550233592407,0.013284181762301433
0.38984629189209963,0.05664100253821801,,0.07579816564157923,0.507980816691007,0.013284181762301433
0.20787965317040266,0.12324784143390055,,0.15926044530715056,0.2512232945693866,0.013284181762301424
0.07479196381384655,0.2710822693503538,,0.3305649312781843,0.08104316256600332,0.013284181762301424
0.01526206397036891,0.3305649312781843,,,0.01526206397036891,0.013284181762301424
0.2597440482901914,,,,0.2597440482901914,0.2597440482901914
0.9022746386882593,,,,0.9022746386882593,0.9022746386882593
0.5364786732351303,,,,0.5364786732351303,0.5364786732351303
0.6044197646750102,,,,0.6044197646750102,0.6044197646750102
0.5754685630718357,,,,0.5754685630718357,0.5754685630718357
0.2972927022667878,,,,0.2972927022667878,0.2972927022667878
0.6518001233643548,,,0.3305649312781843,0.48598433372941063,0.5805379742370887
0.9786302136848368,,,0.17013196464367242,0.6753918506941747,0.9092119554469629
0.7320823526357436,0.3305649312781842,,0.07516071707215054,0.7949077581373619,0.9092119554469631
0.527374764577666,0.15098438186298038,,0.029649830872214282,0.7949077581373619,0.9092119554469631
0.13540735376742802,0.06528417304263312,0.3305649312781843,0.009776935271050788,0.7849045075734565,0.7039304069549651
0.01616232885953625,0.025101586893805948,0.2850947872352205,0.0024736855635825845,0.44231015801852214,0.4064308867645213
0.0833138306180069,0.007822631764066893,0.13131570845564897,0.0008026804894255047,0.7645434067829042,0.8921296101760698
0.2065602689806374,0.0017852941263385663,0.06961523269374574,7.65397439536937e-05,0.2809714779524005,0.4072469224562034
0.027445599628178302,0.0003084476242949037,0.06961523269374578,2.5940984641948364e-06,0.5971841900389505,0.7571640025148334
0.0041286339098112424,1.820408397932826e-05,0.06961523269374578,1.2803780134899227e-09,0.8206045722349632,0.9632334414089692
0.0499257970336141,1.217929627491374e-07,0.028681042945052502,3.3573896234849334e-08,0.2667143664095429,0.27358734566235166
0.20458502870993067,1.0112688044712806e-15,0.009759882494646994,3.376889545346261e-05,0.05523668352035487,0.02482302073955922
0.318460661608294,2.9718282742247886e-07,0.007509188499386401,0.0006853901956119918,0.027888151137165747,0.024823020739559196
0.517808070781999,5.955346762537688e-05,0.007509188499386401,0.0063010836012905745,0.04863935565207015,0.024823020739559196
0.852831789453911,0.002331283031406017,0.003726962699305472,0.041236505072062876,0.057325184825447635,0.024823020739559196
0.7734080147402602,0.029147612384718937,0.0538605342849439,0.07179659375939404,0.057325184825447635,0.024823020739559196
0.9789772833932919,0.25824693112879504,0.20588030935218582,0.02768589715638991,0.15443375921473673,0.06525209163449924
0.779021879785254,0.8329990312061062,0.24554543086594055,0.12081535826839122,0.38261900996311915,0.15096350596018104
0.8201972397557735,0.6764998102239357,0.24554543086594055,0.5030035229146417,0.38261900996311915,0.15096350596018104
0.6391167584647235,0.22921370854533676,0.11807144622172129,0.9391900205823807,0.38261900996311915,0.15096350596018104
0.9549254711972264,0.026504338882511164,0.1405175974676789,0.8655723043332942,0.8285649080787627,0.3305649312781843
0.9859238107328752,0.0005466280976987448,0.1642379725084821,0.7221197509768171,0.451290697093938,
0.7200605230073704,0.0002229748313354404,0.08306969098918729,0.616316056054435,0.7897339175609029,
0.6233155449937668,0.0004524033998593841,0.08306969098918723,0.6911427189074903,0.2569719884931489,
0.7811087384910955,0.005198999697613988,0.19449595066053085,0.9859377632059365,0.0893055792565407,
0.7750680468537293,0.046591417758127716,0.5081708919727472,0.7197742519331307,0.0893055792565407,
0.39770095470745626,0.24898642234160812,0.9852113821442738,0.10686617643119148,0.0893055792565407,
0.2695563215783997,0.5719377477907135,0.6608097655416909,0.12843281093849387,0.0893055792565407,
0.44001086060674943,0.847308888169026,0.6608097655416909,0.34840433398669746,0.0893055792565407,
0.38308590054017067,0.5922400302852061,0.25601261785056934,0.4429414488700083,0.0893055792565407,
0.19060213770451145,0.22396175951053415,0.043227941536940095,0.4093612704471161,0.0893055792565407,
0.11560296579144229,0.1141439935708976,0.0034923257264851608,0.5189445076861245,0.0893055792565407,
0.09625633410790872,0.09247437168541844,9.763372432860223e-05,0.543517853869322,0.9530452248763459,
0.162326890773018,0.11967312855167216,9.763372432860223e-05,0.34717695356072886,0.212900096211398,
0.18864683160581425,0.22109675914586663,0.0005126498608156315,0.16614073233895374,0.07668511905728795,
0.29536387078555304,0.33916551347095436,0.003052042667020286,0.2326629071244554,0.030657735166222222,
0.8526645369238626,0.33369416085127224,0.010966995031132938,0.7076048561282113,0.01026325447597495,
0.5563974856317832,0.12676622289513542,0.030272340242271368,0.8081915766523834,0.0025258602703011742,
0.3125496060635427,0.021792473659781562,0.030272340242271368,0.6751360683337846,0.0003937976741388701,
0.7372737707276809,0.3496902142120005,0.07252554471522975,0.8179229838030555,2.6049696488509936e-05,
0.8861779687453042,0.8745305160023388,0.16120250318950852,0.9921737242015887,3.5126211116574573e-07,
0.6300652724714526,0.5312464902357232,0.3305649312781843,0.8749068699273418,1.3547519436590925e-12,
0.4138634114324503,0.42469936684200515,,0.7489261337832671,4.8034379290033785e-11,
0.39379388371000823,0.36620555601146376,,0.8947873686738586,2.387316509837332e-06,
0.864384238124524,0.19495500801882548,,0.9295443874857916,0.0036321241606353106,
0.5246761208004707,0.0883974879603717,,0.5114272353549985,0.09363505271586146,
0.08592418779907152,0.03243724793347641,,0.12649274485484183,0.5536801054232112,
0.005471410045053163,0.0011776432239262893,,0.03647675146522268,0.7532831436747388,
0.0001446798813343817,7.679081454205743e-07,,0.014553186277328677,0.2392081073019213,
0.0023948398695420436,0.00015978612180473593,,0.002430340725231115,0.02852223466660612,
0.01188422882605245,0.0026631459338730015,,0.0006460360479941993,0.0018757862021766324,
0.0034586198070777536,0.0012334828827589672,,8.360509213709137e-06,3.436617153819916e-06,
0.0004792630586896524,0.00029047259173320845,,2.5363018489138867e-05,1.0727749492188698e-07,
4.406816592146685e-05,3.11631601392357e-05,,0.0007065033742510824,5.039400108779021e-07,
0.0005845998404202072,0.00037972447599991164,,0.006066217555858461,0.0001518190804917362,
0.0028104575735748553,0.0023321471405412897,,0.030507134863602257,0.0025050477783857246,
0.007128568211334914,0.009508300519558309,,0.10412828080669383,0.015934840402624238,
0.02200592397787541,0.02812228662263935,,0.19720801600838753,0.059801625295718495,
0.061131480005057734,0.06523237019136562,,0.27423270035459557,0.1611003696273444,
0.06809606879653095,0.06523237019136562,,0.5748350352493388,0.36752539714210763,
0.08400333458388286,0.06523237019136562,,0.9370950881016925,0.6410217741122202,
0.193305867768465,0.1510209399707771,,0.4633744069938722,0.922957074164493,
0.3642116770461862,0.3305649312781843,,0.950130815759224,0.7508217872946367,
0.18440563930701193,,,0.26586818278445745,0.26586818278445745,
0.16796173439900525,,,0.08708157911375164,0.08708157911375164,
0.16796173439900525,,,0.08708157911375164,0.08708157911375164,
0.16796173439900527,,,0.08708157911375175,0.08708157911375164,
0.16796173439900525,,,0.08708157911375164,0.08708157911375164,
0.16796173439900527,,,0.08708157911375175,0.08708157911375164,
0.16796173439900525,,,0.08708157911375164,0.08708157911375164,
0.40414667002561633,0.3305649312781843,,0.08708157911375175,0.5091795012937994,
0.18072724887194896,0.15103925594180498,,0.5531211604563198,0.908646386561092,
0.07623233393047435,0.06521294739299306,,0.5680564386880665,0.3881247530493076,
0.03287413599559017,0.06521294739299303,,0.10036542718456469,0.05637194412358776,
0.012961950015185823,0.06521294739299306,,0.025483894016465395,0.012147536248884584,
0.00799090637218568,0.02743079722970478,,0.009209434387219814,0.0034012926568631366,
0.0020576852344715148,0.008841338700483705,,0.0024026148259865244,0.0007616135266647206,
0.0020576852344715148,0.008841338700483705,,0.0024026148259865244,0.0007616135266647206,
0.0008118929130702983,0.0023793487105315194,0.330564931278184,0.0024026148259865244,0.0007616135266647206,
0.00015687846579028248,0.0003796911424451312,0.164182088802087,0.0024026148259865244,0.0007616135266647206,
0.004002027921161534,0.005604455490357302,0.08075075186811957,0.0024026148259865244,0.026414083317785372,
0.021809512559727528,0.02032109468884486,0.034681616589183784,0.07273673453802514,0.27336564932827745,
0.04227900357539601,0.049231837094070495,0.012270458914827009,0.4210551150832277,0.4889757138798715,
0.028508216876415488,0.017273602816652824,0.003242814089978172,0.8173390628827706,0.7279155105969375,
0.018584592611569212,0.008308367184122901,0.0005917268239529953,0.9986130174212222,0.22462106343936353,
0.13303557857888415,0.16270477470250913,4.8464308260657955e-05,0.940687248123335,0.011852167240992242,
0.45559293808803203,0.5381844610010897,2.248612656382754e-06,0.5879423854088155,0.0007616135266647206,
0.1418804845069273,0.27784042066666254,1.238463635148391e-09,0.9250931689581968,0.0007616135266647206,
0.06032352415371934,0.3593637422355228,2.4736293509259237e-07,0.6958645713611613,0.0007616135266647206,
0.08822525432488525,0.9040207727270255,0.001162465306280647,0.5129693253890926,0.0007616135266647206,
0.10784908417681223,0.9891217817263467,0.009392907366833967,0.5129693253890926,0.004074307457504446,
0.25804901270486963,0.46824413451312064,0.14123189429033015,0.2934607535243423,0.014720153337683893,
0.5376074030082246,0.15379894575378636,0.64089545236381,0.1660652369183166,0.030478678013121287,
0.8327346998267705,0.031879502110988396,0.6455278739813142,0.3883645234950125,0.07676736338490081,
0.3023229821193097,0.021252911978247236,0.1272948192129625,0.7236092523231888,0.17402003241043434,
0.2138099129895403,0.14212656783711292,0.011081136500029004,0.9277597945150889,0.3305649312781842,
0.24402297247633098,0.2729936684181734,0.0013044325125681907,0.857771635673606,,
0.008351055853621898,0.09970802501810903,4.571219901297844e-08,0.7583973750604724,,
0.00039524337121363935,0.09928907598973359,9.076316317012201e-09,0.4075639249190194,,
0.0007156842775304168,0.23793519853158543,0.0001535456267701588,0.20623868793482003,,
0.022567033665003473,0.7240325768243404,0.00517164531987406,0.4911676573094652,,
0.12375807191386003,0.5057701983317302,0.027178821181555925,0.7415650979517789,,
0.290146626840196,0.13587557941896491,0.08891151658391624,0.8349025348294002,,
0.8918067818023377,0.010989200305132419,0.22136919225137225,0.37120341817574787,,
0.6307462240214248,0.007496706170038,0.48741466343955053,0.11535865705701656,,
0.2774303418331739,0.004769283070245612,0.8672765995020987,0.026452231647513032,,
0.16332447610655276,0.002379318567559264,0.8694109272248727,0.01759732808257633,0.3305649312781842,
0.028612161802464956,0.024039588310073363,0.24665015300009147,0.019613877839080557,0.1658080603496936,
0.032146680771661794,0.1283758485616779,0.19629852310820464,0.026912674162649534,0.07263084911605301,
0.0753647950045307,0.3914320250042491,0.8972909246363255,0.009628877869069448,0.029584739772090453,
0.8047427349847177,0.97621871704236,0.11519567410285221,0.22366815477233953,0.029584739772090453,
0.5703396313585332,0.4606164779723342,0.0818296909486557,0.6954561297802071,0.029584739772090453,
0.4402076104786392,0.36288656584846435,0.0818296909486557,0.8345226616037805,0.029584739772090453,
0.042811461482343195,0.032269463658179134,0.0818296909486557,0.31135697133240925,0.029584739772090453,
0.007007064967302805,0.0029013977045226308,0.0818296909486557,0.0770429116242003,0.029584739772090453,
0.00018952843700609728,2.0137455332912597e-05,0.08182969094865562,0.00626154591987585,0.029584739772090453,
7.810492487166048e-06,8.53663035711046e-09,0.08182969094865562,0.0030243451510139608,0.07872942664446196,
0.00026716101651971276,5.367160991418216e-06,0.0818296909486557,0.008360595475659207,0.22905587179045533,
0.003982496596035635,0.0001449297960915606,0.12811331939416007,0.009572965005199649,0.4951632487986056,
0.008095251937367695,0.0012248981098415923,0.2807380798189227,0.002756691307804024,0.9194896705965996,
0.031986513269051935,0.005874666715609937,0.3305649312781842,0.019594781387567543,0.9194896705965996,
0.09610098546859612,0.018530631412614622,,0.06233423103523697,0.9194896705965996,
0.13084687463559325,0.02589387027533545,,0.0816442050085288,0.9194896705965996,
0.33647744826486803,0.06669540345289747,,0.22124222951565004,0.9194896705965996,
0.6589035370794389,0.1540773517771883,,0.45268092805237714,0.9194896705965996,
0.7703608166965837,0.3305649312781842,,0.8458126938749418,0.9194896705965996,
0.7721327255919471,,,0.42522812050218584,0.42522812050218617,
0.30903723660038174,,,0.08812265958192743,0.08812265958192744,
0.04490572288674385,,,0.03690492618121407,0.0369049261812141,
0.07271881113761307,,,0.07795210435279729,0.07795210435279729,
0.07271881113761303,,,0.07795210435279729,0.07795210435279729,
0.07271881113761307,,,0.07795210435279729,0.07795210435279729,
0.07271881113761303,,,0.07795210435279729,0.07795210435279729,
0.07271881113761307,,,0.07795210435279729,0.07795210435279729,
0.07271881113761303,,,0.07795210435279729,0.07795210435279729,
0.07271881113761307,,,0.07795210435279729,0.07795210435279729,
0.15973710288153606,,,0.1755529545913953,0.1755529545913953,
0.3305649312781842,,,0.3305649312781842,0.3305649312781842,
,,,,,
,,,,,
0.3305649312781843,0.3305649312781842,,0.3305649312781843,0.3305649312781842,
0.21476791875901302,0.24589651111111255,,0.1511274162199754,0.17404173981663115,
0.0961847403414441,0.1120023851934009,,0.10148032952865113,0.10527370610203798,
0.04017428966737409,0.04694153540548924,,0.04251909279172449,0.10527370610203789,
0.014414398790305996,0.01716225556349419,,0.0171364871108041,0.10527370610203798,
0.004303811688507272,0.005376935707927573,,0.005057545666973999,0.10527370610203798,
0.004303811688507272,0.005376935707927573,,0.005057545666973999,0.10527370610203798,
0.0009233462919786812,0.0013017316109770432,,0.0011062185046800195,0.10527370610203798,
0.00011837650297775078,0.00017337233728369206,,0.00016467550472211144,0.10527370610203798,
4.2282604888862544e-06,8.379974685769926e-06,,7.039444096194341e-06,0.10527370610203798,
2.749105914273751e-06,1.3094817839927959e-06,,1.4111867197315113e-05,0.5012195903536939,
0.0007873761237288902,0.0003798917372834761,,1.3134467262274691e-05,0.2900683473622246,
0.008148893264513688,0.005850214536371144,,0.0007785736275634662,0.10527370610203798,
0.020727329088717196,0.020030525439101412,,0.006432047151493179,0.33648000681110757,
0.09145554371235211,0.08757467347825877,,0.05485944270035658,0.640622720814259,
0.12111705050868121,0.12083783657380454,,0.08742395968552819,0.8646151568703813,
0.02359370460405626,0.02306794107766505,,0.012772431846330484,0.8646151568703813,
0.03176076477909563,0.027198115077879517,,0.015931003302144215,0.8646151568703812,
0.2693749802070513,0.18318961768287206,,0.14755505029296034,0.8646151568703813,
0.41615105023519017,0.22347603472718408,,0.18916333148867256,0.8646151568703812,
0.4231241755208591,0.2028132302468188,,0.1539665554337344,0.828228797047082,
0.3180827184528321,0.15895142128120593,,0.28724486522956016,0.161600185414149,
0.4349088537980841,0.28653828289681266,,0.5087818021457786,0.07061611709242956,
0.6048111975538761,0.40172126879874803,,0.5144819040249314,0.4276265453297581,
0.7327544116747352,0.48407276981101977,,0.49646989693649723,0.981029798523611,
0.9354606497782949,0.688432674720591,,0.7307425901930099,0.6403908896056023,
0.06197117774678725,0.384331643037665,,0.36851164235277756,0.6403908896056023,
0.015235073744224108,0.1509508243649385,,0.15299233343108617,0.6403908896056024,
0.08545711936120552,0.4220887063781077,,0.3797738225200876,0.6403908896056023,
0.023518561435716477,0.0796762715205576,,0.061337417383995375,0.6403908896056024,
0.004302904495883449,0.014973058458617202,,0.009084471651350099,0.6403908896056023,
0.0044270171538392765,0.012709681094229685,,0.006925415200779958,0.6403908896056024,
0.009258041652058875,0.021551150603819617,,0.011090439868441508,0.6403908896056023,
0.021964187296470653,0.04169211171355342,,0.04413237629069835,0.4616403558099116,
0.0206437619650394,0.04857793168960641,,0.08470808005438155,0.24662792827081315,
0.006030070176105477,0.023825573153991222,,0.07039587533781466,0.06565501188204236,
0.003381382777910642,0.004944853025756127,,0.01950613172100992,0.06565501188204231,
0.007757722182541479,0.006184923152110899,,0.022269305124449256,0.06565501188204231,
0.012337687915491802,0.005074452988151185,,0.023388217210784625,0.20475899710547016,
0.20316653838639864,0.09302152061523615,,0.5016864596658169,0.9588977594586441,
0.81522286722554,0.7747298064389279,,0.46749200778062927,0.4862072442644946,
0.4052694396336213,0.7233324568246836,,0.1494792207832601,0.3238168298261821,
0.4333973957226742,0.7112250358434471,,0.14450973458663346,0.3238168298261821,
0.9846409867059127,0.6882312936233568,,0.3118798927211567,0.07494164159760346,
0.9273993193950925,0.44145088910799946,,0.3031705694434679,0.011674365319186036,
0.8132669514251771,0.3244181461330383,,0.17004821285509794,0.0011444705209391161,
0.7308739048143725,0.33291791207155574,,0.08891210996045404,0.0003308778129850147,
0.5263984255741718,0.4353434074796779,,0.05104026158846183,0.0003308778129850147,
0.39944026821007683,0.6516494826268822,,0.030599661315234776,0.0008152030253673737,
0.45149617689892463,0.8525655100569836,,0.13098228505213033,0.013365890368177568,
0.5703538004432276,0.18196669688012626,,0.424768766187388,0.08061625634008757,
0.1048793399926384,0.020925046954480983,,0.4894893413601571,0.19722221017444208,
0.062482845127356225,0.010595631069176301,,0.3475193235689963,0.19722221017444208,
0.16256091198815728,0.054265441356807005,,0.15687754947368707,0.7538947901024672,
0.20824421602013188,0.14951640488268658,,0.0462632528667918,0.594047530524642,
0.23788835157844324,0.3067513657947782,,0.01040517615812263,0.18144032237359403,
0.4706765907453029,0.4714331586997511,,0.029114237542358805,0.1624559666762213,
0.1728206077397994,0.23456925943109985,,0.00863977278449634,0.16245596667622128,
0.03126111751053758,0.04872919151290686,,0.0005631646488538719,0.14104986935635278,
0.0013983457673452896,0.0024347813543986177,,5.6817502804556076e-05,0.03477210940657416,
0.0031096571738912704,0.009771199643021882,,1.3703690036185793e-05,0.01638406070846686,
0.01733838459961125,0.02841905356122607,,0.0006143321884753603,0.03811144970702867,
0.054916932761808916,0.0677147072990546,,0.004221444852493125,0.03811144970702867,
0.08089428102027642,0.0677147072990546,,0.02211076177696967,0.11407392208512984,
0.07497570409544789,0.0677147072990546,,0.03183076649866008,0.14667557254680752,
0.03282487855140463,0.0677147072990546,,0.010595814088198229,0.06256482614821789,
0.0033015793676789912,0.0677147072990546,,0.0008014917020402967,0.007292959288114676,
0.012631828418916007,0.15105582896200845,,0.004283777300727059,0.007292959288114676,
0.034033913698908444,0.3305649312781842,,0.01283183571385744,0.015425876822246042,
0.04086271245258022,,,0.033097788351891755,0.033097788351891755,
0.08455495509866243,,,0.08244381267392449,0.08244381267392449,
0.08455495509866243,,,0.08244381267392449,0.08244381267392449,
0.9252270780945173,0.3305649312781842,,0.08244381267392449,0.6049887204857582,0.3305649312781842
0.4487559949331753,0.15096943153950845,,0.08244381267392449,0.7616758360501504,0.1823455833714226
0.24423619097397142,0.06519304543703505,,0.15103361438459934,0.6324299624942762,0.09077193796162386
0.16410383875039938,0.06519304543703505,,0.330564931278184,0.3675940474066839,0.09077193796162386
0.08947681870627316,0.06519304543703505,,,0.1544120864413503,0.09077193796162383
0.08947681870627316,0.06519304543703505,,,0.1544120864413503,0.09077193796162386
0.08947681870627316,0.06519304543703505,,,0.1544120864413503,0.09077193796162383
0.08947681870627316,0.06519304543703505,,,0.1544120864413503,0.09077193796162386
0.08947681870627316,0.06519304543703505,,,0.1544120864413503,0.09077193796162383
0.08947681870627316,0.06519304543703505,,,0.1544120864413503,0.09077193796162386
0.5541584157289161,0.557909897475511,,,0.867962307941694,0.38766646587192843
0.6840698235363765,0.566348150657236,,,0.6020125489558013,0.9535475090335888
0.7337081624868396,0.06519304543703505,,,0.8739577774164886,0.983766880796213
0.8833722072553698,0.06519304543703505,,,0.5080658361464561,0.615565342802769
0.8833722072553698,0.06519304543703505,,,0.5080658361464561,0.615565342802769
0.8833722072553698,0.06519304543703505,,,0.5080658361464561,0.615565342802769
0.8833722072553698,0.06519304543703505,,,0.5080658361464561,0.615565342802769
0.8833722072553698,0.06519304543703505,,,0.5080658361464561,0.615565342802769
0.8833722072553698,0.06519304543703505,,,0.5080658361464561,0.615565342802769
0.8833722072553698,0.06519304543703505,,,0.5080658361464561,0.615565342802769
0.5730363607954471,0.15099833125014336,,,0.27244379411859415,0.45133304522828943
0.7110084437951908,0.3305649312781842,,,0.4982540819844451,0.7110084437951908
0.5645100722780493,,,,0.5645100722780493,0.5645100722780493
0.06575553661679381,,,,0.06575553661679381,0.06575553661679381
0.06575553661679381,,,,0.06575553661679381,0.06575553661679381
0.06575553661679381,,,,0.06575553661679381,0.06575553661679381
0.06575553661679381,,,,0.06575553661679381,0.06575553661679381
0.06575553661679381,,,,0.06575553661679381,0.06575553661679381
0.06575553661679381,,,,0.06575553661679381,0.06575553661679381
0.06575553661679381,,,,0.06575553661679381,0.06575553661679381
0.06575553661679381,,,,0.06575553661679381,0.06575553661679381
0.1511254636137604,,,,0.1511254636137604,0.1511254636137604
0.9819939530386691,,,,0.9819939530386691,0.9819939530386691
0.15505810727221178,,,,0.15505810727221178,0.15505810727221178
0.12088687479909155,,,0.3305649312781842,0.12088687479909155,0.15505810727221178
0.05861960579155826,,,0.238099410811672,0.052351728246507453,0.15505810727221178
0.022625240591179433,,,0.11571037907074656,0.019163658625524146,0.15505810727221178
0.007126641601894858,,,0.05014738872243722,0.005661343253664092,0.15505810727221178
0.0017658821072664465,,,0.01838246920576524,0.001167512081382712,0.15505810727221178
0.0016571069482371103,,,0.009034047003040651,0.00036504193745329504,0.15505810727221178
0.0016571069482371103,,,0.009034047003040637,0.00036504193745329504,0.15505810727221178
0.0016571069482371151,,,0.009034047003040651,0.00036504193745329504,0.15505810727221178
0.14157467343547217,,,0.009034047003040651,0.04288865897520822,0.8564368978238716
0.6816592337817178,,,0.009034047003040651,0.2756474504878835,0.15505810727221178
0.8293885025486445,,,0.01795850758761895,0.35609069875039845,0.15505810727221178
0.9419183190759562,,,0.07073433854028842,0.5496769655691633,0.15505810727221178
0.9429341199622447,,,0.22383519350510178,0.8339062103722665,0.15505810727221178
0.4412691211192332,,,0.8361747219568398,0.47724931539870363,0.15505810727221178
0.16263841278946095,,,0.44684105972808164,0.09631545299711163,0.15505810727221178
0.15783636805631082,,,0.27715094777366067,0.04541434291382006,0.15505810727221178
0.15783636805631082,,,0.2771509477736606,0.04541434291382006,0.15505810727221178
0.15783636805631082,,,0.27715094777366067,0.04541434291382006,0.15505810727221178
0.3731146606339476,,,0.27715094777366067,0.13317443164838547,0.3305649312781843
0.911243615971441,,,0.4865341665308166,0.48653416653081694,
0.7090353807846446,,,0.9066079276907674,0.9066079276907676,
0.9305079546038006,,,0.8099680950206668,0.8099680950206671,
0.5948320066754476,,,0.7270955601883711,0.7270955601883704,
0.8863998427367101,,,0.9085047285045937,0.9085047285045943,
0.7418992608878823,,,0.42024272783993577,0.4202427278399361,
0.47894085247625695,,,0.1558610143429366,0.15586101434293687,
0.4500184952932693,,,0.0881508252257874,0.0881508252257875,
0.45001849529326965,,,0.0881508252257875,0.0881508252257875,
0.4500184952932693,,,0.0881508252257875,0.08815082522578757,
0.8965639094678368,,,0.35340926588401367,0.3534092658840139,
0.5023436453373334,,,0.9647043892633672,0.9647043892633672,
0.5255375988946489,,,0.7380986267817699,0.7380986267817697,
0.25098858464807344,,,0.38419696334155273,0.38419696334155284,
0.25098858464807344,,,0.38419696334155273,0.38419696334155273,
0.13159473696414623,,,0.20065574485412413,0.2006557448541244,
0.009521192063356259,,,0.017100859370630467,0.017100859370630474,
0.07097721844037602,,,0.028054805937346418,0.028054805937346418,
0.23180954449397648,,,0.1250573981042942,0.1250573981042941,
0.36778532607829395,,,0.22601092820477675,0.2260109282047771,
0.6029144672296984,,,0.4117287264026519,0.411728726402652,
0.9708414821272868,,,0.7358816452955139,0.7358816452955135,
0.8141055314808298,,,0.9724769375757473,0.9724769375757475,
0.35629716723314364,,,0.54161527754027,0.5416152775402703,
0.3562971672331433,,,0.5416152775402701,0.5416152775402703,
0.2712591255412516,,,0.41536001109145226,0.4153600110914525,
0.1237714332137479,,,0.22427668473717288,0.22427668473717288,
0.8639943074143447,,,0.824713051387261,0.8247130513872614,
0.26501455799546203,,,0.27530138254505854,0.27530138254505854,
0.04839631936035051,,,0.043701811946767706,0.043701811946767644,
