0.5203237960636098,0.01560613418868961,0.06493567661116957,0.08125606093131843,0.06865841820316962,0.619105371375748,0.3991852529599872,0.11534841083983127,0.1107432091095918,1.6297943152341464e-05
0.44667353819256805,0.0010826647543567788,0.06311883752335161,0.1293837736524593,0.2364825825794868,0.6843662976754048,0.8436373763542083,0.34439527797008573,0.04536341588586467,0.00018195225130679645
0.9762241666064734,0.00019582214381532728,0.06113251773597402,0.47161560950708126,0.5352945017001105,0.7975521637604421,0.5003824473254839,0.2492065224507017,0.040515918606346464,0.003952170100858368
0.5973641266476648,0.0003540328573968612,0.003026842655361343,0.41851422862970145,0.4867943840315855,0.3949353876084942,0.7843942300232655,0.2316443700671058,0.0269605477559466,0.008718560382783503
0.5163843666733257,0.003454449019121573,0.0003283399504717558,0.16363337474080783,0.0707898479243632,0.03732226917625489,0.6336037887371175,0.7609865996222843,0.006411952397523466,0.01711184292008519
0.6342784845360065,0.04994330480193025,0.001159144104546565,0.030141130349687954,0.013087831678637139,0.0020561216900724334,0.7130778788940191,0.8256672672442936,0.010549131230290013,0.018894926158042624
0.9097256616411398,0.2174303923702977,0.007485438656703606,0.03520222284720064,0.030033344821164466,0.0028011285620304083,0.7312999525988966,0.7228372148231595,0.06091524376650342,0.05069416942663514
0.9280190644776877,0.26899937266555174,0.11108475865261026,0.06827580124845388,0.11813888992756721,0.0024923413613257834,0.6933271725557113,0.5085289335463818,0.22524118732141146,0.14492967575803445
0.4830567839424228,0.21737060274589307,0.28554923938306714,0.09617020884074769,0.21650991380286155,0.02493489852401119,0.9986206435774889,0.19640552950421064,0.606393009050874,0.41804372266158585
0.3586516896861198,0.22232981167877822,0.25610263749811163,0.16454555856548655,0.5922008854811063,0.39245337010169723,0.592568356895431,0.016837788251921462,0.5531899424763426,0.86053869982803
0.9381149964228023,0.17403845700234735,0.28747490134702314,0.1750281230509873,0.7945454431105087,0.9044418847933788,0.23871730092385454,0.00822403834043812,0.12081201722084543,0.3064810557035599
0.41975826751675605,0.07409177789098283,0.4875445053174373,0.06704228314434399,0.4655148295479984,0.8365137410777639,0.4640926792934791,0.05087508798437315,0.19504743930487478,0.23087090253929501
0.34630257965811584,0.03543706463027328,0.5886655388767547,0.007001650032239533,0.3798867951786852,0.5621141388431159,0.6603845275691043,0.1046237397711503,0.07988614840088441,0.3979803148475308
0.36044580196618914,0.04231400661292409,0.9975666515518944,0.009357140530765641,0.19278018015242168,0.1339953025812627,0.7818001605706747,0.14133731222349538,0.021461969593059113,0.23279939821995185
0.12248630420493767,0.18057029249434803,0.3576948928741789,0.09392019032162251,0.014718321403162598,0.0072734814763587815,0.4781370585377147,0.3908128740004032,0.006124068093004063,0.051959073279509785
0.010144895446489884,0.13996745871226488,0.06100787301792469,0.7829550325517083,0.0004363279432764686,0.00029098941561149565,0.15930467852578284,0.6945148235432366,0.031768933036525414,0.012162009260260854
0.0011137841476153683,0.09710013647648578,0.013421270174478387,0.7375115407569872,2.7474687671802238e-05,0.0009050498065195205,0.19270033459012284,0.5644162509789761,0.2725504987258616,0.0013437743997780065
0.01713660300908052,0.019045358718335677,0.06708613660582469,0.9076550270793358,0.006767518311583792,0.019168172418004434,0.4079060593875308,0.3386727908993392,0.9621206272656166,0.04968307847050862
0.018725102828001973,0.006293710135352551,0.07156898728821394,0.9713562664929234,0.08053624760356944,0.17845548223252575,0.524191653251497,0.23996240214099826,0.5553723880157462,0.2975945502557521
0.017138135228982526,0.004234154892391512,0.029556666074924902,0.9273903427895177,0.36612871424046767,0.6775756352241191,0.9503545647931395,0.45771320966911877,0.2136878985666107,0.7244298767925861
0.08160543967414143,0.11640006231457897,0.04504346563271263,0.5637395371170717,0.906625639641552,0.7094017475161662,0.5463191528451345,0.7701038233614282,0.03785280368049813,0.9316297011567161
0.41981497023726067,0.8361600357013986,0.09110373232499692,0.1136885338143102,0.5140977616874715,0.6140181178131701,0.8829811543899468,0.35566033325938917,0.023614413443764932,0.9017000467827414
0.8464204693769852,0.5778041738627056,0.1839123676446436,0.015262053660195563,0.2557572667033404,0.9395475317873134,0.3822090021014476,0.19189941111690725,0.0044609261192759715,0.6877968847231877
0.5962603031044291,0.18334554303751077,0.35660559235024936,0.001431666318570585,0.09918937608867694,0.4193674311854463,0.280633690911838,0.18031238389083284,0.0025596084310667857,0.5359695339560764
0.30130861800790587,0.2036305808654932,0.8026506365527745,0.0016955463351545775,0.06027676738757954,0.2091513503141287,0.4736745796408386,0.18356000145002282,0.006727324642961714,0.5927856522281713
0.05232378726125205,0.11986587626654131,0.41187063797089407,0.015599090240279563,0.10655660550737989,0.11607617993581845,0.7461916893816265,0.2997153136658255,0.02147785162621397,0.6882389300714302
0.0047198101548324425,0.04963154185468552,0.20891609068277192,0.031638049810387016,0.04902101823516121,0.22616530687222022,0.737112220034512,0.8269305076852977,0.24910263193812948,0.842994376390782
0.04639435069344111,0.000611042290492857,0.6256768086058769,0.02112083264759698,0.3057649609056107,0.8417481651110253,0.6418781642358575,0.9805410665973329,0.7781022442467271,0.6643078778758376
0.13273518323731073,7.715953060060098e-05,0.9383772929249552,0.014963572207423819,0.8315165250207031,0.5609440502205761,0.46069412104634266,0.9544753754381252,0.21828185134958747,0.23925287028008724
0.2497861489508248,0.0003051983569149229,0.9402340346222644,0.022175304444316438,0.449957494961039,0.2561962880675247,0.537729256242849,0.9280295837912185,0.11085128566305939,0.10195814010297802
0.30430890807798583,0.011826570053153372,0.7260680914089248,0.15841082445403054,0.30279810742648766,0.46291179001026905,0.6325549076257689,0.9917666472861284,0.11798195370622036,0.21850350750331227
0.5110938851047853,0.08674436165653565,0.8827571679030077,0.9948586027273745,0.5054345733432845,0.8206744434624766,0.365094383510987,0.881522476997095,0.19579464116576012,0.8534396138402971
0.6679506499432184,0.21784885365829615,0.7684539840905426,0.4023435753674742,0.7129306904996413,0.7542733415685198,0.051694869874791397,0.9425949280933887,0.16000851127584542,0.3362181693570444
0.5313972577046178,0.6651603660500477,0.5971777954831321,0.04229953924098539,0.7574529097313114,0.6989919040781947,0.016772491448916686,0.8627818714362244,0.17906939778865655,0.050127152315758615
0.3636324404685033,0.6643713924656858,0.6361100668542914,0.008261197877455767,0.8745568085633296,0.3534949052929035,0.011791934727044769,0.8994556709025319,0.2670214809813726,0.023163420033602493
0.3076912881385266,0.19895312621337782,0.7763053757103477,0.004863271913478348,0.20543941661668988,0.1035005891720416,0.02038077914854622,0.8863865175937741,0.36588088252289763,0.020985322581657223
0.17446116707419979,0.029175257282418092,0.5509823240106576,0.013838069085041566,0.11218584281250495,0.061366420141440704,0.03975394358751304,0.5548443927249598,0.9892687162668405,0.06826255605581642
0.030498270272804127,6.85002255834524e-05,0.10522793294922202,0.04232703728168237,0.016240297428930763,0.008928601619665043,0.009170608536590264,0.9509656648176121,0.14960156326602875,0.04317903837658826
0.0015231159124076282,4.473226238001096e-05,0.007945991019197214,0.020758958377954054,0.0027292767140074587,0.006250572619273104,0.0017961028937193658,0.810610865184053,0.004892897273646286,0.012707313892825365
1.4339123958440439e-05,0.004051613377782162,0.0006292761502437781,0.004459080012271861,2.3926956575920513e-05,0.002535292167584121,0.00029297969209551915,0.7310688280205132,0.000849478423954667,0.005880539459156222
0.0002540598007618124,0.08072988252381072,0.0004756424034949676,0.02816068518209879,0.00010049836796853197,0.007877242190767205,0.0002858806250339441,0.367292239470285,0.006739019367333868,0.03709934519801251
0.001998764007775324,0.18027077932385438,0.045486320065513564,0.2733899081301088,0.009221399151311383,0.20171851203843114,0.004527876050293498,0.49353181308621497,0.01359813477355592,0.4606361274542188
0.007404560133722994,0.26431194950754866,0.6553807407174617,0.8597484162519315,0.11985756202663161,0.8747597779568638,0.07126909976647633,0.8064760158650075,0.012170677840569953,0.45864151264142783
0.013790309770325401,0.3611517496945784,0.4973392650830134,0.3274201839362273,0.32072138588508725,0.5634413528073515,0.4269616053866051,0.19979615475679002,0.00246508843899476,0.035645235906375555
0.20370996411702222,0.9059079295998584,0.42199853089430595,0.05514438789649086,0.5684020572469681,0.21857308357819724,0.8703350986453586,0.2380854344015833,0.00034158111844044016,0.011919225239447858
0.590410307636478,0.4468590782063899,0.3303273650195343,0.01575848272072118,0.6166341009356155,0.03355215746031633,0.9569652291763385,0.2609525178674015,0.0023882264423795755,0.0027221027714446466
0.572570251189636,0.19530387540589547,0.20644496850395255,0.03615151746908726,0.30528318696396717,0.0838441982041881,0.7209208711607118,0.26272750847406906,0.03091100616349677,0.0015298844208450882
0.7139215372755964,0.03605063540014865,0.17140290782844173,0.06741952803286398,0.05936447626029699,0.09854826077116256,0.7972150297183022,0.27859054548811163,0.11746925723450821,0.0002863724345355112
0.6531824459746071,0.12304382863591108,0.3921680241181694,0.023879524901646736,0.00790042387647323,0.1438714258731312,0.48768243281693646,0.20289090279333577,0.5828200948170736,9.427763055326754e-05
0.22039523323144528,0.6031069482338969,0.9141056097649758,0.01334683922375721,0.0003156092700260948,0.053445662580257715,0.03527838401932829,0.10421571136859017,0.6554056831814552,3.609414326648012e-05
0.10218271606645277,0.8774772179750641,0.6027908159109758,0.15258507197679141,0.0006790826143805053,0.044896634593889984,0.014718304335359639,0.10990626897245623,0.19802712917886195,0.00031040242296916863
0.37134370092069013,0.8763238393413917,0.15490649099319925,0.556632129334006,0.03270320961252457,0.4377929774066406,0.07542317156169505,0.10504256175093102,0.07530090085071552,0.012550542962769765
0.9099766708824961,0.8854022868267508,0.017207786097375114,0.9858674522789801,0.4486987099031611,0.3361739725352544,0.43301106722324334,0.2418927049747775,0.07958508466462262,0.2972501207155259
0.8361970276233022,0.7241931069590571,0.0003404445286146462,0.6515814320123022,0.9036951633371029,0.0659106511074256,0.8223582484182933,0.8169295823387224,0.006448262430422678,0.6950653978949823
0.2607016513278712,0.9097083421553813,0.00010132006671313125,0.14199087045514364,0.9789158240270659,0.029073560018429936,0.2692569217845341,0.4362440576804384,0.00022040668016549736,0.6727131430639979
0.08466055590238047,0.6966475247495161,1.6805091350595964e-05,0.00900388911016341,0.48062644504712326,0.011717708113286004,0.11632083666193928,0.13361535724719906,0.0019302526190604595,0.7345398951708575
0.24220644117752105,0.27998754909883056,1.609273588987478e-06,0.0027252322791550473,0.09078308423197173,0.017516451620072655,0.04741089663914362,0.041807000566470374,0.11781798126757077,0.7357029537779768
0.3962533808854549,0.16781014301857328,6.839736888984567e-06,0.00018646325948285078,0.010637106178945862,0.010588811019141081,0.026795796763084377,0.01212527591044531,0.4783824554623195,0.5752731425675124
0.23145771033910334,0.07350428827658922,0.0005807411166788212,8.519816697847631e-06,0.0006415813869654932,0.0009592112937730728,0.002099351886238376,0.003179507387971808,0.8924302424930834,0.4399284569143713
0.08134244471291022,0.03512491282100094,0.024146071147722308,2.48680029253317e-05,2.8062323887543294e-05,1.3683313975898641e-05,1.7930310916726954e-05,0.0032097156918749156,0.2780890249102369,0.3428379187810938
0.013787131095362589,0.16742382366515762,0.12329039400264119,0.002797872421336414,1.3433215515090662e-05,2.250082387668632e-06,9.461496347659962e-05,0.012333648878277818,0.04312629511476593,0.36320631174327744
0.015700736788819263,0.4815331341800364,0.27041313560104935,0.0252805912028287,0.0004731897365143982,2.2792082489984486e-05,0.0009171135002144229,0.005693251266830565,0.007179487232899335,0.41465404563748387
0.12607348962327916,0.8263654808080153,0.5682136963822877,0.0485461903918454,0.024609799581732025,0.0015453486397303804,0.037796516348652186,0.000724183062660019,0.019816716175893243,0.5759047979899234
0.6555170750680497,0.9301496112219495,0.7240716169486203,0.03945843459232067,0.1161610990824423,0.09062766612073304,0.2523732711410061,0.00021413160747027347,0.005612382809496271,0.43026408330221844
0.9988383725471146,0.6045016567656382,0.5076551487767473,0.06780354131059411,0.11542045802020287,0.40185246075787107,0.8291409037104096,3.7094243293204255e-05,0.0003943128861016634,0.19683643135932818
0.760108960558639,0.12242129141940364,0.22297568890249003,0.12673052305396904,0.13875239610805168,0.83813221676676,0.13887363514448312,0.0014184056591808837,0.0004754317674623605,0.03595751010148116
0.4243928830736712,0.0105464364680777,0.046194848076968144,0.4464794763924057,0.5629167990948405,0.8088386664945042,0.018711236306863735,0.10559143526534193,0.011366665760419996,0.006716991213188104
0.152774965792996,0.0028345178430185815,0.00538855675269166,0.5578625486418127,0.5598112203301076,0.3662779705116289,0.002018494091212076,0.6447039523230551,0.19546413965041093,0.08308393229023853
0.0539774696843403,0.005420600503818274,0.003248124622563334,0.11454157495658486,0.14149792885362697,0.0639408196397909,6.0228973743448876e-05,0.7751545389950542,0.526265934771145,0.4626312089959236
0.019142997429635617,0.013949824547364265,0.0008384167584254655,0.14016024043690978,0.029610247095823987,0.004453634980163054,1.7177977982041018e-05,0.631235525971694,0.7589027165092852,0.7285718077297594
0.0014671365211824305,0.12921948142574324,0.00018296974600042536,0.25557312125190407,0.004425184157436628,0.0007560676042981104,5.573236931455425e-05,0.7870583344691344,0.574805708156548,0.9515503458758612
2.045973233754995e-05,0.4982727276496689,5.5599887022543566e-05,0.14612324134031443,0.0005718648109241493,3.276964993884695e-05,0.00013907768439057192,0.281784127591131,0.435875596209795,0.49532607806147977
6.480858921007211e-05,0.5796906371295065,0.002701625243032048,0.07048238021123164,0.002020607420628177,4.1475061655510374e-05,0.0014657977943374238,0.02341261616381468,0.7540705006430597,0.3234461217897521
0.0012781482768186214,0.9360871493834384,0.014727834775863582,0.0040000251737875,0.005492892887121106,9.263369935351761e-05,0.002544670552969657,0.002341659322138357,0.7682323824340321,0.18175713401192273
0.007062957829716832,0.3747184209808121,0.009088389594192543,0.0006888128996183143,0.003683314490298844,0.0010187570838543541,0.014230649657053486,0.00014476890095557401,0.35046943463258107,0.10111898702244979
0.044086585276009484,0.037625934013732695,0.018574420481795594,0.0009454542917464555,0.0024404780645817655,0.030004562113238865,0.21165949514485216,8.885615446291928e-05,0.07219538719037491,0.012505641307464807
0.33037777110332356,0.00970198561016633,0.14093041473911005,0.04672683946325005,0.043605292995995894,0.2769179529641869,0.8722176916771909,0.0011735772032480634,0.12191753091531675,0.00062857153639011
0.9051173345700017,0.03498841447128543,0.31347761732576596,0.3902221616464123,0.40537091163439276,0.7937667342525518,0.18545742988337996,0.044150835145991225,0.37015690887549935,0.0020867200573153766
0.6162515558865063,0.2629642481375456,0.41424452655754385,0.9746488659681182,0.7388444785531235,0.8498967259140149,0.006623130093528677,0.2041282302475026,0.28472264467847913,0.062056815292813886
0.5303721372115117,0.40731718860035815,0.6592703150654611,0.8164914719971164,0.8164559624253106,0.9972958167511841,0.0034242113539172526,0.22781659667107695,0.6842468238668266,0.33801195992103195
0.3465418716548334,0.3562473651744942,0.5966928497364936,0.5260280165785547,0.8748574657089578,0.666620647880096,0.024082019932398842,0.07459051668846244,0.5581697016346836,0.4290170270281918
0.09233371873321086,0.40486617073920994,0.33434491958969603,0.4101692163081101,0.8042001613629289,0.5777068609271122,0.10488170379125812,0.05779702530187339,0.31366506626282564,0.5505123533740186
0.09916129920945052,0.24395445215683847,0.11964212722076295,0.44821083302454845,0.5856597062676852,0.6178212520780548,0.23807092493109916,0.04133270657219896,0.08717186758813218,0.5591843342561432
0.09571209442015938,0.7559749220111592,0.3993147915771512,0.7430707473679958,0.9187453854832024,0.7354365077706058,0.1481497058398126,0.13034013172036346,0.12929911384830345,0.7201485779147281
0.0793111161691476,0.492026576285296,0.6047847063123284,0.27498102098670013,0.6124139022654136,0.5649415256655832,0.1368814758305777,0.4296931341068665,0.4829137865935319,0.41702124857840817
0.1804553806702614,0.2134816705745567,0.5469903345159269,0.2247423131912479,0.5842090892794045,0.9069067798749755,0.33161477154362173,0.6991914078434902,0.7338304891134593,0.2626571256767871
0.41424809997393397,0.33514644493877643,0.3298481278802323,0.5770500411922665,0.9149594434249801,0.36739148570887237,0.940455512017192,0.29532067911076604,0.9978770819141833,0.0759603111613912
0.6131591626521965,0.6768078984196148,0.46102863872517275,0.7479937648891015,0.441384574026758,0.15777534438949983,0.45328048921161,0.5133012590403891,0.5403647428524252,0.00548412675881867
0.9385024353560012,0.9347105375978715,0.8927352468157066,0.48484777232053056,0.5461295297460154,0.22364104418950084,0.33474055222295673,0.6498217321669197,0.7376768488247292,0.005011525186634248
0.9821885350834962,0.8081591271404238,0.6235783352550781,0.7552590652434273,0.7076777819331987,0.37023541516224245,0.5156710056273361,0.4583485518035447,0.22790988008441465,0.038303655452822404
0.8269908934544804,0.6674181012615936,0.17466582220974325,0.43568153301368795,0.8841505126392191,0.990469878185312,0.8129454814875356,0.03353630970003325,0.10863540229147914,0.02298923751872829
0.9004667691024503,0.32608101678432455,0.01962416287681008,0.11208295760236593,0.4679408987847642,0.3512277049337369,0.264167695420216,0.0024141021879074322,0.1765672952674627,0.001375846448600866
0.6715060061052497,0.09418113550618752,0.008710580344287313,0.05929881392387591,0.3524798702520917,0.28252766332759705,0.06977719648364696,0.0003475432026720094,0.5764043497421962,0.00019535361342702573
0.3140932004124956,0.2506789627683614,0.12200535891962931,0.14693540214466547,0.9547963651751459,0.8691921012327726,0.04313008657916172,0.00048510506448880687,0.34652846324592135,0.005034449110886871
0.11612009065414938,0.8568675736546231,0.2593978502777041,0.25936606908636484,0.6144759230150796,0.8331939182965367,0.04377720466798578,0.00047728436096059694,0.12151113030547327,0.04517370842174169
0.0875997834001078,0.8709701618835535,0.27313681055225447,0.29888230182585646,0.5214846718316348,0.7147973552426099,0.022635290087241466,0.006579825456523782,0.02809927975618795,0.03607177578993401
0.2625086900050263,0.7983605449876261,0.1877316972600343,0.12791233773479024,0.8458250752334548,0.2589246045626698,0.0010792533713082774,0.03753502910612838,0.22313302616375696,0.025053435269154847
0.7136977144020522,0.3740342560088825,0.09626803671342611,0.009553327248484813,0.22374450531471907,0.07642384786490372,0.0003505219908296344,0.026995729950250288,0.9662862889231281,0.04827760469499602
0.7522646051021753,0.17804666175260972,0.09600252362627687,0.0011256393245316781,0.09936058149269873,0.04696273366185741,0.0017356301547577755,0.02496845439036552,0.45491437726935324,0.04664331639780824
0.38869321441360316,0.09253134819895056,0.08253244995253421,0.0008879077866837863,0.04703691532260052,0.011315317023815157,0.004441717201536696,0.029944714481505416,0.052336620281059176,0.012537375380521614
0.15634065035868766,0.032608205882751665,0.12856158384240224,0.0018215170718958375,0.03128406244838634,0.0042814345982731495,0.002957165148131824,0.06384949367378867,0.005674074981673751,0.003777095946803433
0.02758898016345302,0.013384068893688442,0.12352774247573564,0.0007033372128356923,0.0073489880960828724,0.0016344810259570554,0.00035742963935041987,0.06606224390405548,0.003399452886933948,0.000557583965806562
0.0009945082992994867,0.02682378809108496,0.026190187681922366,0.0008178185601458273,0.000997537119260784,0.0004023780732774747,9.394429724031729e-06,0.018209284010731696,0.0022793775863589657,4.994421914325358e-05
1.4237401995007961e-05,0.013788414338864765,0.0007075791644244552,0.0006819883628901948,1.0304885163249843e-05,7.65516169000864e-06,2.290816921166581e-06,0.002261031575827433,0.00039640819829931187,6.958722556183957e-06
4.6952419775704027e-07,0.0009014465910781457,7.523163417673641e-06,0.0007908365557425432,8.086576604903592e-08,1.8818708929935603e-06,2.9520642218073252e-05,0.0003290509405568111,6.053150211214056e-05,8.282166163413317e-07
8.110272913659589e-07,0.00042574802098357603,3.7731837141901816e-07,0.004694302561451635,1.9208416565243343e-07,1.5445331998818598e-06,5.7504377711130334e-05,0.00023222084677814535,4.413874322336223e-06,1.9416832906244925e-05
0.0005200573092262725,0.0035573269910951872,6.80029523093239e-06,0.06223573859275629,0.00019020414253742874,0.00011303860659823541,0.0008636982252439398,0.01386425539740722,3.6867848478688965e-05,0.007974264810306032
0.01697098236323059,0.019803570737505802,0.0013063638068326955,0.4616934166427964,0.023451807087903894,0.009051514133538,0.0676038478114318,0.5525354856821916,0.0014352666772294023,0.21109737666850845
0.18058598175513021,0.08038025815469739,0.04323797563296884,0.7615898722917109,0.22999442800780986,0.0721193140835892,0.3871476374668812,0.6607121897348764,0.006694002388905493,0.6315901782731441
0.5863181672552594,0.15015489000043558,0.31698987431298614,0.3727431021243176,0.6163652569029334,0.44167455744625495,0.9461931021812098,0.42767426321867563,0.05802528625466308,0.8986894778020452
0.6326529789492831,0.5550602326715216,0.8938098904396548,0.14703947773644194,0.9340140807636674,0.5729435509905347,0.22089323252947227,0.3176495886674265,0.4307383692310649,0.5975507445668314
0.09769136687324002,0.5455992464942891,0.5258498687173339,0.027487000911830754,0.34086915455115874,0.07791313258014311,0.013428849200290914,0.1257309789095781,0.5360144231918664,0.14141318965929436
0.005573981240410125,0.08020287837138206,0.08534721420036336,0.005303654746749958,0.024918999772398365,0.004028435773900985,0.00011452805251760227,0.01502817265912107,0.07906548934687468,0.010429042768391315
0.00012714761573320022,0.003454110214525935,0.0023042764943693094,0.000295364113147158,0.0002135490365664723,0.0002143190214394986,3.3307641270033707e-06,0.0009468664936524436,0.014748640028294572,0.000277391027817051
1.8916200005802508e-05,0.0001611119095736321,4.352492997242472e-06,1.7982609929007123e-05,1.3997002118181044e-06,7.939441490571653e-05,3.2655121019519592e-06,0.00011324133360048591,0.004401584443717463,5.7631472985933634e-05
2.0462382926181227e-05,1.448710966254024e-05,4.9024963846186055e-08,1.1568886946735743e-07,6.181220398115212e-06,2.404503267228313e-06,5.578262709406508e-08,2.3461577157506484e-05,0.0002360166789971292,8.925982407162601e-05
0.0008484849683101018,7.167235509163248e-06,8.00894126502882e-06,2.1322934056067934e-08,0.00045318209623893376,1.4252446854658869e-06,1.0147171832829333e-07,0.00023051899431924473,0.0003117338638680678,0.002621648358364179
0.006923531620576425,1.5138092662134274e-05,0.0008964561559904811,3.699199245651832e-05,0.0072862353369321595,5.859488072462881e-06,1.4419003169077504e-06,0.008396826432726733,0.002901079252565666,0.020608720168404548
0.10443233332816707,0.00010373448087839921,0.01510191237661044,0.007777198903990543,0.07868128869976442,7.871315908933069e-05,3.0511715474749772e-05,0.14111257843181374,0.007571904354737959,0.0601033941708516
0.5293618017055863,0.0002648944678113253,0.08742981948658872,0.0749741232252242,0.20849299333608257,0.007704884620707188,0.0004902332341176413,0.35476071577458457,0.01618941225253845,0.05009603895472622
0.6531970033244607,0.002915238364644615,0.3680542470686664,0.13786621839932764,0.3145960977177649,0.2324292669473206,0.002951637166379299,0.37073442792557565,0.025762446989822906,0.030512283895938255
0.11735031767305867,0.028719858884576767,0.831573323991011,0.3118765801924698,0.48241486804233047,0.7905015426342634,0.012271353480689993,0.36544557973216785,0.029847730140931648,0.08665736497146569
0.026222403898805566,0.21620962444574046,0.4081727783056326,0.9084575339129504,0.7012723592418273,0.5787455350797706,0.05149887613824345,0.7549570735318037,0.0634886418762788,0.10310651862380264
0.013090135206572172,0.9832649799231044,0.04827074056714916,0.29737416502464153,0.8301392712308517,0.2164571782816128,0.1240095294968911,0.7529264230233098,0.08028946400048345,0.12129364985406528
0.010085609811069334,0.3078220991607807,0.0008174492123485283,0.13168629903823706,0.8920943805248583,0.06176315859482805,0.34649556981636687,0.4950999234542184,0.06105479257567683,0.07049426228648216
0.002926263887417282,0.06399567330057065,0.0001985585070538522,0.012122066447319895,0.4244679815270309,0.011840285150127711,0.8952210240198044,0.3034084139212893,0.1982505468491059,0.040139312240659565
0.0012235087415554604,0.005139973292209608,0.005770062065072367,0.0016111618215761195,0.17182263351624097,0.00129604848051883,0.9361249254671048,0.42511917827835877,0.3495186054028889,0.04187149837270289
0.0008992344037204705,0.0009575265984505623,0.07526119966322317,0.01799499699581816,0.13337197368326692,0.0012450524848730468,0.8439611045595432,0.737998325931506,0.12934721090982643,0.08351049359844485
0.0069693364201795435,9.120720373886059e-05,0.19703885846954378,0.13649960310903186,0.4545903529086498,0.0008174719941105786,0.749467023981854,0.6469834742590275,0.17184240910197196,0.26238339968067587
0.09426042148058952,0.0003449074502184809,0.38634678032731984,0.2472858789812425,0.9804231408685199,0.009130359193800265,0.2147507265171838,0.4242593642591408,0.6089692692399942,0.457635635974179
0.4956558367588815,0.006308964147758685,0.9348740542787645,0.18407329148484594,0.7510675244756478,0.164628391988958,0.026966842255276787,0.18320305265386805,0.531253462179387,0.472373278192211
0.7828167285091142,0.03707366703186471,0.5176237769019025,0.3110839554072204,0.8710069233253324,0.6757072413868128,0.038699454442864406,0.03284811645849429,0.14726405249216495,0.22103907900895778
0.34148175384636326,0.02645893863131996,0.05782326443680912,0.8929696999365101,0.6939405547589698,0.7586414155832993,0.07367549343890449,0.06158386928941504,0.11114501331882284,0.3540665824525121
0.22506754203776289,0.031621432589932885,0.006641741276982622,0.4420821184466427,0.633250971581488,0.38078098327719756,0.05766634043895657,0.13775842754679338,0.17142237377260597,0.18161362369288742
0.07906565232742153,0.35969154183777263,0.0006465770235172333,0.3760204426052982,0.7358864241337895,0.05572724698642622,0.09642695126772718,0.23414799999513783,0.341030616936126,0.1862335664862505
0.007768639131776754,0.5811154740463549,0.0037179749002937594,0.19015756146206325,0.15682334351085087,0.011248384032156417,0.14571214517991818,0.324473725541891,0.5583619451353837,0.6049611729566802
0.00013382446480907667,0.9658669772708949,0.010225101742934572,0.05132857156088444,0.02737423781900426,0.003848693846815271,0.14434602543905525,0.27729998359527186,0.40749466154169267,0.6169286231334117
3.400766949481776e-06,0.48841858389482773,0.021865133793409375,0.010994885020131524,0.009380613043340837,0.010691657111210302,0.23027560580053963,0.26224386160339586,0.09976993435920851,0.4151328859069864
7.034356303541505e-06,0.15424834251120212,0.021368258534551363,0.0023601597521503894,0.00793038073786119,0.005224329552563163,0.22579016480748254,0.8635362784421068,0.3339599275889694,0.16637577620415825
1.556170440314544e-05,0.18443755252119629,0.035675285324436784,0.00013952345512096634,0.01600720650968196,0.0021750172390771513,0.4021358530583844,0.3288646240657429,0.9659979766094224,0.0349094002898221
8.504392070033857e-05,0.17992439696386303,0.0713661035808771,6.824030900744071e-05,0.02152983551035723,0.0006197134478281205,0.9579499441080078,0.1196054127254361,0.19742655776514897,0.006334447631046311
0.00029565401958189504,0.17978350419807532,0.2074673449802215,0.004472515580163619,0.015721142554740778,0.00047604649285681687,0.738341973368966,0.1644190308859492,0.02864725010912847,0.006001765374711954
0.02024839402178871,0.150971248500379,0.8289838228275166,0.05454672169565102,0.015763005350618618,0.010549838761275918,0.5504396144177219,0.4042167168548566,0.06254928576433313,0.019019660846586836
0.3842946920501944,0.2714092279924626,0.41332460062227516,0.18181617895548882,0.07960636829155171,0.07263633995966248,0.29108899478561095,0.3680096735994747,0.4198745652905197,0.16444003505056695
0.9877719121874465,0.6158642049528658,0.23956377276506344,0.4093911396103843,0.28145982371221134,0.26536550712722107,0.177590796453954,0.16123936313637088,0.7744497621166961,0.21025151551268587
0.6238202174977849,0.40631843992813543,0.4978607539182951,0.9286756187637111,0.4923339576985475,0.3608111122890283,0.169820188411035,0.10482374403246857,0.5621225525786326,0.1151219340798396
0.3222013460240293,0.20423182295639242,0.598563772050669,0.5858402566807208,0.6471873573991136,0.2525974367438323,0.31851295375469113,0.19000357955698954,0.7816753373663554,0.17453111421716602
0.15382266134538963,0.2367688688657745,0.41063236963968175,0.22980255319489917,0.8981555844744201,0.20908966694102155,0.951614259201481,0.3067685898160609,0.8716994832124629,0.470672264746422
0.05713574493588589,0.5807412835023507,0.18863617949580835,0.08949492739425059,0.4050948446200763,0.4750925144902062,0.5904404828288956,0.9324128305060329,0.6416565500019752,0.9861535400828327
0.013115181117445899,0.8126738080656151,0.06257480602558836,0.018807451100777178,0.10667939966004768,0.7172896565731982,0.24247987503465096,0.3342193045027466,0.1319652941405523,0.2039492988238082
8.487261768854395e-05,0.8097789445063598,0.03150107438375778,0.039418054820286534,0.0015110701141579938,0.05118329327444482,0.04237255872275988,0.19416959869247408,0.00609178630077095,0.003218091560646904
3.821303210988999e-05,0.8665699067026681,0.08494339090112159,0.23694884258616275,0.00041847332182212666,0.023778301889081314,0.009145725015320941,0.5645379841024847,0.0003632291115666672,0.0008193743460868623
0.005306403601489238,0.35509219153923577,0.5745866270599775,0.6122191098087111,0.003927953539612456,0.15228889152407754,0.0047022603048033655,0.7948363907550905,0.0014425806327709831,0.003992193097052586
0.12929129267413725,0.06904312100255608,0.7711255306636202,0.9971072963385759,0.036093148459442455,0.358370824626542,0.003492169558356462,0.65089319067209,0.0255178614445485,0.036342588269244865
0.5672290081940058,0.036696804545044794,0.6890156884017622,0.7485259278100317,0.07063154054855195,0.2697355758297654,0.0019385207345181548,0.98997184109865,0.35462336531140604,0.02813656721744928
0.9611097011636932,0.15827380755420375,0.9278508327318371,0.566902067899346,0.15646953414635636,0.22468164485090816,0.008825807571393101,0.9953788294049433,0.9091477361670145,0.019688507856712306
0.5519340908501607,0.44057860176731034,0.7299835785587667,0.575764244910305,0.2622568965441714,0.08068265938570057,0.04973165267653746,0.6130865536141181,0.8354999016946517,0.039894285449515954
0.2648709526179982,0.7296552257257872,0.944048701063553,0.4070601578777162,0.6528402907144959,0.14473353564867694,0.270803969565514,0.3729606142499926,0.8984610986149876,0.07210103825647879
0.2262444814313273,0.7602176356176625,0.8844623848467676,0.4519000019682551,0.8614284985121089,0.268951361012457,0.5435067925764081,0.060864716461716366,0.7801838310936969,0.08251860219614747
0.10296557128363283,0.9336476074848042,0.4525453931774476,0.4473056708797494,0.7687555861797287,0.872855234319662,0.9072654088110481,0.03717554123836071,0.2782434952459555,0.30386911292587
0.0019343646135117911,0.9326866054435596,0.21227555011779134,0.5611914226924997,0.046537070679906006,0.19481832841537658,0.13290837010728912,0.16283390650135396,0.04912314376023557,0.80317721359879
0.00011435537380113462,0.3470754447353399,0.13562134593506084,0.5416568733471852,0.006009135906262566,0.09002607059262757,0.0038444261255156445,0.5069707236257215,0.007483678946073617,0.1625932991194083
0.0012988534952341542,0.023356368844767505,0.1378100476715551,0.42803571675236574,0.047739342775681586,0.2939130851516969,0.0010237441122587303,0.9241716090770818,0.004448246056746701,0.1719921960070892
0.002221922645110796,0.0001565166144565194,0.1822789087077363,0.4112689331862428,0.07350103304753138,0.4057554126029923,0.002401428462319499,0.30699655082688115,0.004541632002543443,0.08778558169492325
0.003510952937505808,5.7647416272646946e-05,0.050404111419466914,0.5353827285436519,0.07862909065929118,0.27858382568593515,0.00407522641831862,0.15777379476449455,0.02008227189774214,0.03267411894004968
0.013789231535377434,0.00013447697277046606,0.014599886487356882,0.3342315631401027,0.16772273884184458,0.35235490218419496,0.026258914444302096,0.18263854704683782,0.13448273695699564,0.03352653411331502
0.04599189682730232,0.0007115791269307522,0.0012567671392018183,0.08486120109832186,0.15166933300375163,0.19785144281289938,0.04788912234942875,0.15956583895600324,0.41440613148817107,0.06396013981225378
0.03775806783061819,0.02816514861802667,0.00011027085263707307,0.032398491156087325,0.07653733313740697,0.08928627548084511,0.026740236614084728,0.1616088113198479,0.5325275376757389,0.011351706774456691
0.0019097532988335655,0.35029466042998436,2.9131068451521524e-06,0.006511397274250032,0.007854316501167689,0.014343538268224081,0.0022399148800534836,0.23230460094387018,0.3986499444313445,0.0006150620747006743
0.0005954484752590648,0.8821410460048165,0.0001815399562581579,0.00478054145236572,0.001759300552916911,0.03838611836387619,0.0008630144827898928,0.8088241687748561,0.5102861525070739,0.0011850957154462074
2.8732256525590712e-05,0.48515049080442474,0.008161367467245086,0.011092265355796369,0.0003664785003863391,0.1403210139533341,0.0031248406608538814,0.4247896128211338,0.499759804841575,0.0022354380330191735
9.313990954546446e-05,0.10859359322462925,0.08730307651196097,0.18900145089074988,0.0004243976113187762,0.41909738165564137,0.019297820483780675,0.15161840884027677,0.7026837356695774,0.06609458092580235
0.004411937334113532,0.03837955938826998,0.2791108763944641,0.5830209055526498,0.0005343658767748436,0.4394589965661241,0.13106147497232296,0.03874175369504145,0.9636555380872984,0.18357244836369754
0.019191690338655403,0.01881721570487004,0.3247387784436434,0.6971086341799415,0.00036033149537203796,0.32311101757902994,0.16878259516488145,0.0007076503631032246,0.9185203616335211,0.43803657137233654
0.036379429698300554,0.010212311414088824,0.6229593193389027,0.3697768736128634,0.0006360322052570813,0.1824250521359196,0.07996339475132012,1.8936980666299993e-05,0.6606736630484291,0.4699958475745253
0.08158475779385983,0.004882974137154032,0.9257360924968627,0.48928687142203053,0.006483085260036473,0.08125600149396381,0.0266156275230354,0.00012570552209252635,0.27515960196656164,0.4936170401932667
0.10228574445968197,0.010040511386619988,0.39540232772542316,0.9749564809823901,0.06117091458903518,0.08499804165908967,0.030230602431973962,0.0007415262727983633,0.1873385199955086,0.5513743518970411
0.2588631065372639,0.038839039688938266,0.11431712197616821,0.67970709127401,0.37845784766197355,0.33170274495056706,0.12228856860739601,0.001480386486641639,0.26116143693420374,0.5260107062904098
0.981186614892297,0.1737035567908573,0.008430797170024044,0.3547561087187193,0.9343290878514763,0.9803998127554113,0.3852340060696755,0.010391298172549008,0.12915182269119702,0.04502858802559504
0.1077204585187093,0.663108915364665,0.021055587342410368,0.15791370186513692,0.2023982671662899,0.8467369820388795,0.8610533545550025,0.023070023749738534,0.09080495864778587,0.0059161389650341
0.004773386298909131,0.4822147777925788,0.003676040181388458,0.10090221814949667,0.024407265662147685,0.5933855449326778,0.1809142827530965,0.10816473177665603,0.028852862249854068,0.0008540786588922918
0.004107974188663629,0.18795233300418018,0.0058724622530673225,0.22366390946000722,0.017315538207285295,0.7197479523430645,0.1602536481343824,0.38958658715416894,0.06603904179503337,0.012832064946558669
0.015221609976004365,0.26928548653528245,0.02997096112090662,0.4149611179875343,0.02406109512777523,0.8395379847412809,0.35178298958830456,0.9967415158759383,0.23592693009134483,0.05654585130797764
0.008736793869724183,0.33351056372583665,0.01634622100424988,0.22460231716884138,0.00799920991977858,0.8999788385652966,0.5182218946982011,0.105763898354147,0.19564299435783675,0.10958819433232604
0.0004952202835607861,0.19360554685905987,0.003015786685811381,0.027278137517542565,0.0020140336064159627,0.49780714928365843,0.13069889882338623,0.006731646368884069,0.17708784268310274,0.07811556302567042
0.00012631634779155216,0.07459867364286966,0.001851824457197915,0.01685096553569499,0.001477239904388631,0.11983284737130395,0.06194521488347038,0.002228864059239901,0.19474706779330775,0.0607606485913478
2.9448588750304504e-05,0.07284970693199763,0.0035987875419482753,0.02080323080526196,0.0007922354109017026,0.05698402598668116,0.019678237814440912,0.0010979051020014972,0.16008682882772549,0.04156905873006877
0.00021495837134265363,0.06879350584270454,0.005323493369601419,0.006755284145930599,0.0013449969591735245,0.032992720157643936,0.024581538167491136,0.00024601769493813103,0.10838689823110262,0.055343568590828715
0.0006356900374791107,0.0738343972616726,0.003347416058189722,0.0008198230173158882,0.00013635521997411163,0.015271841274267103,0.017771624866189908,1.68294277519415e-05,0.12174857602967622,0.02321134081623632
0.007317144151314571,0.05778915359468643,0.00011041752408762708,2.6825034027293835e-05,3.0499821977772105e-06,0.002781113907331946,0.030991142266742013,1.6328490921895436e-08,0.11024045198433688,0.01285823428614486
0.07673900668797089,0.16349777103040408,1.4606837634999203e-05,4.468465460479416e-07,4.450767106587981e-06,0.0005109331431368773,0.2919205785689727,8.227612959005938e-07,0.04163827369389457,0.02656011245596088
0.09432130393351759,0.5177867104762728,0.00046548136422470775,1.3002564196175698e-05,5.02584500097566e-05,0.00019328536955683543,0.8814563177911101,7.340362765693341e-05,0.005210040535286464,0.0068148118588610175
0.11340748628403985,0.2921505277293768,0.017527817695976507,0.0001987985601393443,4.112392024896767e-05,2.4724244980413304e-05,0.8138111839056774,0.0018301664273761187,7.939138310612686e-05,0.00036971352483177085
0.409241495487801,0.21816917525540105,0.35642527069099006,0.043456109107900306,0.008081436334363092,0.00016918686646112801,0.9690987858948246,0.027353592530070532,0.001944932809755495,0.0036929055584046548
0.8628862980547751,0.3905508998146233,0.9378662493844515,0.5552156640159378,0.18118064162195102,0.0020848545491789225,0.31192103907330904,0.46959359295424374,0.09418822127504745,0.07031879960961775
0.37594149557140777,0.8924240936676808,0.4575309772969268,0.7943739244210054,0.8508082754309247,0.01494911734566129,0.5189717146758454,0.9084220508341287,0.2115210747033528,0.27367042434331246
0.29397602861096134,0.5403635550995645,0.2313748413704603,0.932489958187005,0.8046898188823961,0.1365651548940889,0.47885790039905196,0.8044495153247531,0.13162558319548526,0.955833557758603
0.7514710435279963,0.5682593566912475,0.06240466295725845,0.40531357278860347,0.7500410072645648,0.4324412032533709,0.27020496923880566,0.5709064159881161,0.1268074790531292,0.5939043281331223
0.7339920285011,0.8760098563271435,0.014974955640332405,0.05191171390999627,0.23068724800907942,0.9859944518415529,0.0683685390968357,0.09918838978567127,0.5735246366222797,0.09886636303024716
0.8595957344837027,0.8551765449520214,0.0004872742303205221,0.003213146964086233,0.022987553869614933,0.28446062362378444,0.05175578052006093,0.004260171998750588,0.78274920875037,0.040117765983076314
0.6847710536553653,0.9863312546273879,4.277481217183439e-05,9.788944917307513e-05,0.0026985812516014014,0.02776813014315265,0.10265281955611054,0.004390588185982947,0.7408324555961304,0.039437043358397476
0.19978561471017905,0.807176224228447,9.953748040664047e-05,7.926845351048316e-05,0.002056466744797219,0.001423683222892137,0.2106559306883874,0.02454559612940341,0.1720672568201888,0.012060205260976018
0.05012685675049718,0.2607492747711841,0.0003501648759081603,0.0004184308376411302,0.0005324533316035938,0.0005002513834109436,0.28341035256719826,0.038840452037584114,0.009206487423466672,0.00201715291844522
0.0725054691284892,0.15708078818285648,0.032583436519708374,0.0379326744481516,0.004593295522963743,0.0026053650293124024,0.21356343022406127,0.07076863706484937,0.00875604438123142,0.004058925587430301
0.10403312931739693,0.15937770297812937,0.2037772950877874,0.4478039453765241,0.027090615253003738,0.011845095186115009,0.3247134921268341,0.5981996403595068,0.012253483655152301,0.019708447608015687
0.244218721766855,0.6956955888071048,0.24845126473782647,0.6156619476037324,0.09584849341306315,0.01563705074765799,0.08510682233865245,0.8335042805508172,0.00961413928241477,0.09361564547710177
0.11954942582287752,0.8092504496473162,0.16623901698745122,0.6622513529210131,0.023844666937280767,0.006818832831323303,0.02185718576075099,0.7542459342690089,7.207516927378343e-05,0.056019113890938915
0.02104713237989703,0.5987132573603313,0.13809189776651473,0.9401346590782493,0.008419054985391548,0.0076702220216499275,0.011730224940622893,0.7754376860013049,1.7665570813393839e-06,0.035637984669772284
0.02627370113113149,0.7541429139063106,0.16838961357255947,0.26959133906955657,0.035164062803952144,0.037715110435880946,0.05103778413083929,0.3578149853596235,0.00012824635047089332,0.1554455092919786
0.06013367657042524,0.6603347666103647,0.17412688886422734,0.14783362775073905,0.19268853078732134,0.20898211450150384,0.08673320100455167,0.11194296298635732,9.257047346154778e-05,0.7720451473416718
0.08910162525351129,0.5835637839740881,0.07520311801883872,0.16627176536560181,0.5300363048865677,0.4517983077344063,0.07386211530311418,0.13119348205242454,3.082893099366038e-05,0.668109422758869
0.1658328672087165,0.8361766606945001,0.016759049289447856,0.23704840785542158,0.6684926806927836,0.944172535811989,0.14221479837288262,0.2799265230623858,0.0005355535133752904,0.5068106736288108
0.9612113031984758,0.5876747214697475,0.0017183434997686629,0.5583589346453106,0.9183386056288373,0.9253236505709506,0.3440077449794182,0.3342457822234659,0.0009943232876179625,0.3902896311892281
0.5037272662282506,0.6739660423933695,1.6646635036754864e-05,0.5146377350409626,0.9998869473372509,0.3285910557031311,0.37286590832153654,0.5532542393224433,0.0023413868814636408,0.3348060952037599
0.6165644327622872,0.8513848593815448,5.215703761880828e-07,0.069885173459807,0.48845473911429504,0.11164283746291061,0.3333202819154436,0.8279951622376661,0.0030933842079257415,0.10738425558661616
0.7064943002430544,0.5930101855930132,3.108306972998017e-06,0.03165153467318238,0.17861325465220038,0.08376414900579351,0.41049018803385784,0.9214108851611146,0.006463464441285817,0.01794832175789082
0.4719374126477125,0.15455802692698806,1.2011304450321113e-05,0.014634043864727839,0.1528322680519838,0.06319048855378308,0.25646665579204725,0.927110517422682,0.008803255664616033,0.008626823885571852
0.3709586893983895,0.016196305537878836,0.0006014521174045744,0.0013253757026365012,0.10724501755003832,0.022577834984067333,0.19682275710390157,0.6339567176238285,0.005279669810436467,0.0026630010964088253
0.16633030835844592,0.0033366535642737095,0.007049360812037741,2.9091571657908225e-06,0.015209643201255924,0.001783440736272791,0.039011547118451555,0.09563725256136062,0.0003279593395007638,0.00068264034952158
0.04971864975442143,0.00550030346718241,0.028306508370439874,1.296720093817305e-06,0.0006443383470912362,7.611545199849401e-05,0.004789537791577746,0.034867631767947674,0.0001029608530688226,6.369320205056844e-06
0.03762134598037918,0.008157013001789535,0.2113133477536759,5.499863733812838e-06,1.3733509517662042e-05,1.2715687988178954e-05,0.0005010868930732902,0.01577321301975665,7.609002006926956e-06,2.7591115062137504e-07
0.06371059486709647,0.010241742549290276,0.7995824473418124,9.055002572082609e-07,3.67050148702035e-05,1.0804651187757004e-05,0.0005740521714269648,0.0010406819589220428,1.1893358699302395e-06,2.2519040111975216e-07
0.008693946998308345,0.005926251932099658,0.2517959311889803,2.30291730973895e-06,0.00037463276438244917,0.0006288546558614167,0.0013170464119130164,0.00013039078341580107,1.202287823280296e-05,1.53547101609366e-07
0.00014722206054734027,0.02842559100254566,0.0061462969193295195,0.0008616038855959049,0.007639906156079676,0.02682213898854177,0.06555110191872177,0.004813523685643444,0.0044537421944651975,6.860802509288496e-06
0.0001271264770696463,0.10185064393432833,0.0022114846875158144,0.020618585211635954,0.0752854674909143,0.13105318490580825,0.3012322952665773,0.05334890608991076,0.06574823220500411,0.001585414345213078
0.0007594151698755822,0.25003440698763557,0.0024031608517223815,0.10486985966070675,0.1795654666883949,0.10174273249044989,0.4273631458500903,0.017516553756761487,0.5977210999559938,0.08795888185533256
0.0024627477209712683,0.5198146958313141,0.0037620706577049484,0.1436392767712637,0.29505053128925274,0.07434645858470491,0.441663348544472,0.02495928754526944,0.9619209383847297,0.3549948330236282
0.0025440300725049336,0.7073131399998708,0.02504988260077378,0.18463437659706455,0.3346082589586783,0.18327501464041046,0.4057438573710065,0.035962394180319726,0.7846291097668651,0.44483254984025355
0.007658363846446078,0.6056006354289992,0.04352182183114361,0.4648296516125161,0.7610791978277065,0.6774830358501017,0.8142270103138659,0.06672515919716124,0.20062179879856512,0.8674536333784212
0.3600249696873389,0.949408335406024,0.05233375678582044,0.6700689477123497,0.3210784828084095,0.8721154200983026,0.42022004921678235,0.12976680486326347,0.03943810654409438,0.23239004363566607
0.8165813850073795,0.5816536893194935,0.21875872196997018,0.08225243472790991,0.023588798438512654,0.4960207598973577,0.043719100260416276,0.6514394225859158,0.004808788739867049,0.027419805152908146
0.4977054388251513,0.5679975357496698,0.3912091997917593,0.003880242081121441,0.00498821571645517,0.3133432119398234,0.01369005720929368,0.4448347969420392,0.00044626040489264955,0.00847748538906505
0.48635774569759926,0.6863429694613316,0.9387956563239738,0.002454051219184844,0.01879935593064252,0.36403710929453215,0.051048052908853433,0.22939578628897153,0.0006804071945786099,0.0008553484697600814
0.2459920682942251,0.7148144131351315,0.5125717820692727,0.015563878025035892,0.0893251185500641,0.31323817702078216,0.3849640650034468,0.2998159971794113,0.0031936257282904326,0.00014060968664547646
0.16334732204374455,0.8495132786088928,0.35134427304239657,0.051395296026680144,0.18801046838810978,0.24875204850169547,0.9591507652069614,0.354050007426718,0.010231492236879141,0.0006924251713252523
0.08606298164458955,0.9584635920469994,0.49480262260849195,0.1752394846991878,0.40760547816492587,0.07061947380798674,0.9723927234181364,0.15852962256545522,0.014891459881979362,0.004640089547981702
0.03408147967067845,0.6885714589991706,0.8552123492217464,0.20118888833710655,0.43327479209864517,0.009608535178777251,0.4884010978836524,0.025209616299200335,0.01271629440111521,0.006595235698559136
0.002783107142873841,0.23480486159588346,0.6473744716750445,0.09438988059083617,0.3239143394223638,0.0008638815873476954,0.21700501019273183,0.0022650848528947025,0.006939332453460408,0.0010356096098630336
0.004629906453795557,0.1496065427166587,0.7462517128986288,0.06194112918277243,0.4776268472536257,0.002305297001672535,0.3076816353451557,0.0011456291237190504,0.030240136937775428,0.004746905891592372
0.17832853010557081,0.6753602962270975,0.8257617777498553,0.29761833824126116,0.7199804593275014,0.016822468387244827,0.7635477833895579,0.0077089869991653105,0.5427892742950842,0.06156550761491929
0.88472996192215,0.4106273099053427,0.9627225755586521,0.8690077577009685,0.05272853754856422,0.1785704860629725,0.679922459819206,0.13571308094320259,0.4272168105915438,0.3418940718732738
0.3381489034032181,0.20846002014683065,0.606672540714433,0.26364183034816224,0.0022960428243232536,0.36793782544852127,0.7150757520921291,0.6878168015388972,0.11663412187755551,0.38287109041504463
0.36851846913967745,0.331063321620507,0.32847685889194145,0.0901746700758174,0.0021215089781045997,0.4302274217476537,0.7930738297935392,0.8182153396924967,0.08699545700861412,0.45033890179819114
0.2118712043650415,0.3955148569961737,0.22902041228155723,0.026719520959551078,0.004070313002334701,0.5853709413289534,0.23147395327665182,0.598283317648118,0.09686430048401475,0.6449484028027712
0.25937496016904027,0.27875827792546226,0.048729394541321684,0.020140224484544358,0.006130121797854993,0.6970664695189357,0.048162431775807944,0.49123078179444957,0.15649744211741523,0.7877778985184924
0.3243546841302887,0.44427445598258397,0.09892495334270746,0.08108152422414333,0.05071538001422025,0.9282179449057495,0.07886151604739906,0.2476387829464056,0.0930637160965288,0.8484956165227054
0.425726157116615,0.7266920903613086,0.1724489312513764,0.20793756354739346,0.08792529052708661,0.7782168542260591,0.18245634498044622,0.03849990735251447,0.07294001974642893,0.8769692610502751
0.4863719033909113,0.8455883914799484,0.0536050934463865,0.1333285310029142,0.1361704241942678,0.43456365986179224,0.21184263427349115,0.005793086995055598,0.020849867856094464,0.6189172686486145
0.7070406005586295,0.7626880813566991,0.023480044331754234,0.05127326198286431,0.22642974633418117,0.4230376599962903,0.07001771198313257,0.009889671176931967,0.011620690452023802,0.8355626068757425
0.4984893571693355,0.236729214031181,0.006162517446467911,0.6044762630076799,0.8789849573312232,0.5238936678050007,0.013788544990877172,0.05386862936811945,0.04165140699163157,0.6712941855784762
0.014966374802785747,0.008837542886222379,0.007247693921971611,0.49908455842440447,0.12492864404808769,0.8825437151725546,0.009851843060154465,0.418290266103723,0.30991259750139605,0.2823680187629057
6.445481187846806e-05,0.000283107393406804,0.012196267035354227,0.14442467488950947,0.006035149038348825,0.5602960681412907,0.03832425064874993,0.724120536657876,0.8714993681124845,0.06517931840579938
2.2451118469435897e-05,0.0010979606856430062,0.0031554651884160368,0.02356877551784067,0.001316755553868849,0.6269642765057102,0.07518207247122156,0.19137951393718505,0.4037709532206566,0.025549003144851964
8.163050870982399e-07,0.006319132784463039,0.001275733048883175,0.0015703401580775447,0.00046521839772484144,0.4814708038552359,0.10672847549474378,0.11214021980007705,0.31802151516201616,0.025612360689175245
1.1795340437305276e-06,0.0013901869224497397,0.0009033580054896513,0.0003383621625114972,2.432932764834831e-05,0.27609487478318423,0.09971731802193753,0.05768737657814385,0.3282887504736509,0.03757507977365159
5.149384195734665e-05,0.003459244889969437,2.4975282089410296e-05,0.0001279129080952534,1.4412573761474096e-05,0.1314179693788601,0.02846674377337267,0.0017921517976236772,0.09478174910873928,0.07271063958454733
0.0003477915708592475,0.03742811444616625,2.1404025522886503e-08,1.5571483083181165e-05,5.376710958129081e-06,0.03532909931400448,0.007942844632366273,0.00011126797304002651,0.02599380397035441,0.24488833846343322
0.004027895729871454,0.10682714346392223,8.442489704178133e-08,1.0494611698662938e-07,2.191168968992903e-06,0.006402456055643027,0.004993102490601955,7.392930181880911e-05,0.0009564000391402388,0.6071577375820822
0.006490558944583576,0.13876083088609983,1.1473496220932883e-05,2.2301112857777075e-11,2.840177601398127e-09,0.0008497397561574983,0.0034744585342400738,0.00015592481434913288,1.528049755029205e-05,0.885104219744808
0.006468717312168641,0.09538172035535056,0.0003843291010750543,6.145100068598274e-07,1.567598788036905e-08,5.6340288799264626e-05,0.024635830232998333,5.521369162824156e-05,1.371354705228553e-05,0.6087274033812344
0.03181377058456686,0.10606819027573229,0.002049581650076095,3.2228857487654345e-05,2.065294380535278e-05,2.7472996023254533e-06,0.02624907258854847,0.0033002361701193607,1.66893842351622e-05,0.12329374163109734
0.2513532346210344,0.25833009734948836,0.005476710718119539,0.0002381460667193813,0.004211093721452684,2.5704053198361914e-05,0.013665852762288905,0.012474191590574338,1.0250023485811154e-05,0.02674742448293264
0.7053471050129219,0.4852249296972211,0.031101025040852635,0.00020433926223295434,0.05330443931895329,0.00016748480808999482,0.004319548509243421,0.0627885809825682,2.2049572841711723e-06,0.007709648232669591
0.9500303553942273,0.6799577147753239,0.14380043179059285,0.00019985366436287637,0.16975570332904438,0.0059971172306713325,0.002272269824350794,0.06246099482778349,4.588228799312332e-06,0.002142627212532894
0.20028419718471924,0.9645747660611822,0.4657119472299921,0.002119199143445789,0.6157823191748644,0.082985501936304,0.001929703907558241,0.49234040706380766,3.418446580513975e-05,0.001055754301430964
0.01455339434107363,0.6710022554770635,0.9736258081892848,0.01562668077347398,0.9481923109308676,0.30525706875535596,0.0008854005006621072,0.4261760307732245,0.0003660196563705466,5.0277022345666214e-06
0.0024530239746337937,0.55346580607273,0.14029438107699882,0.08433904653100294,0.36831620751042393,0.8385280842357834,8.17462732533179e-06,0.2900944615285194,0.009163437288617345,2.026315480894471e-08
0.0015375416051473813,0.4654075050066613,0.002806919411336726,0.30998089606309254,0.06858765211835434,0.37517181915004727,6.18523239584747e-05,0.13617362712691156,0.16360690779580073,8.46606325803151e-08
0.00018065074079379016,0.20251254541074099,5.116826981876153e-05,0.498049842556628,0.0003315134505621558,0.025835763764454494,0.015309131451501512,0.04079101344763765,0.7953009255463418,7.07001787117753e-05
1.5986280422138564e-06,0.05009362494645522,3.208304996975759e-05,0.08357291962709998,3.9532039141218145e-06,0.0006017175565649893,0.2767805223304135,0.0014595150014609264,0.45982738033188675,0.0017584232465737198
0.00010637003151954785,0.018428797548816524,7.5413354044123e-05,0.016540204074639037,3.420557784560596e-05,1.2846901253092587e-05,0.983539135127379,0.0043597431336439415,0.0748698681466406,0.017973561903605318
0.001652157272105724,0.02324656714405748,6.415791660778254e-05,0.001241772763269443,0.0005992352174950672,3.247945897422755e-05,0.3362763649901206,0.004183970568527414,0.00753380263262357,0.053123530030296996
0.0009752131185044577,0.05706531500399305,5.9637320490800834e-05,0.00010219343241052414,0.0017013685177985263,4.064377544302861e-05,0.0852092465561757,0.008058308655566095,0.0007551159540565976,0.2034617420694536
0.0007889701965829936,0.14785774706140717,5.792916601003925e-05,1.670175839886709e-06,0.002950392844726369,0.00016728005434397519,0.019765546191402507,0.006494858851955763,0.0003598283370068425,0.7869718936194472
0.0004949574208229729,0.30126668522858374,9.20933748226847e-05,1.061965143988953e-05,0.014312082921273943,0.0058312769500676945,0.0043191457572536035,0.05321591939033366,0.0007317297706918661,0.7621339323131536
0.00047247903456539817,0.3374844444096531,6.527059090278744e-05,1.2674100236862744e-05,0.010575795467595928,0.022173930515777523,0.0005459916147557538,0.079410064191603,0.00011491336405464884,0.11628106270335858
0.0009865479112301139,0.1607653178428164,7.205735558963574e-05,5.691979291393141e-06,0.007427158855111731,0.036665501007783714,2.5325708463353594e-06,0.015030697638905093,3.835789336935162e-05,0.003677629417244896
0.004766293061681108,0.031788802258701225,2.5195820911734037e-06,1.5652861131865279e-06,0.000950986609672404,0.03369128113280941,6.558679519225524e-06,0.014038578785919005,0.00017653061822896343,0.0006009676437087408
0.017436556646958222,0.011921415761602583,4.916077479185655e-06,0.0001190803364313942,0.007696492383396424,0.028349464408722085,0.0006945900599156406,0.07958724357495069,0.0006264094831748948,0.0008775117256932383
0.038838354275119516,0.06183160331026901,0.0027584100354681768,0.0031561789219558692,0.08290742477604764,0.07695412005184919,0.014800863511484167,0.34707642830026186,7.530930904368864e-05,0.000556087391893588
0.07131764462705766,0.3053893962556772,0.06550714614322031,0.019916198001387338,0.3319711811691841,0.30283586106674026,0.16699100180938165,0.2540833442265322,2.893135053595154e-05,0.0003158249796874683
0.37585529273704366,0.7099532290007324,0.18725039422885326,0.1301388484916483,0.612346594945133,0.46517275273538095,0.5701855473516354,0.28291936727917116,0.00020695271872445676,1.4962228612971634e-05
0.3046425192870754,0.8023976955394503,0.34214400121302513,0.6078132098544449,0.35304744471568916,0.9035262067786229,0.7441389396852008,0.44436370125877067,0.002178683015512191,5.69058347001769e-07
0.1478684367174397,0.6034328222600975,0.4858939907327463,0.9374345813513625,0.3368341091495559,0.9301883947055607,0.5463445350500403,0.9326145092375642,0.006038480293988145,5.257256371752574e-05
0.2745470507529854,0.5247283021471956,0.7204862377389948,0.947458586632066,0.34951310070222064,0.5753823053984095,0.5117015611956387,0.6552406268409143,0.003534184890481209,0.005386327352331981
0.290221305666532,0.6931805910886216,0.25080696103458355,0.47171918193981843,0.538910110019132,0.6087469463934995,0.7144960687355673,0.4610681575835309,0.11739862527354387,0.03461777896989282
0.7538288460653285,0.7824064739641056,0.186930037013232,0.09858907890618711,0.6574854281732323,0.8672274099228563,0.9543431052950357,0.24436324220688174,0.8475695012912167,0.05705147219622399
0.5111616138739339,0.09610280849695557,0.04508578772334826,0.011401459326372562,0.6612723696232476,0.40123308448729755,0.8848806107828503,0.3760409538691253,0.42270534565914997,0.0762376335867098
0.4450546903323189,0.0005214410720009554,0.017600542496518365,0.003057524944618099,0.46146808088761937,0.39825648199467045,0.5219858283566972,0.675661844127243,0.07629288879005887,0.41520470660088915
0.22775633230653267,0.00417259066199558,0.15816874174873277,0.027925735182381298,0.23240873533040796,0.7659755888296951,0.11482434515478362,0.9888651672800783,0.006165587662037096,0.6142943416132793
0.2712458446940213,0.09849450153687454,0.8109097114539983,0.1527275251428944,0.14588608876970077,0.5384566175165751,0.004034958741349296,0.5708318283743437,0.0041694494342567985,0.6730794153179219
0.3453197419289977,0.45840598370463737,0.8483622834349154,0.32508477041061123,0.1328157956281639,0.24106966040106498,0.0006678581207435849,0.26096687117845185,0.009463322889388956,0.7182002476046121
0.8843627383818838,0.42062279055687757,0.32892169655799075,0.3824163415311662,0.7408100992876363,0.2524765430186489,0.013377412847710976,0.08197057907296418,0.03768428321760732,0.040622474473607596
0.19698928194880475,0.17449105838330844,0.16432089240738712,0.4762855217475964,0.8206647141857176,0.3719788238117363,0.1843858626011765,0.12825491869274508,0.054124199477760856,0.038076561228133333
0.07832468806815433,0.41526595710371417,0.6145387152161296,0.6160035404662421,0.4879512160308206,0.6199727121779681,0.2996528427015828,0.20290855255352322,0.06091122074166634,0.04308525053887074
0.04933313281268865,0.40608080736853447,0.8828814455957646,0.9461056469679534,0.4578283418455449,0.6889981861973644,0.2528858188655355,0.21715996225478945,0.3476711023320711,0.09847714025827053
0.06526855929576328,0.3468168014736952,0.7048643495709709,0.7105674709581298,0.29075665815735086,0.4677913716608273,0.11738830629780161,0.22064670424964727,0.7796969470006229,0.05282430267236998
0.029169216111831823,0.5656455010685109,0.32990067952023383,0.38988038378277445,0.2432647603202076,0.38523522457561843,0.07863182510921422,0.07210007667590705,0.2059190077465775,0.07303585258181954
0.03372415010817809,0.7676783991465355,0.09059108265442219,0.11555371169787297,0.17598900711255364,0.6170425658395622,0.03799024258990775,0.06471689224057009,0.024027281795163682,0.25326990995899534
0.0032708043511066507,0.8285504518792275,0.21543277512956918,0.050235026741634874,0.08237609405279465,0.9882251598987681,0.06041628406671741,0.18555757512250726,0.0039046680228825006,0.2401914503595096
0.003260746918125946,0.47388091176660985,0.9026040312570077,0.03284779752956938,0.08110207338033595,0.45395646986851856,0.23088699539166907,0.44219117326861257,0.005673449060338587,0.1294662715066537
0.008737317698013562,0.29633886350210537,0.9132604496028932,0.006952757005265502,0.24202109086368434,0.16308445272057906,0.519756629922465,0.470120281509282,0.010606389768671422,0.22532928317856432
0.025416357906873212,0.5701312559116667,0.3820350552595584,0.00015654212717500847,0.5847412260507892,0.6089573144502558,0.6783011025613854,0.9051892013314841,0.042303460108300606,0.8909307556289348
0.0700317749048893,0.9327753178864234,0.29490920693750616,2.403025505099187e-05,0.776488448804951,0.7064272488088508,0.7818826939636039,0.4588650339644169,0.08928522851794556,0.3406854466008513
0.059969805157639715,0.2857565229986458,0.7902774504732893,0.0005062387349475397,0.8028765347275908,0.45761699969801717,0.8898618967277723,0.12890428157998102,0.22701462286923196,0.18395898044059225
0.13981040262950323,0.3430789436313817,0.6302924239313112,0.015397643263153453,0.8248460485737384,0.9931221258367909,0.8470105485803825,0.06656215024025963,0.4218308832417269,0.16180406026018618
0.18652863306389714,0.6550756429583281,0.6545485680569655,0.16898040000385103,0.8096283385020754,0.7318591115586441,0.8045996749261363,0.08786136531833647,0.86393945764653,0.5687261792226215
0.25230568922920843,0.7094981897393748,0.9756943630884207,0.5433805923337114,0.45576554008803505,0.837874982193114,0.9618201763887271,0.033460720195926066,0.30677001892549904,0.6824975385696677
0.28417828114358745,0.3381930430946207,0.5745497182790522,0.8330265883781698,0.49692700006912305,0.8625917353850856,0.32868866174671896,0.04741031674927907,0.17359155969128084,0.24295870734857533
0.8703058240452819,0.2620206688230304,0.6128978869625887,0.1901761855349165,0.9620475487673585,0.9490073637361074,0.09462796375350886,0.22794751862373494,0.16518690198474043,0.12765037499237736
0.13196978062908907,0.9624337426430213,0.783463769432989,0.06753733889023339,0.822701938030583,0.5930741287764237,0.09245178029340693,0.5019622896994371,0.0575631531740316,0.06462851109241452
0.009020788045487628,0.5127838543060779,0.2775915858900475,0.021204093444284776,0.5464392200350183,0.3603015733870767,0.4547893772361442,0.4182772649214498,0.03600241925950195,0.11083932948753716
0.0060912897397535455,0.4195572942375664,0.22059485833409687,0.002180964761260948,0.33985588361340646,0.5334251655901674,0.8446960189579851,0.338650471254218,0.04475707146364932,0.07825053804335434
0.018277001831706566,0.36301383375325047,0.041970542113334654,0.0008682903250168481,0.496474572704132,0.29191582905229563,0.27191438855767375,0.6424394383023642,0.12870061054203616,0.04049324204943859
0.025613289956773037,0.14874309117969747,0.009280556821353259,0.003571845986781867,0.9911386377915179,0.0889564641661716,0.1317756395433305,0.6008216471128416,0.5625999864809039,0.020124784555721035
0.06980869664869804,0.22611912130965456,0.32421344064905655,0.048573073111666594,0.9182284407429906,0.32380413950097553,0.2278189332123071,0.12706203623571036,0.6702008677454697,0.0068310529791893015
0.08798268666035018,0.14457441935566745,0.9371064019096182,0.30394296936818177,0.8660296685177106,0.7464741387600138,0.6085384036856889,0.195458815994551,0.8073883538488138,0.049883629882037324
0.1982054161589849,0.09863694858907511,0.4471228982870401,0.600310566622003,0.9865472049776468,0.8473614674656915,0.6903855433270721,0.1427258903856164,0.42327040706408303,0.3533644337317684
0.3392073617489173,0.01481484965076915,0.32879935538516025,0.7950830113264187,0.9702122885670877,0.7026239523412748,0.20555464255514105,0.05027812995728782,0.6565827879977377,0.9825809274234971
0.8989084952192081,0.004848336679154381,0.2430872848305759,0.7049121866294055,0.5491051142144102,0.7773982877716537,0.02124980688976778,0.03509458410859149,0.9485662833733486,0.5978921354953084
0.12290572509238558,0.08015625101624611,0.08142147442878031,0.6879950129383909,0.36877211829304624,0.23094775472812987,0.02008709940949692,0.25125614998377566,0.9661969921417416,0.37181442956020483
0.0004169689675981643,0.8913038290175521,0.007496750940794442,0.9094378900840583,0.5072212213581584,0.02724725462644767,0.21574900805593297,0.5592066564773928,0.6843257987432119,0.5762016200028788
8.164144182392264e-05,0.3245082955541717,0.00015974583065520197,0.6875079026359219,0.5456171672376003,0.006274388750596266,0.9586694642051766,0.45816769706115357,0.32383291797708724,0.6594310361592683
0.0007000482533401411,0.08978051097245487,3.231923226482058e-07,0.4329062040327597,0.23384715750998794,0.0007331390890402829,0.3353710924840959,0.5140960432049908,0.12431484462268719,0.5212981209581105
0.0022637374957378193,0.1067052287100081,2.1283335354175e-09,0.14802823076649935,0.01779612422236787,1.2267695338653074e-05,0.10234580595428094,0.573256171923124,0.009571690634614074,0.24420729415213058
0.0008634205978169906,0.20520416470369318,2.2480469535222965e-06,0.014840912131215534,0.002016926759744581,1.2028151148110405e-06,0.15560067246999595,0.7972978337431667,0.001570529458731416,0.04235488513679291
0.0008001421076016371,0.06675437870482594,0.0015204596821944414,0.0047471234252812935,0.033773599069225224,5.713426715015533e-05,0.36004901794684885,0.7232671018338745,0.00034366079637347067,0.03176343472331924
0.010712843876856266,0.02833999163700284,0.03532158474727459,0.06901010825111056,0.22448879846594008,0.0012038406949923044,0.6979579107868258,0.8152869481490543,0.0012069672439824714,0.0687557836010929
0.03564479704305343,0.0015145128752551032,0.13107560588405023,0.3351286671713448,0.6088951780724611,0.0052946335466069845,0.43923650522819035,0.20048276547093935,0.020056966069117773,0.05626672618401823
0.27189178012417814,0.0005525937778485828,0.26090725078781707,0.4634837121953721,0.743425879204239,0.10988715355208424,0.05094632219758274,0.031756787693507066,0.15455173747943285,0.015122685466484825
0.8422090427396931,0.0028562731047120063,0.6211707871291542,0.7525733268927175,0.5815718956182385,0.6390000786818102,0.055723133479063304,0.267260313655355,0.41356894382999465,0.005020647006321603
0.16855238201595213,0.022997414903385322,0.6850638428987113,0.6430820939183657,0.44038991860543664,0.4981933674353065,0.3322532653244765,0.6959640107192526,0.9714323681275121,0.0019230105123661106
0.02315982233188931,0.44203755491327423,0.07344392926526974,0.429380067545733,0.2415505848430363,0.1720917545467256,0.7750401677898608,0.3781383912886359,0.4132922372052832,0.00841360172554452
0.004853259031337657,0.9856436661695349,0.0003394651616606793,0.17656711721745874,0.080361709770661,0.02224332819209497,0.6554819784324493,0.1574718650530928,0.06100048823269467,0.06233111937507697
0.0032916019873015625,0.7217900930502834,2.9004738868773135e-06,0.018426165139054256,0.0026416062438379684,0.00011300810567682184,0.6341340866140481,0.11962436720631825,0.0030414700605008,0.1661995663522476
0.0003033238281477949,0.9222468903090082,1.9380658624386885e-05,0.001150013091189248,4.3095231178125545e-05,6.813972249461024e-09,0.46079275116446616,0.07845164073441845,0.00017900623733750132,0.5573461304935271
0.0001983464930676649,0.6741350162178894,0.0009087984852919992,0.014841936308983767,0.001718700825431751,4.2141779326379265e-07,0.21559348943171566,0.08795679314245676,0.00013899915947684896,0.6070400821685464
0.0011906290333238048,0.4373120189911899,0.005646204251946074,0.17022024268685337,0.035209071164589205,2.434686150904626e-06,0.06239772428932905,0.21165351671095275,0.004250203362378261,0.40440305928259523
0.0016160228188340942,0.16565023914748647,0.023081930198227685,0.4957558889516296,0.22014083418289734,1.219563844835476e-05,0.06119282606172518,0.37793086154310684,0.013340181855706663,0.5166476978716286
0.0057012215226677114,0.21139900668522138,0.04782752435344355,0.5753430473943024,0.6899049207135444,0.0011216811862055718,0.2644982460845775,0.4280343838243664,0.051070578315610335,0.7335267207663053
0.03821046929058819,0.1869257663231312,0.05637150928951965,0.783233417301129,0.7783385397787443,0.015228641219977397,0.3159467167807427,0.2141291088632931,0.2742255906828782,0.31543274480347416
0.24624011664396084,0.2813733218688398,0.11435002218080142,0.8170304863421751,0.8626195505780783,0.08801171561746625,0.21540257322575707,0.5062147590384087,0.9685062212483913,0.5595936977395788
0.4411949302458178,0.6499936686757877,0.4666143114839295,0.7263554413407755,0.6145390395997994,0.13487240762265515,0.39640211783129153,0.6081414596211194,0.5324209222990359,0.8186162474917463
0.2996622012434267,0.6680789740567574,0.6451220269809155,0.4634036276033143,0.6941250466156457,0.28043839084532585,0.9427384806131736,0.3647991912887506,0.034803395494107194,0.7692596175462345
0.12932270772869234,0.28811078883763835,0.3728135082254621,0.1861876691197244,0.6094104739236581,0.7124758049639277,0.9672528443291959,0.5347230084373428,0.006364674715354071,0.9716573137626869
0.1516397642110257,0.5724446439946128,0.6811445236619631,0.15869263585108576,0.41908606923424974,0.6747322054026654,0.927827564768745,0.5919626570047316,0.0027249415047986797,0.9180432280288855
0.1294953541251287,0.2655596365086774,0.5902291331303826,0.5255684285584471,0.624088004795217,0.8372944473687183,0.4181021610189557,0.5135689885242467,0.0022525827730099472,0.82580520261403
0.18195605664844589,0.12076839731121532,0.891408433864691,0.5836706293992073,0.9524581510102146,0.31751321822032696,0.24907364715971647,0.2288661992271665,0.00047994895085278524,0.6469760332665518
0.21829365890623909,0.16241923785275764,0.7603054168840636,0.4628862529676605,0.9164995752719373,0.2747650999105542,0.3072087759310098,0.10244001174438427,0.0006008324871972308,0.6105263944530505
0.4834298764073587,0.8049812619238425,0.9423405342707225,0.19634052230821714,0.2521110780991328,0.7765649561371619,0.716683542187281,0.051955152426653946,0.003872089162259499,0.7268322757782522
0.9178858888167702,0.43344092790441924,0.8943408420155915,0.120342238735113,0.07226706156826848,0.4847879903552128,0.8089997889034366,0.09436441498966264,0.08335894600135672,0.49206552906306233
0.9585371879152014,0.28711980136427256,0.7881328495333384,0.19391471566891957,0.003454838338992689,0.10734811718908241,0.887269844625411,0.6628877329165399,0.6886761809385755,0.12004444925136562
0.8333673836697816,0.8029287723138485,0.9000439938852338,0.35808612693015385,0.004011814133793897,0.09450190825286814,0.9622488997695242,0.504947779633053,0.7740076772008772,0.1289202438580837
