0.0021483686135928704,0.000491459790201401,0.0030726522829436333,0.00030138693185829176,0.0006429201016093329,0.00034467023512457177,0.006685272674776632,0.0006945244428186129,0.0009927020129259659
0.00024267677040053633,4.043066484820061e-05,0.00048517338951803375,2.2224514623635216e-05,6.52215130974529e-05,3.51350944532236e-05,0.0014632555737851684,8.272339173654906e-05,0.00013534322894174431
1.4601713941605352e-05,6.060262719868869e-07,5.772051333417206e-05,4.837020491364721e-07,6.535741981844145e-06,9.699385265849572e-07,0.00018610051809716106,3.3593393651295005e-06,6.726042801732859e-06
6.23332501393133e-08,2.3553705576742422e-09,1.670157542611522e-06,6.272543492413596e-10,1.1325491333962265e-06,4.958439962395639e-10,8.112193022675308e-06,1.5628516541093612e-08,4.8531125498321616e-08
1.2051061265498037e-09,3.0687596877544055e-11,3.890650860564859e-08,1.3008676325445692e-10,2.012987427318557e-07,5.563316393625731e-13,3.755040328488457e-08,3.725464953642403e-12,1.5798404759375159e-12
6.248625916942873e-10,2.612634986629079e-08,6.189173356247459e-11,8.551791800376201e-09,1.7500804907664957e-06,3.777623216604122e-09,2.4965462426985977e-12,1.160034122818979e-09,2.1355106853792793e-11
1.9314743593467814e-09,1.4468463334688971e-05,3.9779033171104445e-10,6.627493122779521e-07,3.759523633038549e-05,4.607796713786348e-06,7.620333960314197e-13,2.176187076188896e-06,5.575791205329956e-08
2.1898051344382735e-05,0.0018557295923776948,1.7017581871383297e-07,5.717891393153907e-05,0.002113895907833768,0.0003410667337578504,1.9705421926250595e-07,0.000637101624689083,9.405525907486509e-06
0.0011602544338582428,0.024651947202138532,2.2129099242035364e-05,0.001489867962955271,0.023184446453572947,0.004785448372986293,6.410537842233479e-05,0.014435709897824698,0.00013691436680340804
0.013440758897462615,0.06426393583822843,0.0005239374524743747,0.015862637940273157,0.13847326918130165,0.050408880606404215,0.0009535547263687307,0.05580176839720564,0.0006626430638716767
0.04798574230773606,0.08384065934021669,0.00361634502109374,0.05271471890180633,0.29348571583498445,0.21490008332889357,0.0034011026295773642,0.12017776491988241,0.0021715089563704576
0.08821333539291179,0.08919700555731384,0.022009989243277007,0.1384222002635286,0.505932699301042,0.7768223011240485,0.00624200417493529,0.21449762891163798,0.01088129718467981
0.15845121432749193,0.22773097397713823,0.14622119641688924,0.4455956259914422,0.5320221513654719,0.3119321645127088,0.017488594870298274,0.362320998742243,0.06391506159368684
0.27023119180080535,0.6637111322423712,0.7308379822866233,0.7385989212371853,0.3758292488564863,0.007874517096466145,0.03614738083123875,0.8048868835446101,0.3975471128054764
0.6212233067104018,0.3709170132190379,0.26370650749357627,0.07903553148247013,0.28209829039359263,7.283847706065098e-06,0.07720637560918454,0.2699349537092027,0.40780821318474536
0.9691100335377363,0.09125314451199361,0.010384284673786753,0.036475913905559015,0.18381730154482667,7.505310130200485e-06,0.10827896654997181,0.042429615010239174,0.05558708758376535
0.7099386785583921,0.06617951018685157,0.001767444670379724,0.03988309812070028,0.10920838694906465,1.7529683312284115e-06,0.20370745072939173,0.021985650170057623,0.010185277800435598
0.8389053001963035,0.32465488510414675,0.0014640177988176455,0.0974380846410275,0.11110560730022015,6.666206818206359e-06,0.3924371735560849,0.08359410555665424,0.005334874669727775
0.8581963471880587,0.6949687530948014,0.0011587370198146401,0.23420035170270168,0.40882310921691467,5.380738776841657e-06,0.7427809376644867,0.18320203730325185,0.00243811039420482
0.7228174579664701,0.4763620397524502,0.0003895291253564596,0.3034551112245869,0.9401564500769218,1.509055871327331e-05,0.6048612694150887,0.18145748533133854,0.0003108362386643256
0.2538539803424685,0.08852967686628993,5.705369841711679e-05,0.14900345107652432,0.4279290482138248,5.397144500523016e-06,0.11972160186797229,0.0449703758052481,1.2130286541050758e-05
0.02744614706598075,0.00924283783486552,4.794881867943721e-06,0.040701867382939586,0.21636556668790957,4.057835336246713e-05,0.016600237040337803,0.0074423620808732535,9.318390974540421e-08
0.005115262709094637,0.0018661043010499384,6.214051538162756e-08,0.010289231482245111,0.08919169626276745,0.0002627234715247166,0.003924978159888725,0.0004683975982772816,1.9329536206524334e-09
0.0009408300129889543,0.0003569784073462853,8.86680716117997e-10,0.0018752027157277042,0.015856958995195316,0.001834614068966635,0.0005785148508327806,0.00010113594831642287,2.9612546273237056e-09
0.00031743132521186933,0.00013620158294172963,5.3741057035210014e-09,0.00019638341542922618,0.0018516390839035696,0.004636074755048139,7.227911322084044e-05,1.0809260558338868e-05,1.5084040280069556e-08
0.0003187626445505421,6.154918424484567e-05,4.1919087537168365e-07,7.019995618674818e-05,4.133353988026905e-05,0.003618127064952027,5.065456743354108e-06,7.566807084088285e-06,1.6831289462407177e-07
0.00023980900648375468,3.7388677813368545e-05,5.816334727125361e-06,1.0176321726981218e-05,6.279824074460499e-08,0.003144545294853556,2.6291868576252703e-08,2.1856921069532497e-06,6.097013331081254e-07
7.556241670887646e-05,1.4343745110232031e-06,3.299448358801224e-05,1.431283564698558e-05,3.431339734759865e-08,0.0007796400545154499,3.8900553475361246e-10,7.122589914235853e-07,3.984747213725041e-05
0.0020310838697816464,4.0257159693289917e-07,0.0006607349024399592,8.83979677231905e-05,1.1704360658443431e-05,0.001099668851307597,4.63515184050275e-07,6.332178508927548e-06,0.00216814616359645
0.023300501256571918,8.494807488198545e-06,0.020841746162023896,0.0026647714789664882,0.006590607983248049,0.005551332398003029,0.00028218567103590047,7.100316147556078e-05,0.034258490646082315
0.18820934426291408,0.001318141690865959,0.22960595207959267,0.07921881131229815,0.15973757157219706,0.04375485760169235,0.008895362647043712,0.0012818084061386125,0.2985109014236095
0.8420735864635711,0.0926838982981324,0.9783496365904851,0.45825931995648717,0.7572385737058782,0.21174628565676756,0.10110746922115735,0.025045134307048942,0.9714130577570237
0.5225763152215337,0.5833835585785512,0.3637985281991605,0.9754113342828926,0.78307201370599,0.6269755137911777,0.45310789493629533,0.1377544625504252,0.23438295899369338
0.12138056438037098,0.602764506988233,0.07513213061004288,0.3997302274798227,0.30429979934826323,0.6858453460452099,0.8456439019037486,0.5515672952954546,0.033685928905143214
0.02850414842960232,0.1981608146524174,0.017812163921247567,0.12225808185260026,0.10288830872314213,0.182683812813749,0.2251519108296649,0.8229764240020847,0.0033527977352374263
0.0026853344140014596,0.02160765183869666,0.0010388041130462247,0.011976614727797028,0.007358172323381409,0.01521848299843363,0.012019625286146219,0.09766683573711997,6.442432144953448e-05
7.1076254045406185e-06,0.0004977871830585213,1.8592345690007537e-06,8.004743366706886e-06,6.869685920802994e-06,0.00023296922579797445,4.934972435268658e-06,0.0005696165393811363,1.78921082219037e-08
1.0576510105829552e-09,1.108956640614175e-06,8.670072562159669e-10,3.167465279880211e-08,4.640708769298601e-08,2.812009417306974e-06,5.278473812038326e-10,4.268200252989572e-06,4.767395379096941e-12
3.0854435470044245e-10,1.4156382174488994e-08,2.599745666820597e-08,2.6182997905454907e-07,6.300709731502419e-08,5.229962658351555e-07,3.300364269880427e-08,2.9115483777378797e-06,2.900315628714336e-10
6.178013017360205e-08,7.882983256597643e-08,2.982272121759418e-05,1.8672938152639395e-05,1.0096533551328822e-06,3.2803391513291735e-06,1.1172878564609414e-05,1.5420754635650326e-05,1.4824636838294092e-07
4.882380373451561e-06,6.490190011366359e-06,0.001221700528701189,0.0005621775279548943,1.4302749805907651e-05,4.002056373286852e-05,0.0001762789996084152,5.354322268526245e-05,1.5209102768346558e-05
0.00021872056531534854,0.00015280411971550895,0.012205729142044021,0.004365352714224382,0.00010750917935384497,0.0003310364373787786,0.0020845662435220206,0.0005747096143746001,0.0001307499604720397
0.011251474423554649,0.0013470647833058744,0.038055638029338625,0.021340730107003186,0.001019415113699215,0.002438506008268408,0.0502198985023224,0.002237056120625728,0.0025909539436837093
0.039990453735931304,0.0031579385106784035,0.07591783697514706,0.06948411284453143,0.008795068096763078,0.007838940965225027,0.36870605762186004,0.005203465097961357,0.014411440450480414
0.08758415456768226,0.005379750308264319,0.1402734565045426,0.18381693918563088,0.02385362297774234,0.022341638766957585,0.8407724186590206,0.007436794119179611,0.14446248137479348
0.15402926042701182,0.011151033090297061,0.16162890293416035,0.3499519238658567,0.058768028899762965,0.10572294951211034,0.20178474747672395,0.017728001146593793,0.5518044396715578
0.3713173865088585,0.022349222039134718,0.145701044283399,0.7700573061936179,0.0612501754601136,0.5181342112864924,0.009743461063297107,0.010221720138016506,0.8167967467861593
0.813038608922755,0.08150412575549063,0.0527421020000276,0.9336268676966137,0.07309536263030972,0.36793359534979486,0.0015692851159637199,0.007466340245247549,0.776407995463501
0.4303994652854597,0.27345956722866516,0.011292292132731188,0.8485972883587309,0.0789433751736838,0.009578973396074412,0.0022841938936918856,0.009888880946788945,0.9546033801028935
0.3204111530020951,0.3477308121462329,0.0013484157899203032,0.9379216049071734,0.12090328581080524,0.013484151676726869,0.006465168123713052,0.015813305265817448,0.8434061108929155
0.4070568999772378,0.2085197360174753,0.00016278985215163546,0.7163778069205752,0.24661168154186228,0.09292917334240237,0.01928993476270993,0.08923574077288585,0.6778626278187915
0.937485289725758,0.375877343249694,3.407837004757108e-05,0.3321409615179137,0.2195324127568599,0.42123814070023,0.05389083569515267,0.07535784556770884,0.8458216865868158
0.1408771703736128,0.9671922169686766,6.821932053026553e-05,0.2053868862769669,0.08196860829907761,0.6350655579532279,0.26799665053854094,0.23361485091560025,0.5407113025987483
0.07421082947924679,0.13855218830823698,0.00020162169030895678,0.06869106512086844,0.04089863222756206,0.5699771424662166,0.8787826049113121,0.965837497415663,0.44038164590503137
0.03535110132720266,0.014026762476962823,0.00044374544747936915,0.1422906589101156,0.05224026044697025,0.494803019439626,0.356006730709879,0.180351355612423,0.2815911311716628
0.0903950210282267,0.00504246068399481,0.01823278028071641,0.06690254407084563,0.3005060863666682,0.5066833320086086,0.03720337030838257,0.15864322151427912,0.20962116245885817
0.09277479069418966,0.005080294395119773,0.3382655751599507,0.019653726383621735,0.9328368755301747,0.5180921154522755,0.0017244933756898318,0.05172989003730822,0.2619576336906326
0.08161923650515486,0.0059957157740018335,0.6194176328702038,0.0019733488523988175,0.21685037186367717,0.5577323782221251,0.0008361271478816055,0.0034435787874036493,0.774319001671391
0.009918029011164625,0.0065885691696430096,0.08224657622435667,0.00042371018608468476,0.05387850624238195,0.7834300478723968,0.0049211955709406886,0.00022789505169432773,0.4815342918694083
0.023191189234828134,0.0025643353622483572,0.00781435692929733,0.0015575894408799682,0.04928775287313471,0.4670796971014164,0.021334753228699932,0.00028860313579417074,0.13042086238071837
0.23939723030045282,0.0006005089107799321,0.0038882437849109847,0.030751180400385696,0.1408708183747028,0.15552217240095662,0.07017815890649677,0.00147460325819199,0.05726760646124526
0.9371164583748441,0.0001323410826091077,0.005256540178145929,0.09717640872972796,0.18181032420508692,0.06511232653295611,0.11900455750516013,0.0011876915621942988,0.04102564042422429
0.3331055303644306,2.9757734506417714e-05,0.013181684010224697,0.354733480173936,0.06543577896449632,0.10236164460868508,0.1881284982595386,0.003519743027452672,0.021807639589458843
0.1226997152702179,1.6695372038684008e-05,0.008731978218623824,0.39838918757394515,0.020738391772121924,0.18906182600339996,0.4047121200048259,0.010574521341585373,0.015511197900084437
0.028382840882095244,2.2593086524167095e-05,0.00924995119063077,0.17713019925424495,0.014807477280970937,0.2807469154558766,0.9849968806841041,0.10758729236075618,0.023183203080347936
0.00710114143557827,0.00013849006644552737,0.021628267131805455,0.08058327217722992,0.03292538686126596,0.46618427560100173,0.14763623698019113,0.1437681072762869,0.02228441005542655
0.0013832080259860928,0.003949734354534148,0.11047395266502914,0.042711328179368055,0.06335567041380431,0.7656337266640585,0.0025915293589851233,0.11513424395450746,0.007843112740294938
0.00021116200034486472,0.051156866839191496,0.2582369289630632,0.011826453830533766,0.13229473294667785,0.9009808515327516,0.0013440941743897133,0.0785860430291187,0.0018764638735254203
1.1442019554414126e-06,0.10877543898580293,0.30352099189777504,0.004332467656009072,0.11041231491758209,0.8004567843737233,0.008606331401463604,0.0449042128082584,0.00033204330306927705
1.3571207401432245e-07,0.08298558529114224,0.26379224501954174,0.0005153693284955228,0.03760692212509408,0.754995410253293,0.013477995661461718,0.005439239159749999,0.0005273515926148413
4.073432432754176e-05,0.05086425746795634,0.06598228802226266,3.0606984807509275e-05,0.0010588166112619113,0.5815327425226058,0.011677360063349983,0.0006214122689769168,0.0014428609882562184
0.0011677544377580182,0.03505259812992514,0.0062154703668458045,1.813554359677939e-06,5.653786057921352e-05,0.1958122817653781,0.0017336993782013001,0.006257037930595333,0.0016859690659762423
0.0017830773908928464,0.04704804436992194,0.0003590825313500925,1.9357135309415883e-09,1.0752029241204145e-05,0.031192980067189912,7.903762533693677e-05,0.009440552473974502,0.0002739717485884566
0.0006531382233548856,0.26443127847506553,0.00017875184340348743,4.24216011817942e-09,0.0002685532956565415,0.0022147915765777077,4.125228219568447e-06,0.006756298458028795,1.8690346613769834e-05
0.0002184992506691492,0.6175262254398539,7.221522056176111e-05,1.1826834856619303e-05,0.0009048319679165664,0.00016457555218887305,2.533580660826014e-06,0.0016703694434476051,4.0159767610091094e-07
5.78946441526034e-05,0.3833139400723117,2.893387656127005e-05,0.00028737080691437034,0.0006845484888759391,1.8949714264059005e-05,1.9758075880939732e-05,0.0004319602506755598,1.8366286171361818e-07
0.0001582135862185212,0.11188886120112589,8.125607601359643e-06,0.0005210759650431512,0.0005642237806380156,1.1582545316416956e-05,3.4820585195201374e-05,0.00023681127561379513,4.8581615224147585e-06
6.310127279907328e-05,0.014747972394528007,1.4086211735620353e-05,0.0004385535398214302,0.00017547233098468145,5.1481980698407266e-06,1.0646344877904483e-05,5.123469464107166e-05,0.00018899426360601405
0.000340769296066423,0.009778111122046232,0.0006748544775803393,0.0019211927314579796,9.034977182235205e-05,5.118294810306731e-05,8.351526780196142e-05,6.640364182328469e-05,0.020383561637104457
0.002112013932354165,0.04748347040617082,0.0055637523746146006,0.00896344715889209,0.00022210775451175538,0.0012191928954681632,0.002909552182589695,0.0003086894451271883,0.2265029312631468
0.016127485004386908,0.17855404205665912,0.0455013250346898,0.11235231945624272,0.005138191017904638,0.03137692468533864,0.04670933126896611,0.0035240224949225616,0.6248851799667676
0.1004259400454941,0.423096029491403,0.23638313273325412,0.6193688007720018,0.10613029868034923,0.2717128112742399,0.40085726095505814,0.06532652412145411,0.892699296166494
0.4659297326661065,0.7079928880602138,0.8639579324370998,0.5209037227315272,0.5804466878722363,0.9687260283920982,0.7840072021951728,0.35831741407743334,0.298182759867612
0.7849869131626601,0.9332924237543145,0.3828040063310575,0.12321728781530313,0.7036619639785477,0.2899398148168769,0.18006021952864393,0.9525376774249703,0.040800560609931695
0.15862023582480633,0.4042744146824858,0.05836251369302978,0.022457930891063307,0.21255906846540348,0.02740774961806669,0.021779237327947253,0.2517469317108142,0.001600627120745652
0.008053234866774955,0.055362161678086434,0.002498980259042639,0.0015814260186403717,0.029933850473832093,0.0006674895659152537,0.0013794072549933307,0.021394350823975335,1.1979518333907366e-05
9.384878275905445e-05,0.0015420402485713583,8.271154597783933e-06,6.8527735529808765e-06,0.0012271877838326865,4.109519203688231e-06,8.172280675126494e-06,0.000395092315143446,1.1224313303251584e-09
1.7105181661076704e-06,4.449757335190582e-06,1.1741852682357517e-07,7.0799392466693176e-09,3.7791688849536275e-05,1.3487886002365578e-08,1.0181195020056592e-08,5.325774528656069e-06,1.0327051803385282e-10
9.774822760860698e-06,1.3515608500188866e-07,1.3236023114747704e-06,2.6691967255164206e-08,3.5060215860668395e-06,1.0145217975758732e-07,6.991123752132089e-08,2.7521792917694503e-06,1.2055543076598254e-07
0.0001041579037142988,1.200889385931127e-06,2.8828126749823232e-05,2.7871283719740744e-07,1.7552515251725347e-05,1.648551094636983e-05,1.4222578296627147e-05,1.118345725248234e-05,6.105667079075975e-05
0.0008337468433998674,2.099143082611633e-05,0.000444563622793782,1.73458397734061e-05,0.0004873915670338741,0.0007587950524961561,0.000608094363691026,9.374370301775412e-05,0.0009616838430137808
0.004094518268182552,0.00011626351094365666,0.0031601286072816706,0.0002725778275207303,0.008513966253773838,0.003453284261374047,0.005634791258908911,0.0004698321327465143,0.003106965795151252
0.014828795215987465,0.00021233018292388415,0.022188880968830618,0.0010588570800202147,0.05671019960472748,0.007874715378253475,0.016889078016425346,0.0019490006697208732,0.005924467370434613
0.029144759368637405,0.0002682605581981657,0.06978646921679094,0.002104291254317323,0.26679122707823794,0.008684213600496274,0.026799139408972782,0.007017742168771368,0.005015626791449554
0.05132709836904699,0.0004544458482796205,0.1594416446498817,0.010274177007069835,0.7049543236799931,0.013657444110348159,0.035842196123136535,0.02270285359358388,0.004047351675525805
0.07868053214594224,0.0006762337938000322,0.3561859414530133,0.04241737438799086,0.7652402491800593,0.01811166351199047,0.03706786010218341,0.0521326535259516,0.00383395506676214
0.09784806702569872,0.0003845814260948277,0.6549720837464593,0.288661966873011,0.13265782836389478,0.028894644047674653,0.038933806860325916,0.061833780159679344,0.013217455866850853
0.07225930116818674,0.0003848608083098212,0.4187746694576465,0.8777057937829751,0.003323861633983074,0.05359948936350035,0.0197693486140115,0.053431047244998385,0.03028796926351001
0.015037572227917299,0.00034401174294912434,0.0489261234322745,0.3684544459314556,0.0002067172573600212,0.10652266466146233,0.020882665546333775,0.05219492362590352,0.033725657834114214
0.001021417786718651,0.00035028550739496544,0.020017148751925826,0.13412896424334372,0.0014259847425475284,0.1168643579517616,0.0033583517330334892,0.21466108112320284,0.024081215090070964
0.00032288970314928796,0.0001800395816929336,0.04807900042406706,0.029184653364304657,0.002083317218612356,0.5126825428688538,8.69140880281061e-05,0.8168537013569213,0.14316686130880976
0.007743184543553016,0.009918678722791452,0.027261825097487296,0.0020617408638712157,0.0017893850615397038,0.7685321182477757,2.5546079713025833e-06,0.2184801639158554,0.4823887654572684
0.16969008995264098,0.17630199482043563,0.05584081306062208,3.385374141506742e-05,0.0009995037236642016,0.15273440580446837,0.0007467778340148643,0.03614259045695323,0.9065828620935295
0.7451461355930749,0.8622837728246165,0.03362084334234338,3.1163859364970263e-07,0.0012685794681306212,0.0377916071957672,0.015199515728092108,0.009983959785826226,0.3498556362733448
0.9038013533928406,0.6313528873581229,0.020216613170212092,3.1138239473540863e-06,0.001965472664072064,0.03888196101231441,0.013570720816939311,0.004705508388545026,0.10975623167581987
0.7473909074184852,0.3600734957063446,0.021610729585117377,0.0001599182168321969,0.005448656571236254,0.012275785846957947,0.022916705614241778,0.0009770428620693263,0.09414808657283819
0.6282228794908403,0.13139096756239033,0.01122016978042346,0.017650694535434795,0.019879988375034116,0.019414233757501828,0.012386256489316502,6.363164837024912e-05,0.4476990295941341
0.39757763354642184,0.06165198039277785,0.028611939150964324,0.3567199700691307,0.2051741944986451,0.023207807540200187,0.0116223423613387,7.62260769693119e-06,0.8856055715906279
0.10064283712918771,0.02548721831074306,0.04627356297152794,0.8421313495820001,0.690397356417733,0.056570541093596764,0.0047118612674846355,1.2293928891449788e-06,0.8531388580680517
0.017402222306630317,0.012072559943637538,0.12059569525441577,0.2813761551379463,0.5757059304383985,0.08734258927827467,0.0008249624988942057,1.8277259954858605e-06,0.8352428071779321
0.007969851204047192,0.0030477070299347883,0.1463979087200537,0.11481984862797504,0.09514911132951112,0.3548787049492218,6.71537661454038e-05,0.0004986876352458018,0.4360159462657023
0.02508967632686447,0.0007967421191375095,0.19180366027695933,0.023714911969161496,0.004935961272997976,0.631295329206954,0.0032450061274678283,0.048579585997043845,0.3273987958098724
0.08190616189377768,6.499310418540314e-05,0.7360434993458643,0.001916933611294186,0.0003993134250907353,0.7245439699514604,0.14171831095049228,0.4672944537585234,0.2660039454179074
0.07785854567064768,1.3957449922933868e-06,0.3365889939533968,0.00010842083772135119,3.4944752530638244e-05,0.7694415437793913,0.5480528061544689,0.9881748781315791,0.35996386028363647
0.014023963156448665,2.5665661926187176e-07,0.2569117305792974,0.00010878545700554595,0.00045900745577361394,0.42400796387022865,0.5903383843105142,0.9104065953763651,0.8365525215892103
0.0008350382041144193,1.9100957208235307e-07,0.7395722365673214,0.002935460365622612,0.008782067246144212,0.24781134873958313,0.12638986132078683,0.9595400039990726,0.5538820633717892
0.0005134566029731681,9.330554845821581e-07,0.7020148237303865,0.10016698990610007,0.060579983271392135,0.07851534091296584,0.02081640271831145,0.8767353227184167,0.081190617614007
0.0008951614398334225,1.2247047639096633e-05,0.3084620354347678,0.735556230351408,0.39122710367998315,0.03575192525274088,0.003921650748155728,0.899733251654217,0.006082708568841247
0.0026889732169846693,0.00010638605146632151,0.15124808920208346,0.3214316207043515,0.9545237652575276,0.007195258094478935,0.0005996570076422735,0.7013415870870934,0.0002519230720473403
0.0014176096747208408,0.004760062715980791,0.04326892694860211,0.02719896429085229,0.26026356906642634,0.0013813004515374368,2.7554908310469686e-05,0.5060179641701695,7.857420414923848e-06
0.00030969391477233144,0.019332765840769164,0.009172297807290807,0.011575258532025685,0.02671046514082066,3.917949667781467e-05,2.796580851693578e-07,0.09877035909308146,7.322088800390347e-08
5.139148348951454e-05,0.05411285607637651,0.0015010246782796639,0.003464998764420148,0.00026059914424868703,7.887358037968696e-07,9.042377768294831e-09,0.007262559308898162,6.6737465597653214e-09
6.243238632779147e-06,0.046533222851965816,2.5255236080450027e-05,0.0003227342972113981,1.7317823913202086e-06,2.3906186003523057e-08,1.3852884850676692e-08,0.00019737558874488727,3.3569069941044886e-09
3.155011578762275e-07,0.025900923639267163,1.7610884962168604e-07,1.4474293012861623e-05,5.947695135159372e-10,5.406839116037889e-11,1.7349630533459373e-08,9.743088562008113e-06,3.386267173666234e-09
3.3583908744951405e-09,0.0045778695998535965,1.0276506611020706e-08,2.5624615841842568e-06,4.168208504405196e-08,4.238415156165141e-10,9.222417386415797e-08,7.697489273300567e-07,4.1617672699587135e-07
4.437872777524922e-11,0.00021548615457703631,1.8244014405019259e-06,1.5239644055198158e-05,4.415212494945386e-06,1.6923770062267234e-08,2.3931478568591837e-07,1.066980808115316e-07,1.5045920811987871e-05
9.483925712412244e-10,4.420632579444359e-05,0.00010176061274070205,0.00017334787163991806,6.319326882014388e-05,1.8195750628604917e-06,1.3051671409655062e-06,7.900078615341966e-07,0.00018242056860903698
2.127407286283993e-06,0.0005860493542293607,0.00044317007597617674,0.0002713172692188941,0.0013063444764657363,8.061276027875683e-05,7.07193168285986e-05,5.190399264325278e-06,0.0006595322912896608
0.0005482113984840255,0.005866243930884487,0.004164072302697416,0.0025331226007156964,0.02738190854672487,0.0029895403202262723,0.0022166573529813203,0.00018821545063188555,0.0033465200805338933
0.022262413978746367,0.01137656109970792,0.048987514360047786,0.04056980311877677,0.22316076836091497,0.0496948634381072,0.03446483559306588,0.004082173996209257,0.02964330003331441
0.2296802501541219,0.069053804036693,0.26985816712951116,0.2535982098403274,0.8252052861467136,0.35880592450578286,0.2896427136775216,0.05947866489197376,0.2915788747350493
0.862150107879265,0.25053153012008594,0.9738809085681206,0.9202733644823151,0.4146954932810316,0.8030984045201012,0.8942517151087224,0.5064941013825648,0.8514316287258603
0.3739098383650964,0.8205841028775943,0.3088957405473285,0.33969067177645984,0.06908799744263698,0.17867196124732784,0.24763311481167066,0.6283271250186258,0.1920220355844529
0.04514331337898344,0.4304045109865282,0.05021940567821813,0.045579194344058334,0.0029657936060061376,0.010116847420971362,0.02660648533128085,0.13070091842184356,0.013993814008315824
0.0013193993977796345,0.045567326437718644,0.0028862578901748875,0.0028411292654229856,0.00013408295536063776,0.0003625141955855265,0.0013227605446076035,0.010161967943790621,0.0009446793764296729
6.159440186388743e-06,0.00042627953342166036,8.75225263779486e-05,6.668979269726586e-05,1.417066746210028e-06,2.698195428877256e-06,1.0949165492039409e-05,0.00014746407197183874,2.4156937935718558e-05
1.3909489292833324e-10,7.759541034149341e-07,1.3471411353933363e-07,7.75540320325015e-08,4.466896067026327e-12,1.949437293537214e-10,7.532751296804299e-10,1.1121069610884225e-07,2.563503257588675e-08
6.114502569581843e-13,6.394351646873526e-10,1.6631750098203458e-09,8.36454213280672e-11,1.362925558289667e-12,3.8921401405548845e-11,1.5226300078914126e-12,3.4332054678183217e-09,2.8213912834661487e-10
8.078390715435228e-09,6.743930742439375e-11,6.118432645439901e-08,2.5264121644049283e-08,1.0232029144446191e-07,1.808811795854146e-09,6.141775893063265e-09,1.760371696259604e-07,5.4684660216965324e-09
2.709330246439217e-06,1.708212594306258e-08,1.2658062037649745e-05,3.189756889365296e-06,1.9704348610873475e-05,3.590954902411982e-07,3.4536681794157106e-06,1.1811002399095902e-05,3.330426544697708e-06
7.747240599796155e-05,9.128065839097979e-07,0.0002548723166690897,8.580098050042823e-05,0.00032929832427795595,2.2708430270467916e-05,0.00018166326338076719,0.0003092563249722261,0.00010333040899911156
0.00037129809573451287,1.0624876079052953e-05,0.002317689230605037,0.000991435885237313,0.0009341385535933847,0.001112057448669334,0.0017265042289318496,0.005211755457907302,0.0010343507896181815
0.0013331793502704668,0.00019137721404283148,0.009582719047883947,0.004367591692124698,0.002318670855582501,0.017671337124556322,0.004398490403392121,0.04815880871130629,0.002700648792188629
0.002558282724185807,0.001695866095031204,0.02308196034826136,0.009077999382816948,0.006102989981528858,0.1316668917107178,0.0073537964709881045,0.14191624075152526,0.004176536267505556
0.0026668170511294914,0.002558474955255045,0.029733554585609806,0.009894858735743294,0.009771640026101319,0.24079098185507103,0.00574393649158233,0.2014559609130489,0.0028064330827766797
0.0009673449424479571,0.0035717746551788545,0.047215182451033746,0.012843898649223237,0.012579222703849938,0.3100882038781706,0.002232987292328783,0.2564232606427299,0.0011610792669697716
4.475729786205958e-05,0.002572533776661254,0.0357696691359072,0.006494393897629708,0.0010295620173259384,0.4371907700013393,0.0009457142184925127,0.2658941162196812,0.0001279187733823018
3.7552221567293015e-07,0.002305742746366929,0.025107026923903934,9.896220198332554e-05,5.342982899047993e-05,0.49624371358989194,0.0008276093709715237,0.25176022987224095,2.837588150531959e-06
8.454518838682612e-10,0.0009495845525394592,0.037306947709911165,9.056747152773991e-05,1.9152140833889386e-05,0.7963929888566559,0.020921657197192158,0.18922621937869843,2.6864335355044434e-08
9.136352636249896e-12,0.00017468379199744294,0.03992983493348107,0.00032760642286450386,0.00027068322675853076,0.9437963444579813,0.2243815726812281,0.13504845497674023,8.233917023267097e-12
1.5139559163697157e-06,1.094287634975547e-05,0.024019781776149576,0.0014180692231520141,0.0008392194026276643,0.8611532493215386,0.8881502046884497,0.0743259276897585,1.5251270721220366e-09
0.0008222732761282911,3.20158278486242e-08,0.00157366794598723,0.001959478951125377,0.0018145256452804421,0.46855600624868843,0.4345081129230838,0.008375429718380482,8.382122118684485e-07
0.01958612070164091,1.0196507771456043e-06,7.685046773693307e-05,0.016773044751595117,0.0011937923673097253,0.10944237277833022,0.11337704041226299,4.218251246695466e-05,0.0012748174040135417
0.189998110754726,0.0007315010383229289,0.0010341329052849764,0.1318565613873588,0.04136143862028336,0.013038964297768256,0.0154486067453698,4.1963039646904175e-07,0.041167054139689095
0.6066161499506341,0.025256438020153146,0.0471672366914835,0.4035978626721419,0.49645966921302254,0.02036673188897855,0.0005746164591591103,2.804537848123895e-05,0.18911387232920557
0.9112225435099433,0.14329422297390987,0.21795663032587656,0.23913196332483416,0.7611025285760186,0.1606001363141782,4.21253156319041e-06,0.001887664936843575,0.5852551067361953
0.3431879126230508,0.2768282827870769,0.8958490626577311,0.31523684998859414,0.1728537565559253,0.49993715814821127,4.7791745160869096e-08,0.04164198585425626,0.7821092664337282
0.02650691567974595,0.5814930250432945,0.6389329808794826,0.8056462740476746,0.023295870705592907,0.8195407214624675,7.428996640398907e-09,0.20238137649132903,0.20850079244929248
0.0002127984477833342,0.9837302759930038,0.4368126662056592,0.15320120581737273,0.013708484586586467,0.5692682788167586,5.589048152521881e-06,0.4845211017927764,0.03187377362387381
6.849812461369367e-07,0.41715578433977574,0.6120467121816385,0.09588154489746441,0.01834159182298631,0.4231033150015572,0.0012857893463255306,0.6972583247608539,0.0010446672602982669
5.9397574248105285e-05,0.09769899574427392,0.7967073088766974,0.20659004930769062,0.005994634205630236,0.3566815985376064,0.025860005822542158,0.9212010401591767,0.00013579913605271803
0.0016615180885201366,0.00764533946434211,0.7164526467992542,0.1302028355069603,0.0006133025165512294,0.49878271218144465,0.14847260165226978,0.7104485844814965,0.0006066051455252715
0.0097442342220868,0.0008517809345815319,0.7285680894146523,0.19033487848790934,3.5801503566560234e-05,0.9580779500625425,0.4472483909523822,0.11815074435975476,0.024394604381971396
0.027336651942480118,0.0002631605821831545,0.854855388362282,0.10221532975373111,0.000829631385777567,0.29239057268846935,0.9881824646435753,0.007131075833643851,0.06911353088737471
0.022829147188383678,2.8753445462478916e-05,0.3230968210026076,0.07689315208680944,0.023392837390559702,0.08944861012585294,0.2944963918837489,0.007482864465894729,0.04127889570709519
0.004863403727176286,7.99946918236403e-08,0.22469271946688793,0.009272774396097246,0.15531481874680403,0.0729753437935126,0.01596974490370576,0.012719597577436242,0.019436666126927387
0.0007070780254636216,1.7796947718133675e-11,0.33271571035198466,0.010015332121731358,0.4189266219591943,0.04589266826017657,8.733230265313458e-05,0.024136785673844054,0.010403854265244199
0.00035967807164062545,4.72152703157842e-09,0.8429732696802182,0.012540609378281584,0.5792759812882486,0.01393627633424926,3.8677260859139454e-05,0.024612626076474315,0.004243535817087577
0.0003523972230113525,4.0557848914440126e-07,0.7521458411436495,0.007118224866786652,0.34879841095109876,0.0008760272872448891,0.0033831771677071717,0.01617891969454717,0.00039036383219923245
9.146545207623774e-05,7.765694837723828e-06,0.3245157366522694,0.0023300039007838626,0.14572444788836975,4.5313656423851715e-05,0.11463050545431476,0.004464844588902028,7.588313087753628e-06
3.820983177453874e-06,2.098492025249524e-05,0.06971452874405609,0.00019721873326113823,0.04987866831792987,5.465693973445001e-07,0.5983842617780435,0.0005171621338842341,1.901936196952212e-08
8.431901257424908e-07,8.599260180744086e-05,0.010620772061330868,2.3319807803418207e-05,0.01974667949022195,2.7434660422610586e-08,0.7073745771503268,2.865884396679438e-05,2.3755691727708575e-09
4.906812439956407e-07,0.00015334377762989248,0.0010284741936462244,7.202447990353957e-07,0.00891420931952491,3.124290962193493e-10,0.33056845844531535,1.3619221234136366e-06,2.7521994689176684e-07
2.2201417395414938e-07,0.0002642255137655578,3.312194787472717e-05,6.278404847711337e-08,0.0007000635893500822,6.937709068459176e-10,0.09813783771569541,4.102694097440536e-07,1.006820792516455e-05
1.0054225714861968e-07,0.0002056549443195966,6.277483412408119e-08,8.546620900671583e-10,6.264480348676786e-06,5.5888519049182625e-08,0.012149255939771378,1.2443221460829905e-08,0.0001941625727780769
5.787939244772738e-08,3.754605569148249e-05,1.1485391474934357e-10,7.713414199163048e-11,8.606601859993904e-09,3.8041255025751283e-06,0.0006690289300341639,2.6499853917833698e-09,0.00030954201078869107
4.2215543719058566e-08,6.585838373018659e-07,7.538159303394794e-10,4.345490357618816e-09,2.537194730132304e-10,3.5602895604763016e-05,1.6233407796332366e-05,4.642101877664363e-09,0.0005010539196394486
8.711724546548731e-07,9.321911939347898e-05,2.076557262323677e-06,2.0148007555233424e-05,1.883060287171378e-07,0.0007571409507197713,0.0001591283643758594,1.7622885016057314e-07,0.001224582430298032
8.873530012166963e-05,0.02558958717312182,0.00035980825011202395,0.0015235104836906327,5.8783374159126455e-05,0.016886138378860625,0.002053423244539404,0.00015034125320055106,0.01638910566741516
0.003678220575213894,0.24679994963162064,0.012914270233192476,0.034479382229279466,0.003073334838033355,0.1524778546825436,0.019817462652498695,0.007354072605902666,0.19522181716496856
0.05393928581366654,0.8357169379747342,0.1448234114367374,0.20495396702437868,0.06047081863727084,0.7293671594630925,0.0966748965144169,0.1028431129144888,0.9790980868452315
0.3545145693553222,0.5185925736074284,0.6352131705671591,0.7713794953271917,0.3977892894255567,0.4971220378437763,0.7351975295044666,0.5717978455745991,0.27928080537317573
0.8900120861077809,0.14139821360231572,0.6049426155261158,0.46350509091012426,0.8924117669792309,0.054765571743923665,0.5377488155805314,0.6017427897751008,0.06817123309630002
0.1915541804498311,0.021129353025799418,0.10812432433261752,0.07319005195083121,0.22193381632585174,0.0028509915281656954,0.11515676666698053,0.121990695808227,0.012501238282003552
0.011215551505622689,0.0012719136930522618,0.003096998497444858,0.0022084713936109676,0.014320936121383224,0.00012028976823983886,0.007495548516718089,0.005074200574719104,0.001397956783823005
0.00013298631195918603,1.6909055091948104e-05,1.0955376390283019e-05,8.037819650595773e-06,0.00010277867401914392,1.2767952454609028e-06,0.00012569550207764554,3.902280388495775e-05,1.9798001027522023e-05
6.052036322817656e-08,1.8215330789652488e-09,3.620771662154784e-10,1.0672317950286991e-10,1.4134114237914377e-08,8.728405665553785e-12,1.6408417025998462e-07,1.7662171005547105e-09,2.5472382323716664e-09
9.046743285507828e-11,1.5407035446629857e-11,2.267300761368717e-12,2.1806342389538978e-11,1.1908115679169443e-12,5.6047053821373505e-12,1.807627576331138e-08,1.6097530779803348e-13,4.139725739912428e-14
3.642171679143168e-09,6.253206892108756e-09,5.446858686562732e-09,1.7441702983006205e-07,2.0063914914135484e-10,1.8260762563035782e-07,9.995069274521335e-08,3.939152156061894e-09,6.101121229148054e-09
1.9680969763530524e-07,7.777762957787565e-07,2.7102099614788577e-06,6.769800064960686e-05,1.2102661259339617e-07,5.907589165915088e-06,2.243749046038023e-06,8.062680900941137e-07,4.4303520203757455e-06
2.4319963581850397e-06,1.9205074538206333e-05,5.8662860598008955e-05,0.0009855714306020833,1.6452658135088353e-05,0.00017434775515049112,1.7247139159298315e-05,3.183063073846782e-05,0.00013858093402163035
9.184695441314906e-06,0.00013885331738909475,0.0004030374355286426,0.009217324504416126,0.00017094924228689762,0.0003463575202683075,0.00021431555145962584,0.00026358776792124506,0.0008793276107573432
4.5103939568395815e-05,0.00042554954299704886,0.0019097994445933335,0.03424523234414721,0.001534343311500435,0.0007205948793148857,0.0008095642593559413,0.0011573228872591443,0.0034580788504076747
0.0001670227082008366,0.0005871905832361171,0.00865323689381622,0.10379084612698197,0.0054886478560257235,0.0011849691295457787,0.001946150422673363,0.0040020368261488755,0.0074922430255387395
0.0001768636316894196,0.00048024203041621585,0.03901842601601324,0.31761873606492214,0.007820592620387694,0.001819757676826218,0.006090076637984237,0.006881945018584189,0.013733054931245995
0.00014329668715977912,0.00013644360385068184,0.1551594857020734,0.9456821577313944,0.012696872567468277,0.0005881951787946237,0.008447424057724398,0.008558031260464945,0.012826954488957001
8.531785624178502e-05,4.2203216713324405e-05,0.39019179507702073,0.033387767599561656,0.010704909832874998,0.00011134023658177965,0.019027778221025627,0.002022362842759797,0.0038343859800323817
2.3057585259803297e-05,0.0011255976820956288,0.720034691875501,0.0001574776061971341,0.007049784416618994,1.4666783536887067e-05,0.01969260313660533,0.004415652393880278,0.00026972836831946206
2.3131438387336185e-06,0.020512381406544954,0.7359952679606185,6.653907306711273e-05,0.003372888120224325,5.637629711642841e-05,0.018224768631602856,0.010808511526672115,4.474699746884713e-07
2.6914853825123357e-08,0.05643501075704634,0.767737921846511,2.543094718904573e-05,0.001843563983570175,4.702720363060917e-05,0.009700045310566134,0.032321860750895805,8.10603976810312e-10
1.3187503372243585e-10,0.15473009788155018,0.9309073233282561,0.00020723010906049187,0.012411123251237617,0.00018543299398135306,0.0039343935115062015,0.016751071953401385,0.001186641556606733
1.1239473479976961e-08,0.4897886877896779,0.9562374841924863,0.0034937255800745527,0.15139091423381862,0.0003930170007310853,0.008441112760350747,0.012574567010242555,0.12523016963434538
0.0006094420931664239,0.912466852827545,0.7587333155692799,0.006329618697463749,0.3504556499082152,0.0011867230284811077,0.05731582034614538,0.005033537212955038,0.5909689373799494
0.055728446036951436,0.29940851650165484,0.5186555425871269,0.0027043345023203005,0.8644870055987112,0.0027659909878628374,0.25044703015685754,0.0053210896830326055,0.7408241433739833
0.3061390509485534,0.04720590320442964,0.679319061458275,0.000706604215041837,0.48597707626097464,0.006006863134124504,0.6130484970648099,0.24514942094844344,0.36537298424746034
0.797566999941806,0.003191215705677822,0.8995869663275392,0.0011213721893178078,0.13633464244077625,0.022510480983915136,0.8219365300752889,0.61925899777496,0.1137012296255361
0.7146170637449608,0.0023004889327728844,0.3740346676696611,0.00482270235572709,0.01628697694251595,0.09466900849695718,0.3827833918750191,0.5793234634104155,0.02780774632198551
0.2607751390765421,0.022207361117236073,0.20679744139954276,0.0019457382632454402,0.0009362423776120389,0.4700551520602675,0.09274739800866422,0.9767945981640698,0.0028723115823778744
0.02665076133596551,0.12115493345819307,0.056697735401490444,0.0015329222893738187,3.286304664070903e-06,0.5469588963756608,0.016797867505084843,0.9837492209618773,6.527992749623676e-05
0.00017701708958593266,0.15372463974381853,0.009688027407428131,0.002384245533502814,9.86154844859854e-09,0.04447434624556003,0.003912904036612981,0.6775820500981431,2.1236992493353507e-06
1.6445035026418446e-07,0.13815912017881582,0.0029592213936504726,0.07053324018557286,7.75934887172031e-08,0.0017246271710756498,0.0013945055880280285,0.20397515145674067,0.0001563512731490405
6.916932741930124e-09,0.13971494599766415,0.0010437635566236357,0.30119341102521763,7.042554632826046e-06,0.00015117614828315975,0.0012365847189682807,0.046235777875087855,0.005211113111890325
8.441605331713934e-06,0.17329055015318467,0.00023006825064859527,0.7056336260520277,5.3130065614053614e-05,0.00011796722199467831,0.0026137889630414124,0.008868198322487732,0.025374870499185652
0.0003458056507433202,0.14442609096748438,6.718797368072229e-05,0.9237411665656908,0.0003999546765663703,0.00014333955631443663,0.005544880499956473,0.0025276839363523344,0.11156627277969552
0.001814649019415144,0.06979746655203102,7.71056061759581e-05,0.9036309000179286,0.0015389889305895054,0.00012133473311402145,0.0038937318379970057,0.0014785293693127127,0.13640062591205773
0.002444415021554493,0.018627854952665356,0.0007260977815352837,0.6900256918086327,0.005849305888308981,0.0001907593206075054,0.0006025907037832126,0.0005182238733294555,0.15154580828950465
0.0011231779353676732,0.0018870037486152006,0.0011108701799308507,0.564061955089928,0.013833961596071002,0.00033887485037403857,1.2513838122053407e-05,0.00012591535880925834,0.07755636827729247
0.00035141982796663016,1.9369696697631468e-05,0.00016637433982800222,0.8177986949785798,0.00765549630248861,0.00040920383200907456,1.590043389063972e-08,5.739287269739504e-06,0.019119829990268723
0.00015185429916211336,2.6233358630509898e-08,7.547044873709318e-06,0.47213368122058974,0.0011917744072734286,0.00036838310179058194,6.932986825491533e-08,3.4858489989859253e-07,0.002123903852217466
2.6219613735664873e-05,3.943116389629008e-08,3.06766261642388e-06,0.15501676322819474,9.138344146452943e-07,8.545691667088672e-05,8.057006024181297e-06,4.024705388865612e-08,0.00015939918968250244
3.93871132016579e-06,2.7265472297669545e-07,2.1489287887528704e-05,0.008006362448462258,8.531372686214223e-08,3.5113675638883573e-06,8.773925405821413e-05,2.1423360927458896e-08,2.000920036168266e-05
5.8469458144665325e-06,9.595574212613862e-07,0.0005758734502409688,0.0002203949020123569,2.305340347990601e-05,2.84129587600607e-05,0.0005857046231833255,1.0478323391186207e-07,2.570817785194639e-05
4.638517224231268e-05,1.0545740863799437e-06,0.003902990201015472,6.8518590495580215e-06,0.00022717039550330655,0.0007084797464972309,0.0021529199725697054,4.4164081960689623e-07,6.076573883712752e-05
0.00020563196017659794,3.812215739818401e-06,0.009574900837084345,3.940011229652231e-06,0.0012302754425938646,0.000481171947641099,0.006402998303563544,4.128327474985412e-07,1.3623456017873165e-05
0.00015469177759706756,7.826068242284507e-05,0.009373051793533635,0.00012320577918636778,0.0035632836878619753,0.00021728273546289765,0.020522061457847313,1.3121344045286783e-06,2.9892200363764172e-05
5.708993820616784e-05,0.00027286322695908226,0.0017722536738271233,7.796124479238867e-05,0.0019109775767374782,3.0016762779643155e-05,0.04731429842906292,1.2100061559759474e-06,4.442998701884181e-05
5.9297113623811094e-06,0.00010308987380081284,0.00018006151859213302,2.902519859008245e-05,0.0013121837205534446,2.0104724134982405e-05,0.06325229311495434,5.965821202413754e-06,0.0002462502417288451
4.332188050610963e-06,6.80522811850565e-05,4.468549592930237e-05,2.2125047032555556e-05,0.0012548138497895352,0.00012424914904542132,0.00864102996754612,0.00010775633736352049,0.001431899258564931
0.002957971768016743,0.0017976710445686093,0.008017676108228141,0.0018181151479989932,0.08903917608204331,0.0019089817724312055,0.0002491984975305721,0.009315417309712843,0.04296180891451392
0.17915671091870744,0.08278864117277333,0.2286854837864418,0.047718192104280695,0.9551851319808431,0.030794121059998972,0.0064924239958664715,0.23325683784535417,0.46653019156140063
0.976927857152952,0.7577592428241395,0.8914620734846962,0.4207696222074212,0.3332761031200068,0.36403085569715476,0.03831991291622605,0.9279740972528775,0.605499433016744
0.3350274727546503,0.4435091973878392,0.5553016417009532,0.6561986663640306,0.11919390089479166,0.9990224286601503,0.31000509595541037,0.30012192006444605,0.18134319845936112
0.0942534638409095,0.08912705202420071,0.21037896872320605,0.1298340989591529,0.03544067295287344,0.5064959387748831,0.6864065089940682,0.0644037307652424,0.042550315821282686
0.02092000867105455,0.012431645156739874,0.0547569563871325,0.021332391451268525,0.008749576760511576,0.11555639244935093,0.17756800321161367,0.0072209138339411364,0.0046911071076238126
0.001935455395144519,0.0014798752584193771,0.0068098438077598,0.003611156150919732,0.0011647009893256182,0.014191119712553336,0.06397870814889817,0.0004677450010009851,0.0002839831228328189
3.898354013526221e-05,5.588929387761064e-05,0.00011879964673080694,0.00013601192025253564,3.247744300038313e-05,0.0003595353285896169,0.020304254359942885,4.380126049468846e-06,3.177672769458913e-06
1.7525943033538242e-08,5.0394065797979746e-08,1.2013450715986681e-08,4.534984321161367e-07,4.744731736546377e-08,3.4429936047078883e-06,0.0040451328696581865,8.106202222008739e-10,9.364146241693015e-10
1.5185092932139881e-12,6.061851733132917e-12,4.1853161889597873e-14,1.2333529107629538e-09,6.041907286105118e-10,2.640646452254894e-09,0.0010551675580822992,7.343540938086737e-13,3.2025801298023076e-13
6.949253858039269e-11,8.338999415061998e-11,6.799546006527353e-09,3.1609932888786713e-09,8.110373243254695e-07,1.4644861974509719e-10,0.00023208567085803737,4.2434103636707e-08,2.8120582726448966e-09
7.257613184724277e-08,7.68620383447822e-08,4.291835197148532e-06,3.344378856251391e-08,0.00024111228479877092,4.894883558518387e-09,0.00016020743765503013,1.8300489999427526e-05,1.8137064393856247e-07
1.3261754232801457e-05,1.7811110285177403e-05,0.00014490424800375944,4.905571959238475e-07,0.006343669097529726,2.8811400367305835e-06,0.00415162733284517,0.0008796694247468951,8.300506231555383e-06
0.0003957547879395082,0.0006458418803030761,0.0008313043003521687,1.1434001352127363e-05,0.03267061719545762,0.0007091736204300484,0.004981227307315663,0.005484752673803533,0.00011976779619081293
0.002864412172194365,0.003653968310723904,0.0033376675529839628,0.00011553022277802046,0.05326775430724668,0.03685730253940499,0.002969728710372516,0.016391807177872822,0.000443737237972324
0.007450276207490654,0.007564073852878009,0.0073092638916358865,0.0002773256463220342,0.05100031364883554,0.2596176895443359,0.0009611152594941263,0.024114551483220368,0.0007033810157295358
0.012167278659781884,0.011646014330997729,0.010154000097635634,0.0005496036524031956,0.04566198051072183,0.6581954598972342,0.000508813329519177,0.029784410455173858,0.0003726479563686915
0.014213864272114744,0.022874115677696396,0.018723114423041556,0.0007054739884683401,0.0545802477324859,0.6079625423344726,0.0002202896577301602,0.04313024359595128,0.00013923115990511657
0.010033725539987881,0.04944007238456512,0.011900005039771453,0.000719916824222739,0.03430649236986079,0.18616284600066352,9.189863426972595e-05,0.026506798457273002,1.9153771059074812e-05
0.003063598987606081,0.06047599514524794,0.000458910424424494,0.00010454514363697057,0.002660913517628394,0.02710654747946125,9.409236281954615e-06,0.003469799991834556,9.237784299541007e-07
9.011861554497889e-05,0.09654251306736879,9.024304354500245e-05,1.6472405971307369e-06,0.00036402467391568265,0.00584195684790252,7.128063211264473e-07,0.0002835556828079451,1.428675843519613e-07
4.041225582098934e-06,0.24426827142738267,0.022322801618757677,2.8145258581670873e-08,6.248412870339094e-05,0.0030075727529777557,1.928914910388416e-07,4.322537011794672e-05,1.6144784093906817e-05
0.03537781631251651,0.543000298598491,0.49813092028306494,2.0085665903640316e-05,8.954694647388384e-06,0.005538558874930046,0.00045216788995542436,0.00041078294359638554,0.04973068064683995
0.32475291018829733,0.7954773484568414,0.6180136101348821,0.00835074258693876,2.4528629429580745e-05,0.014768535793662482,0.07007087232137414,0.009432137604653557,0.5957218568342199
0.9528252046647148,0.7696899898410999,0.22539697877848056,0.15889427042262524,0.003235859027076335,0.09693486202479194,0.6269888188471398,0.09536593567335351,0.617557933827571
0.4442764863061114,0.21628392317580075,0.06874591490425465,0.6060196402175262,0.029549469750860716,0.15971109565313746,0.5181219040528975,0.20508848328095697,0.18573222711693066
0.12745903523635024,0.03622324692411318,0.004792109651265037,0.7739198912326004,0.2415588581143446,0.16804138632757296,0.143898265910459,0.27608233732459775,0.04466373928316998
0.03380562997098968,0.011552361812058926,0.0018673331385244145,0.3921498013255862,0.19280232284793572,0.23359088489264102,0.032948492176282776,0.15405233316360106,0.013539141711754939
0.006445249624884288,0.016218620892153996,0.0005811221774463492,0.25306764244758895,0.2811662118747641,0.1182841834408903,0.007477464271720871,0.1033058113789297,0.004278940458288514
0.00022844474442644322,0.00559392406319644,5.50282654725713e-05,0.03260389443530249,0.8719166047741618,0.015449672876701761,0.0006776765529186334,0.8502492022966279,0.00038784971914332465
1.392023850072878e-06,0.0021038487234708177,8.477118032867351e-05,0.0006046066739262208,0.23815819630897478,0.0006429856777537646,3.115435446652821e-05,0.358353343035109,2.6369003576167345e-05
9.019174590187261e-10,0.0008292232642474607,0.0002687066370232564,9.312224065574764e-06,0.013956350627236516,5.964140020101209e-06,1.6867117839557767e-06,0.06835274899758804,5.717464130686863e-05
3.8805276639765425e-08,0.0013380131713849651,0.001746650516094744,7.881929401992494e-05,0.0020333076372286703,0.00017409104418434157,5.5066445398103576e-05,0.048845293823154716,0.002163842661044041
9.472571573674448e-07,0.007123106848550686,0.006360839158269692,0.0007465974603771811,0.0013703302549290732,0.0013036251700218528,0.002083926686259577,0.041679107595348125,0.023472210816255994
6.006858152208516e-06,0.025949235755241166,0.014980191799239742,0.001979951234140647,0.0051292213007738206,0.0008316127386992736,0.020188653183914874,0.03751964710414973,0.10029280128247091
5.409896013516803e-05,0.13904773218005098,0.010158575726469653,0.0008294162641053183,0.006802075968170744,0.0009619502536749895,0.09712626386819055,0.01772612125164386,0.10694297905024712
0.00037426729460545387,0.1585082349972839,0.0029892604083984896,0.0002882966863989574,0.009895646014721609,0.0010319748832715288,0.10362096605031978,0.0029904961839196916,0.044838086553091364
0.00034653656955063717,0.0739718783742822,0.00015945189869073553,1.7511354797149656e-05,0.0008606738489357343,0.0005417153582188995,0.07011702917649831,9.167802831590664e-05,0.008792640326321767
0.00021520759386332915,0.014809226004250331,9.25152156048202e-07,1.3197143069688605e-06,7.016728734438342e-05,0.0014488400666496605,0.02740436987276388,3.2814531912816466e-07,0.0006721099385446895
0.00020424077728730468,0.003221549303449594,4.8006473325529514e-08,1.0325052602537576e-06,2.0482829162042622e-06,0.0021727149372859156,0.014254335483766993,8.374234009472783e-07,0.00040428175755328306
0.000692620322968338,0.0005201538903118329,2.3461908459636925e-06,1.0170966944178433e-05,2.4297122385735606e-07,0.0022669753096436745,0.021756720565752778,3.192174796930248e-06,0.00012963080246977367
0.0009636968505700584,0.00013390159872495857,3.7710213857321346e-06,1.2028797411425052e-05,2.0558704118772528e-07,0.0002213596375212291,0.031103315057101594,3.246637409938293e-06,9.977431953764948e-05
0.005457799895357623,0.0005206830807283422,5.5608151973583485e-06,5.062807650178839e-06,3.206262455684432e-05,0.0011620587476580757,0.02191142719307256,1.6338226723596949e-06,3.2432321236290366e-05
0.0018601531127577886,0.000879895804848478,2.3249465061071203e-06,4.4681825997829914e-07,0.00020750668178639447,0.00459383279518221,0.0022506847517145723,3.3777356658560195e-07,4.682543182000416e-06
0.0005745082994558071,0.002016814069711616,9.431780974534393e-06,5.697516166232917e-07,0.000582249943238997,0.01983914137823157,8.96226145606878e-05,2.549365963723658e-07,1.2918035079979678e-05
0.000828359126442499,0.0010578626405060155,6.774891499181345e-05,5.7435339556030135e-06,0.001997648527896568,0.06447381610272114,1.731820956057361e-05,1.1423476977177104e-05,0.00014979017260626865
0.002202649669724685,0.0017644810632327776,0.0002643173937515076,3.533176382833335e-05,0.005862692945425249,0.1726873653792135,6.65288927205811e-05,0.0001775265857979218,0.000701061764764552
0.0038403637981069484,0.0023186128379756163,0.00033556911248751586,6.348365536544727e-05,0.011311799749024798,0.42837232914494017,0.0001562471297496585,0.0007560134401322894,0.0020027051607892942
0.00040229393222767566,0.0008292381364506498,6.168571974058014e-05,7.244367842754976e-05,0.012091190744716812,0.33801160672861785,0.00018083354826056033,0.0010413442383619873,0.00240586068873014
1.8645354061497733e-05,0.0016478601102384624,9.596640490298408e-06,0.00016274617507766538,0.0051589758965083846,0.24801533847077895,0.0004602308207410611,0.004267381395288826,0.011332317344079483
4.721801641684301e-05,0.0018314948270242305,0.0001884410070049876,0.0014922920793405822,0.0006129922362381776,0.19492954067764195,0.003845349568243126,0.022814329482395368,0.044085571504753944
0.00032461031705409156,0.0008461170359268783,0.0011264347826196828,0.007672500125626014,1.5412971807112095e-05,0.29483690430699344,0.028755373219138,0.11838091719916825,0.18827515943760292
0.0018402415246442376,0.009637242284882185,0.004677469855632978,0.027922617157878787,0.00029743552035497783,0.7782307169400593,0.11080450210440249,0.4634949328992175,0.5125754128956124
0.006346086270179859,0.5824853643667978,0.04902870612708692,0.2669410000257993,0.13924455864755708,0.598234924469039,0.416291671962878,0.5365357715265964,0.26340980799201086
0.030110228365604418,0.5643770391089289,0.5505627857674256,0.49075592949780755,0.6477057720202575,0.22832818708151692,0.5266558499317215,0.029527711378764906,0.030471945085223322
0.13634028597425632,0.19252927071778583,0.5796965685368074,0.13798166036902457,0.2034671048868251,0.08853123748821534,0.04962558373313817,0.005805901994042476,0.007501687965866843
0.31888252906319037,0.049748598290584346,0.18582123713353568,0.03723881464130694,0.06744874226359035,0.028097325404281552,0.0005094975104940612,0.0011417163348061473,0.001875378393777426
0.5815993093679015,0.010232829709178201,0.042703431247898216,0.009189936330974332,0.018027983357618578,0.00893723411280414,2.2761796526111586e-06,0.00013736610304688023,0.0002524675469130465
0.7878017049549862,0.001610666387223496,0.008136079459881325,0.00248953031479405,0.004592453995807656,0.004472430569408277,1.8907984163297726e-05,1.0252358968410059e-05,7.252259470662893e-05
