0.0004903660401489682,1.1381653634766149e-12,,0.0008596533052010947,0.06622284159355697,
0.00020499101784315205,1.027356173930716e-08,0.3305649312781843,0.001976089376304191,0.06622284159355697,
0.00020149257914634788,1.1951194883522719e-05,0.16722107285147786,0.017301231136522932,0.06622284159355697,
0.003374295212097121,2.8743188058164672e-05,0.07305644149122782,0.10588899741655558,0.06622284159355697,
0.023714297230733313,0.00011962801233364878,0.028337466839801477,0.4138170541751396,0.06622284159355697,
0.06318779450519535,0.018558345755186605,0.028337466839801477,0.8312530164044772,0.15105857247743026,
0.46167080435059515,0.2691635400161895,0.028337466839801477,0.7046031050838002,0.3305649312781843,
0.708215412395674,0.8854516316789303,0.028337466839801498,0.42514772936322986,,
0.9167944390177238,0.7206508680663839,0.028337466839801477,0.18597825945759128,,
0.7364721111953046,0.3566118801692346,0.028337466839801477,0.06050785803006976,,
0.473705092305695,0.09606601865480296,0.028337466839801477,0.009659738342637041,,
0.18170608784755635,0.0866648476255454,0.17463435882734116,0.012063843426995222,,
0.04280930375913531,0.12052936824110547,0.9383164980357674,0.03639542882673249,,
0.09353520839562357,0.03969284923840481,0.3108568320010092,0.1050388923010398,,
0.14537515150667718,0.014198136507792085,0.028337466839801477,0.23514511401449387,,
0.25117272102001564,0.07948939158076923,0.028337466839801477,0.5104121962586341,0.3305649312781842,
0.7425585924305139,0.24754468138908406,0.028337466839801477,0.7873376222432139,0.26531555132214224,
0.7272049858554814,0.6830630943258711,0.028337466839801498,0.2627613868121028,0.12040040948252734,
0.8255413151273924,0.7946250302070813,0.028337466839801477,0.2271027583474414,0.059119854813306276,
0.7522902764426775,0.7878240291306703,0.028337466839801477,0.2358906840349126,0.059119854813306276,
0.9720721253239522,0.6419575678243162,0.028337466839801477,0.3063010366268283,0.059119854813306276,
0.7588151498823394,0.31382695400370336,0.06619485159008819,0.671434788844695,0.059119854813306276,
0.7783534842950494,0.29346460027577,0.150983682050216,0.7879955487814772,0.05911985481330622,
0.9884068310089698,0.8340481958958805,0.3305649312781842,0.4791852847059733,0.05911985481330622,
0.8506468945847244,0.6341853852465609,,0.28837244659515693,0.059119854813306276,
0.8871874586739128,0.6341853852465609,,0.35456656298923006,0.09727113329302263,
0.5829075723036886,0.6341853852465609,,0.9962460043940258,0.8426093408000372,
0.17800020225152136,0.9053966910262505,,0.40966723973110863,0.2678172744189423,
0.1399979343615604,0.5554160531244583,,0.2483075162535596,0.059119854813306276,
0.020422870586270656,0.2638523987521994,,0.08740822784973155,0.059119854813306276,
0.006913514890186466,0.17902234039049547,,0.051776076269497734,0.059119854813306276,
0.0303559337987836,0.38821869740172066,,0.15208995322624463,0.059119854813306276,
0.017234060692168176,0.1596882427471857,,0.04629758066320771,0.05911985481330622,
0.0013504615611547198,0.01095999473979755,,0.0012108883655271704,0.05911985481330622,
0.00026634336552244504,0.0003871715720467021,,7.73367675083797e-06,0.059119854813306276,
0.00035190608910438644,0.0003871715720467021,,2.270355394745802e-05,0.07780733113547018,
0.0023238058172059214,0.0003871715720467021,,0.00035421536675177376,0.17095099457802557,
0.009615358611745435,0.0022414152856447597,,0.002356716986441794,0.3305649312781842,
0.026708748320623133,0.009350559255917719,,0.009350559255917719,,
0.03957853947966493,0.027250617700420116,,0.027250617700420116,,
0.08264993903041919,0.06950963848951636,,0.06950963848951636,,
0.29775086426669245,0.21134022029690852,,0.21134022029690852,,
0.7127476507843287,0.9689573451764975,,0.9689573451764975,,
0.12654489157712234,0.20816015748292002,,0.20816015748292002,,
0.034951356498169266,0.0289933368925112,,0.0289933368925112,,
0.034951356498169266,0.0289933368925112,,0.0289933368925112,,
0.034951356498169266,0.0289933368925112,,0.0289933368925112,,
0.034951356498169266,0.0289933368925112,,0.02899333689251123,,
0.03439294893993215,0.0289933368925112,,0.01266938859161238,0.3305649312781843,
0.03346295901169573,0.0289933368925112,,0.0033471251413382174,0.1812345525852397,
0.030249822298717616,0.0289933368925112,,0.0009015660618433753,0.09116833847330463,
0.11255842042869298,0.1916763780979791,,0.005677592086025226,0.03668838270759745,
0.5362414589089594,0.9562492339090478,,0.06841514348154305,0.012443436225477751,
0.8942636911444671,0.23414485120438128,,0.25672789495082726,0.0038914209895667723,
0.13785357307751506,0.0289933368925112,,0.44911700054091164,0.0007032885256881976,
0.13785357307751503,0.0289933368925112,,0.44911700054091164,0.0007032885256881976,
0.13785357307751506,0.0289933368925112,,0.44911700054091164,0.0007032885256881976,
0.13785357307751503,0.0289933368925112,,0.4491170005409114,0.0007032885256881976,
0.13525010351553385,0.0289933368925112,,0.761213666375337,0.008647089602452184,
0.1309158185305617,0.0289933368925112,,0.5133345780824978,0.18559659089919792,
0.11581165243950041,0.0289933368925112,,0.26188046107659246,0.4365006185382754,
0.15674666668625484,0.06892772337101422,,0.13478755242792645,0.9719048607299507,
0.2574066869774785,0.1573994128219005,,0.07540006794697088,0.39499364696141515,
0.4960951170482846,0.9510613247306106,,0.03822628790437889,0.033603862145083374,
0.8602906161250503,0.15842125120435752,,0.06250169435555722,0.0007032885256881976,
0.41310111437573316,0.06878807312750462,,0.12291541014508904,0.003549118505682408,
0.16475103452339418,0.02669769417646224,,0.3425673884083881,0.010856200941267803,
0.16192134067939265,0.02669769417646224,,0.4442064616809589,0.020902377085078954,
0.06359916001577669,0.00843124980175565,,0.9685706963412581,0.05077097476880542,
0.020337550003688757,0.0019819323390807696,,0.3503403023684766,0.4090262068551028,
0.004573264488061089,0.00027901462777420627,,0.2518939946719796,0.9977938534671997,
0.004042382552411769,0.00027901462777420627,,0.13124325792516472,0.6942137214953388,
0.003562805822023431,0.00027901462777420627,,0.057965272683719975,0.41655531769275134,
0.01901991997245236,0.009764794975610483,,0.0774403064368017,0.10664645826316223,
0.04161062269191242,0.15828458502826204,,0.2677459726797466,0.014130205824775385,
0.16821695468551254,0.6004711153578043,,0.6303494872944325,0.1197901442643703,
0.7406468727991576,0.6569391867153347,,0.5658778356633931,0.41877977589877924,
0.7476234283547177,0.6569391867153347,,0.3185943668880386,0.7965988150134127,
0.34937194862457976,0.17198408716601896,,0.03876676176596723,0.7965988150134127,
0.05301312020074788,0.021463192418047835,,0.0006884762682272276,0.33228077055592586,
0.00130610223046128,0.00027901462777420627,,0.0006884762682272276,0.014130205824775385,
0.00130610223046128,0.00027901462777420627,,0.0006884762682272276,0.014130205824775385,
0.00130610223046128,0.00027901462777420627,,0.0006884762682272276,0.014130205824775385,
0.0049228911898676455,0.0018200014898119234,,0.0036641135269624243,0.014130205824775385,
0.010254578000102989,0.007870953349293969,,0.013138422171315126,0.014130205824775385,
0.025937002897809924,0.02519704708350616,,0.034684875243811045,0.03806059256902398,
0.06768042029325846,0.06561893117975004,,0.08462609454731243,0.08454309159415517,
0.06872540101720279,0.06561893117975004,,0.15095250605347305,0.15123108867350488,
0.1510942082185564,0.15179996845840438,,0.3305649312781843,0.15123108867350488,
0.3305649312781843,0.3305649312781843,,,0.3305649312781843,
,,,,,
,,,,,
,,,,,
,,,,,
,,,,,
,,,,,
,,,,,
,,,,,
,,,,,
,,,,,
,,,,,
,,,,,
,,,,,
,,,,,
,,,,,
,,,,,
,,,,,
,,,,,
,,,,,
,,,,,
,,,,,
,,,,,
,,,,,
,,,,,
0.3305649312781843,0.3305649312781842,,,0.3305649312781842,
0.250676004674528,0.21274490137160054,,0.3305649312781843,0.22217014206603566,
0.11535508638378048,0.09671722488499646,,0.16409912153711814,0.10535581714945973,
0.06342851307278494,0.06601890038860342,,0.11735681978991001,0.10535581714945973,
0.06342851307278494,0.06601890038860342,,0.11735681978991001,0.10535581714945973,
0.06342851307278496,0.06601890038860342,,0.11735681978991001,0.10535581714945973,
0.06342851307278496,0.06601890038860342,,0.11735681978991001,0.10535581714945973,
0.05540936158934703,0.06601890038860342,,0.05096078641447087,0.044613833083222164,
0.033287624231117405,0.06601890038860342,,0.020753401011175454,0.018221914829252655,
0.03970472145098382,0.029692177329292663,,0.00616865455003787,0.005719849017397852,
0.02478268993901367,0.027783097852423815,,0.0013012244773671824,0.006328792922322775,
0.050576033305735506,0.1260347350972389,,0.0064949062555574024,0.15353004370447093,
0.07231081069691919,0.25392729792039154,,0.05166930472119754,0.45049400655975824,
0.042801141271176325,0.16418276911743135,,0.02609519847771545,0.45049400655975824,
0.012219585618092235,0.06280963753338092,,0.005291846886429233,0.45049400655975824,
0.0022617764171614205,0.017857975745749242,,0.0005185306273597527,0.45049400655975824,
0.0022617764171614205,0.017857975745749242,,0.0005185306273597527,0.45049400655975824,
0.0025969735578004905,0.017857975745749242,,0.007378188374985194,0.9308330120274144,
0.004328311994624391,0.017857975745749242,,0.11451532253325036,0.28448748361361026,
0.10990356601662561,0.19387067825742385,,0.4175504674618643,0.016927379695116183,
0.5851943836408452,0.6686663454053826,,0.9456955285888691,0.003719860523709722,
0.8269907804172862,0.7444749562183619,,0.877602567915627,0.013486054172425233,
0.653504670896452,0.9563330675996653,,0.7043029669541737,0.035514073219387945,
0.3481485371650578,0.8389009724482813,,0.5163467989575294,0.035514073219387945,
0.12082321409026466,0.470277327878845,,0.2127825459505612,0.035514073219387945,
0.009304542615858613,0.10090188702455298,,0.019691523361305873,0.035514073219387925,
0.009304542615858613,0.10090188702455298,,0.0196915233613059,0.035514073219387945,
0.010096957535989107,0.10090188702455298,,0.051892891045337085,0.08055723704826315,
0.020662202714247884,0.1343999199527181,,0.19333758689601538,0.17988679325159057,
0.28034171196059954,0.6404283597512179,,0.7231559979390684,0.3305649312781843,
0.9917113313739931,0.6252104011746409,,0.6252104011746412,,
0.5001357002005513,0.3262349266567037,,0.32623492665670395,,
0.4281225173880544,0.5283837782062641,,0.5283837782062641,,
0.5025285746410142,0.8978598333403993,,0.897859833340399,,
0.6180488280447842,0.888936408008014,,0.8889364080080144,,
0.3189091567648692,0.7655689770743971,,0.7655689770743968,,
0.3189091567648691,0.7655689770743973,,0.7655689770743968,,
0.3189091567648692,0.7655689770743971,,0.7655689770743968,,
0.5376506440709582,0.9656948953141345,,0.9656948953141349,,
0.5640157112133976,0.2662792323606271,,0.26627923236062734,,
0.06582257857494504,0.021173363830452187,,0.02117336383045222,,
0.0015538994800017609,0.0006645566547814862,,0.0006645566547814862,,
0.005380288821848871,0.0037328748595092786,,0.0037328748595092743,,
0.058635624039181565,0.04787610709544304,,0.047876107095443085,,
0.32837714057896905,0.37175714279459415,,0.37175714279459415,,
0.3997723823270687,0.46694465103807237,,0.46694465103807237,,
0.5798947150948799,0.7264649749427275,,0.7264649749427275,,
0.9102393428956548,0.925868026447937,,0.9638439319590067,0.3305649312781843,
0.8239459858167749,0.7956263401256369,,0.5223829153094031,0.1557559921666578,
0.29916810292657453,0.40241384597460617,,0.09271813974495355,0.06791288918369992,
0.04765916632515255,0.11382449697842044,,0.007496735996183655,0.044441352470753946,
0.0014314426483693276,0.013910072102211792,,0.0002475138734106135,0.044441352470753946,
0.0002702861885486217,0.003754850912833878,,1.2918455827282364e-05,0.044441352470753946,
0.008156285221824811,0.016548855407710245,,0.00018414938261350302,0.044441352470753946,
0.19344390362988734,0.1422475948725008,,0.008680353086404474,0.044441352470753946,
0.2521061484912916,0.12864721608784505,,0.006543498857648691,0.026587674098979188,
0.46745669643986987,0.26149888488276063,,0.02585712180902031,0.008431011091615271,
0.6169293287569839,0.8613521826438408,,0.07900339531967239,0.04500493473041674,
0.35391751226218504,0.8613521826438412,,0.2295311020553322,0.20734750799387736,
0.15352909659211472,0.8613521826438408,,0.879054218256275,0.8332992113663729,
0.12392123704799872,0.8613521826438412,,0.9232645915757389,0.9701286719808536,
0.12392123704799872,0.8613521826438408,,0.9232645915757394,0.9701286719808536,
0.029995613957765316,0.46420510817538163,,0.2673270908306329,0.9701286719808536,
0.012586042663560278,0.1686511289254314,,0.07629978280695018,0.9701286719808536,
0.02575231747654622,0.11642696789193252,,0.058460813658932555,0.9701286719808536,
0.010047679330925489,0.01676459761071137,,0.008777248743578062,0.7605136018576326,
0.0005979849842846848,0.0020825855804941797,,0.0030570809867989453,0.21360130514648523,
0.0008325911435558875,0.008745133150030521,,0.0003195187754166115,0.06671105876826783,
0.001361083624679974,0.008745133150030521,,3.022308750434251e-06,0.00801628877193033,
0.006134314597631917,0.008745133150030521,,9.70758706182575e-05,0.02433669267006895,
0.009281764702728389,0.008745133150030521,,0.00032402690621000373,0.040599464135765984,
0.009281764702728389,0.008745133150030521,,0.00032402690621000373,0.04059946413576604,
0.02861888759278471,0.027315520436371216,,0.0021628571149269367,0.04059946413576604,
0.07124701320348513,0.06828228217903257,,0.008499417898715118,0.040599464135765984,
0.2615927787935982,0.2383230763983174,,0.043213165133198894,0.040599464135765984,
0.6949368836657688,0.6921658727135156,,0.5377544885612586,0.0653273817288142,
0.13764690328993023,0.10696619977615804,,0.8517133993164525,0.1512767856172895,
0.07984719975242556,0.04431330974750464,,0.223207211687021,0.3305649312781842,
0.034938924784031065,0.01599402145932744,,0.01599402145932743,,
0.03493892478403099,0.01599402145932744,,0.015994021459327445,,
0.03493892478403099,0.01599402145932743,,0.01599402145932743,,
0.03493892478403099,0.01599402145932743,,0.01599402145932743,,
0.03493892478403099,0.01599402145932743,,0.01599402145932743,,
0.03493892478403099,0.01599402145932743,,0.015994021459327445,,
0.049883306209530964,0.01540725073760084,,0.015407250737600856,,
0.38450996941006554,0.15348319614246136,,0.15348319614246134,,
0.5922767806405906,0.2890590959119853,,0.28905909591198536,,
0.8639477463272245,0.938955214710494,,0.938955214710494,,
0.7682961197083944,0.8350038068178477,,0.8350038068178477,,
0.4242500501137454,0.7753873734890915,,0.7753873734890913,,
0.4242500501137455,0.7753873734890915,,0.7753873734890915,,
0.20584265246008715,0.4803880912922557,,0.4803880912922557,,
0.07277356367190915,0.2317153273109153,,0.2830532160860273,0.3305649312781843,
0.05447911797470412,0.2317153273109153,,0.11719153270893233,0.1509504858538793,
0.320172015794587,0.6315530222662654,,0.19985076957628312,0.0653211944678226,
0.36158149579491805,0.7882620277791914,,0.1972676433030263,0.03464509741885678,
0.5965345846961565,0.8820348174013988,,0.4298588887491792,0.03464509741885678,
0.4950206674004377,0.7619526144208211,,0.20025794156172724,0.03464509741885678,
0.9878640434937799,0.8103182175396842,,0.4889950669163565,0.03464509741885678,
0.32869754502691106,0.20869466465242895,,0.7539942385960434,0.03464509741885678,
0.32869754502691106,0.20869466465242895,,0.7539942385960434,0.03464509741885678,
0.05738570712447396,0.035273520126475194,,0.27874610173694225,0.03464509741885678,
0.0033615002324772457,0.009652565979004317,,0.20953280713148537,0.3923716528569928,
0.012768150117462112,0.051003212144623604,,0.043418241681736656,0.7823772571674125,
0.13155053524410934,0.28456967530923727,,0.008230505995999192,0.7726552234218523,
0.2603689306801627,0.49105479660095497,,0.00981471412501109,0.48648536267687004,
0.4373441042801359,0.7463010196797126,,0.037217512626673714,0.48648536267687004,
0.43734410428013604,0.7463010196797126,,0.037217512626673714,0.48648536267687004,
0.7092397803871153,0.908572632921628,,0.11012133354131225,0.48648536267687015,
0.8795342409131122,0.5173200690613882,,0.2683164475002497,0.48648536267687004,
0.8795342409131119,0.5173200690613882,,0.26831644750024974,0.48648536267687004,
0.6077691342309499,0.37553088782713395,,0.3397706778576419,0.48648536267687004,
0.5772334300726616,0.7238981119473098,,0.05931947653093279,0.8176191384389029,
0.5163614540285647,0.3870521340439145,,0.024110159976650492,0.3730829654119131,
0.04838951013027337,0.0426427713087609,,0.059488443076121666,0.08606524957482507,
0.04986865759826418,0.0426427713087609,,0.11465945963627638,0.15130900664969482,
0.049868657598264116,0.0426427713087609,,0.11465945963627625,0.15130900664969507,
0.049868657598264116,0.0426427713087609,,0.11465945963627638,0.15130900664969482,
0.049868657598264116,0.0426427713087609,,0.11465945963627625,0.15130900664969507,
0.049868657598264116,0.0426427713087609,,0.11465945963627638,0.15130900664969482,
0.049868657598264116,0.0426427713087609,,0.11465945963627625,0.15130900664969507,
0.07123762287498878,0.06602455486167931,,0.17616455291154148,0.15130900664969482,
0.29964985736914573,0.15201618963332678,,0.8291676792254843,0.4435004856837288,
0.8928542919060164,0.3305649312781843,,0.15107290991151717,0.6584870083832686,
0.06885213856467405,,,0.06702852471107106,0.06702852471107106,
0.06885213856467405,,,0.06702852471107106,0.06702852471107106,
0.06885213856467405,,,0.06702852471107107,0.06702852471107107,
0.06885213856467405,,,0.06702852471107107,0.06702852471107107,
0.06885213856467405,,,0.06702852471107107,0.06702852471107107,
0.06885213856467405,,,0.06702852471107107,0.06702852471107107,
0.06885213856467405,,,0.06702852471107107,0.06702852471107107,
0.06885213856467405,,,0.06702852471107107,0.06702852471107107,
0.4458678791141216,,,0.596697587936561,0.596697587936561,
0.5282602166956273,,,0.4501714293152633,0.4501714293152633,
0.06885213856467405,,,0.06702852471107106,0.06702852471107106,
0.06885213856467405,,,0.06702852471107106,0.06702852471107106,
0.06885213856467405,,,0.06702852471107107,0.06702852471107107,
0.06885213856467405,,,0.06702852471107107,0.06702852471107107,
0.4924750068919772,0.3305649312781843,,0.19756271855147353,0.31884927209366043,
0.7013023307541171,0.1872794680889798,,0.5028261192188653,0.8413091362605528,
0.3524490736913787,0.08505343232387944,,0.8868359762430531,0.8413091362605528,
0.22297260690131002,0.03888740820516433,,0.6197069713374226,0.8413091362605528,
0.1512477097558262,0.03888740820516433,,0.3348331641953678,0.7912510235955371,
0.06934154723429775,0.03888740820516433,,0.04570739245031312,0.18143930307098025,
0.02652235953829899,0.03888740820516433,,0.0035328462348628623,0.027011659597619874,
0.02652235953829899,0.03888740820516433,,0.0006247399825094358,0.008714769647180631,
0.008366448510963622,0.01349014988739213,,5.4528058195586144e-05,0.0020523076035872563,
0.0021320482945819193,0.003670535027137411,,9.829638439193477e-07,0.0020523076035872563,
0.030420671647962,0.02320803033465848,,0.0002101514152157036,0.04339498223130751,
0.4525176143837688,0.30425744854450215,,0.008826024092561889,0.405336087598567,
0.8589718660343713,0.6882157529745161,,0.0836464872814515,0.405336087598567,
0.9554783815626007,0.8094343010311498,,0.1246622601670414,0.405336087598567,
0.6549719586981659,0.5422104472014608,,0.042806160168852775,0.405336087598567,
0.3622674513657389,0.2685806659446322,,0.11079873249553458,0.8623670503392084,
0.1856198008952071,0.1051301547360478,,0.14341583534874353,0.34081408293371995,
0.09605366715955665,0.040728825343158456,,0.2517941000567109,0.06674601318870999,
0.44824247614170565,0.290209060567047,,0.6866523548283642,0.0020523076035872563,
0.8978852366089334,0.7409505093281454,,0.6592520564277138,0.0020523076035872563,
0.6799635448215111,0.6027349674249517,,0.8592286176553817,0.008531891670619447,
0.22138358698102703,0.18899370126233014,,0.6546032260091883,0.026046101678260457,
0.32824709225885174,0.2183241509068632,,0.7435135902838432,0.026046101678260457,
0.4147956667861188,0.2738065233417016,,0.8418686845438057,0.026046101678260457,
0.9926417399186871,0.7182128365416409,,0.5427756006819356,0.026046101678260457,
0.5338756538281462,0.7579167860016525,,0.3615855299437938,0.06682386308034312,
0.1520527814220171,0.3034426474281565,,0.18566539167888274,0.152685868751428,
0.1302809376235019,0.17899084165817375,0.3305649312781843,0.22993617464333158,0.3305649312781842,
0.7161570390337776,0.6638433487725103,0.16633815798685747,0.6214660078286045,,
0.9025725957655744,0.911909800932281,0.10586215498160069,0.9298723519012799,,
0.9025725957655744,0.9119098009322815,0.10586215498160069,0.9298723519012807,,
0.8257255139933772,0.6227041209105144,0.10586215498160069,0.4990948560755889,,
0.6526803368735904,0.6299617296224629,0.043673336486085394,0.4808286805029527,,
0.3982358065472854,0.5052029700994343,0.01647229756677843,0.5743745977574958,,
0.17181453128641236,0.9876253434742879,0.01647229756677843,0.9445071934627138,,
0.2836195268524949,0.8089556530099767,0.01647229756677843,0.8679379417529599,,
0.3412461010707204,0.56666525866753,0.016472297566778423,0.6439570904565695,,
0.625439004906091,0.31585314664563824,0.12066383210931246,0.39437291099088734,,
0.8886144339559341,0.07274087315132273,0.4436816754166535,0.3175478379335079,,
0.8507008878318032,0.046217897116823906,0.40991485162480357,0.46066636003897143,,
0.8507008878318032,0.046217897116823906,0.40991485162480357,0.460666360038971,,
0.7911560053233909,0.21065773734641405,0.2632823044140195,0.7428901879367034,,
0.9121225099325252,0.21212966567720717,0.45207514286168415,0.8965194022301105,,
0.5623849655982793,0.23571339059183583,0.9780608298763749,0.8463317374859758,,
0.3669643347379996,0.04917385345836778,0.9780608298763749,0.473862924029514,,
0.5885595450299099,0.17282019253170247,0.9780608298763749,0.7628761168530964,,
0.9448643151231539,0.43775968968735746,0.870072775942832,0.7388902231334515,,
0.594256380199838,0.4049250108268039,0.31633955576530326,0.3456121897772282,,
0.5622615262696012,0.31327494585139104,0.31664287809960867,0.5513210216995216,,
0.7904930540485102,0.1291763682378612,0.6679578870906258,0.9494468483209757,,
0.6217532749453574,0.42334199530837746,0.442233365117238,0.949446848320976,,
0.6680223575654198,0.3001421250553863,0.46883457186538624,0.6977460285422626,,
0.8954791375112647,0.5006072455055322,0.8720938473391544,0.9507485484475795,,
0.8326793063335848,0.3731167589171064,0.8620554440296904,0.8096665744231771,,
0.9687480366545087,0.6298234996594173,0.8620554440296904,0.9907151461129673,,
0.9687480366545091,0.6298234996594173,0.8620554440296904,0.9907151461129673,,
0.683847517899549,0.6298234996594173,0.8340791789513783,0.7568892722606617,0.3305649312781843,
0.21947822085085256,0.8993174487162856,0.15759451886383585,0.4499566395425474,0.26872097349873136,
0.2339257900503514,0.4820712468159456,0.08836775138482525,0.5206885410121552,0.1222483937561784,
0.518408973699845,0.13389840787364105,0.1898605517397377,0.9596058760424283,0.05147340572560603,
0.3955693182813971,0.3496459810952177,0.03568263801117499,0.6839421947001563,0.05147340572560603,
0.11161023030472352,0.699331907414737,0.0019682048273763036,0.6502585721850193,0.05147340572560608,
0.09769410074183853,0.8024532521817955,0.002363904293241663,0.48374844298056907,0.05147340572560603,
0.23184255123080605,0.9792667461470626,0.008249415141007499,0.7428193763672235,0.05147340572560608,
0.23184255123080605,0.9792667461470626,0.008249415141007499,0.7428193763672233,0.05147340572560603,
0.23184255123080605,0.9792667461470626,0.008249415141007499,0.7428193763672235,0.05147340572560608,
0.6111387561611739,0.5387660001348904,0.01879861461007546,0.835764484223884,0.0794368191629772,
0.7440307829335087,0.23673104741544593,0.04436130956937754,0.6860321921012345,0.6600639578822716,
0.728435630363772,0.36609862515075176,0.20367743789324044,0.6636121830693262,0.4452739339044205,
0.8398717997243044,0.4962304254237868,0.706641250677045,0.8928097580232406,0.05147340572560603,
0.7551258921988869,0.45550152299081603,0.5148948794534434,0.535164785525015,0.05147340572560603,
0.14650085232290302,0.1512019034109253,0.054550297738506066,0.6980652819433356,0.05147340572560608,
0.04722636768319918,0.03413935763979983,0.03662665518312129,0.29203227544764093,0.05147340572560603,
0.04722636768319918,0.03413935763979978,0.03662665518312127,0.29203227544764143,0.05147340572560608,
0.04722636768319918,0.03413935763979983,0.03662665518312127,0.292032275447641,0.05147340572560603,
0.04722636768319918,0.03413935763979983,0.03662665518312127,0.292032275447641,0.05147340572560608,
0.2635184603037704,0.29394237985447774,0.03662665518312129,0.890166064989393,0.06567936792512372,
0.8549147497801306,0.8960993918836715,0.03662665518312127,0.5808340827015112,0.15147219214880062,
0.8949190068673469,0.5518598756824089,0.112697487039852,0.36451700053972635,0.3305649312781843,
0.4751700382401828,0.22986537906883595,0.7366966930501745,0.29477638695759295,,
0.3586586838004522,0.06869020692286529,0.763144215258731,0.5035750608901701,,
0.11219919553648164,0.0066003578270400105,0.5270020779556938,0.25771015689633703,,
0.12981986816655938,0.005041918642551287,0.8862311874842395,0.15224606849610586,,
0.3559647793812265,0.02280353054655131,0.816107900303922,0.3893776599044786,,
0.48629530463499304,0.04662603133691706,0.816107900303922,0.5405045227823617,,
0.48629530463499304,0.04662603133691706,0.8161079003039218,0.5405045227823617,,
0.7398711222553437,0.13464176025071353,0.8161079003039217,0.879050302991926,,
0.8727168482127287,0.33726595536005743,0.8161079003039218,0.6630960142093857,,
0.635672791648925,0.5942791396342344,0.6925861901337618,0.2803860663685745,0.3305649312781842,
0.316146218507465,0.9971636523097802,0.3682913166268773,0.06712324757372401,0.16885067827374195,
0.2914349651212161,0.26249619113872613,0.5937848798064611,0.21767680891209448,0.07438620003415747,
0.21811055921244046,0.02930027111549563,0.9012578278840824,0.27745589554657973,0.02911701780101186,
0.31939176985185264,0.05578071750158481,0.22409728470988835,0.2226562018311373,0.009405654872347633,
0.8923324266132945,0.18943236824725168,0.025919620957611068,0.7559950500200122,0.0023500554308261627,
0.7042505861349981,0.48349004511634,0.025919620957611068,0.786675245076487,0.0023500554308261627,
0.7042505861349981,0.4834900451163403,0.02591962095761105,0.786675245076487,0.0023500554308261627,
0.7042505861349981,0.48349004511634,0.02591962095761105,0.786675245076487,0.0023500554308261627,
0.7042505861349979,0.4834900451163403,0.02591962095761105,0.786675245076487,0.0023500554308261627,
0.6688939595755095,0.48349004511634,0.025919620957611068,0.4039402851566911,0.02472616107690009,
0.533013020908814,0.4834900451163403,0.02591962095761105,0.05751223758658133,0.281644413628765,
0.31012385601813997,0.8781309310155885,0.06762164331802828,0.08443700883505456,0.9343478416166173,
0.104284345297505,0.20326318632167564,0.1529629970189463,0.029913699655277973,0.3557365272149329,
0.014652449725615411,0.03242080695477009,0.3305649312781842,0.0034662386806948663,0.044962751872036445,
0.006306922077143186,0.011742153557425944,,0.0011528753970910291,0.0023500554308261627,
0.01860517010068873,0.03041746529665945,,0.005392491434520958,0.0023500554308261627,
0.018605170100688753,0.030417465296659466,,0.005392491434520958,0.0023500554308261627,
0.01860517010068873,0.03041746529665945,,0.005392491434520958,0.0023500554308261627,
0.018605170100688784,0.03041746529665945,,0.005392491434520958,0.0023500554308261627,
0.02111300701372256,0.03041746529665945,,0.017510408080777105,0.008108340778973346,
0.0324770156810496,0.030417465296659466,,0.041463601391165894,0.02567367360435221,
0.08143060535893419,0.07648632705607611,,0.07673178727557228,0.06707426328069858,
0.18191630323016436,0.17210166938856028,,0.17216500155708964,0.15394864674274944,
0.3305649312781843,0.3305649312781843,,0.3305649312781843,0.3305649312781842,
,,,,,
,,,,,
0.3305649312781843,,,,0.3305649312781842,0.3305649312781842
0.21493179787618297,,,,0.15107379814051486,0.15107379814051486
0.21493179787618297,,,,0.15107379814051486,0.15107379814051486
0.21493179787618297,,,,0.15107379814051486,0.15107379814051486
0.21493179787618297,,,,0.15107379814051486,0.15107379814051486
0.21493179787618297,,,,0.15107379814051486,0.15107379814051486
0.21493179787618288,,,,0.15107379814051486,0.15107379814051486
0.1026250233174004,,,,0.06591916396265021,0.06591916396265021
0.05974125813744806,,,,0.025407588312737917,0.025407588312737917
0.05974125813744811,,,,0.025407588312737917,0.025407588312737917
0.1445857806999399,,,,0.3067739969626828,0.3067739969626828
0.8681037788273166,,,,0.9818752639097307,0.9818752639097307
0.8681037788273166,,,,0.9818752639097307,0.9818752639097307
0.8681037788273166,,,,0.9818752639097307,0.9818752639097307
0.8681037788273166,,,,0.9818752639097307,0.9818752639097307
0.8681037788273166,,,,0.9818752639097307,0.9818752639097307
0.8681037788273166,,,,0.9818752639097307,0.9818752639097307
0.17363239298854122,,,,0.3398280133589927,0.3398280133589927
0.05974125813744806,,,,0.025407588312737917,0.025407588312737917
0.05974125813744811,,,,0.025407588312737917,0.025407588312737917
0.09470948106424223,,,,0.06652799384360147,0.06652799384360147
0.2119622575829831,,,,0.15374985241910166,0.15374985241910166
0.2119622575829831,,,,0.15374985241910166,0.15374985241910166
0.2119622575829831,,,,0.15374985241910166,0.15374985241910166
0.2696343140365742,,,,0.469956518715981,0.469956518715981
0.6370174809686375,,,,0.9837929389466795,0.9837929389466795
0.6370174809686375,,,,0.9837929389466795,0.9837929389466795
0.5303688525187078,,,,0.6274149966664362,0.6274149966664362
0.23117320739846994,,,,0.15634667210719255,0.15634667210719255
0.23117320739846978,,,,0.15634667210719255,0.15634667210719255
0.23117320739846978,,,,0.15634667210719255,0.15634667210719255
0.23117320739846978,,,,0.15634667210719255,0.15634667210719255
0.1323334163559852,,,,0.06881494468270061,0.06881494468270061
0.2109236022832502,,,0.3305649312781842,0.026425913465533902,0.026569932760470316
0.12914675602132564,,,0.15394731977525455,0.10086583690480937,0.23059773433307593
0.18266535487701172,,,0.15394731977525455,0.627529174696905,0.9700665751983417
0.09889735247078914,0.3305649312781843,,0.06807061535207468,0.627529174696905,0.9700665751983417
0.04658464036008411,0.1509578387269767,,0.026292454532141598,0.627529174696905,0.9700665751983417
0.02071478096167263,0.06584367858057112,,0.00868765650339706,0.627529174696905,0.9700665751983417
0.006142062795460674,0.02722608764533543,,0.0022321595680171043,0.627529174696905,0.9700665751983417
0.0014031723251988863,0.00864106454201157,,0.00032888589081092037,0.627529174696905,0.9700665751983417
0.00017597613214535837,0.002022309266468365,0.3305649312781843,1.9701440352983735e-05,0.627529174696905,0.9700665751983417
2.1886431403207923e-05,0.00028766210420776714,0.2604465972639478,1.9701440352983668e-05,0.732335839886803,0.33565867724417764
7.019944056502222e-05,1.628996742485549e-05,0.11936289825575717,0.002115433583194478,0.1840692063777295,0.026569932760470316
1.0421210135411591e-05,9.5599378553256e-08,0.05000580935060425,0.04790261659979502,0.026119315876809726,0.06751356746879342
6.435036292370581e-08,3.635444137173978e-14,0.05000580935060425,0.017461251336805768,0.06746279780911693,0.15345298385854278
1.5991072301396434e-05,3.4808203678538626e-07,0.05000580935060425,0.07241458617732498,0.06746279780911693,0.15345298385854278
0.004020510393386636,0.0003523182833959022,0.05000580935060425,0.32718494535076725,0.06746279780911693,0.15345298385854278
0.1837265116604506,0.03137342023651739,0.05000580935060425,0.944251025064544,0.06746279780911693,0.15345298385854278
0.4531702624967615,0.09669564268052945,0.05000580935060431,0.5634103467961784,0.06746279780911693,0.15345298385854278
0.9009799552203076,0.2068473491726724,0.05000580935060425,0.33182632014829916,0.06746279780911693,0.15345298385854278
0.8059748611186891,0.3788576557853901,0.08054324503151805,0.16838377972081378,0.06746279780911693,0.15345298385854278
0.9826178271720781,0.7078069725938929,0.3447165230975253,0.34777580358582416,0.15206965268578715,0.3305649312781842
0.7843812870449103,0.7895533599710554,0.8170289833183937,0.7279736131191077,0.3305649312781843,
0.7275462028618096,0.34190277425420534,0.6889319171366031,0.6121466492341462,,
0.6936137710234638,0.17848805958071806,0.6889319171366031,0.7107136064139872,,
0.8400598372428758,0.13611794371453512,0.6889319171366031,0.760564954604127,0.3305649312781842,
0.540864237669234,0.6151088715480708,0.6889319171366028,0.301367289934569,0.1541239164859347,
0.05400335179720415,0.33017698676280904,0.6889319171366031,0.02320602546882967,0.06737887280872887,
0.03808747581893447,0.0917958910638647,0.6889319171366031,0.00419338571439692,0.06737887280872887,
0.12289173998885776,0.15358082999750552,0.6889319171366031,0.008203058734031342,0.06737887280872881,
0.23113512837463926,0.6667891629590506,0.9722557546476858,0.01978185623370295,0.06737887280872887,
0.920677073717208,0.91664736834026,0.8625091296245511,0.05655010097292809,0.06737887280872881,
0.9105887987128732,0.6458289315684361,0.7869813423105236,0.04444178863958642,0.06737887280872887,
0.8835956429782141,0.38301860808860133,0.5587134620538006,0.06791826894126218,0.06737887280872881,
0.39657331024987474,0.124640519089432,0.4657824380244282,0.37734553377031876,0.06737887280872887,
0.19278721598392784,0.058270621518324794,0.465782438024428,0.7660361555378673,0.4403834782335394,
0.03954147774662317,0.007384773250548055,0.465782438024428,0.5464540741174393,0.6377671994076377,
0.002662859855074891,6.451842469939456e-05,0.465782438024428,0.09595352069532785,0.06737887280872887,
0.0021503688336703517,2.993906911467799e-08,0.465782438024428,0.01266604404466526,0.06737887280872887,
0.0063530057905189265,2.7525174376749917e-19,0.465782438024428,0.004324243778055902,0.06737887280872881,
0.062055438937143735,3.334995022553913e-07,0.6467138693917704,0.016719882566868925,0.06737887280872887,
0.13715314585276206,0.00010571859558189615,0.7528301634622377,0.00807541237549311,0.06737887280872881,
0.12514696636728334,0.0031446426619980376,0.8295227558578706,0.0014425238955496648,0.06737887280872887,
0.2417080395317825,0.049713089677186524,0.9786421806656874,0.00031915238530742064,0.06737887280872881,
0.6204344523741018,0.3384119634127505,0.971525187020063,0.010211458421250338,0.06737887280872887,
0.9072933686186659,0.9848832434245057,0.9715251870200633,0.13755599852530295,0.1510150913985574,
0.6749995542512568,0.3234023997209967,0.9715251870200633,0.6024273825218464,0.3305649312781843,
0.313024369180658,0.041568328692442244,0.9715251870200633,0.6904602834041678,,
0.11186057941109653,0.0007535875103103485,0.9715251870200633,0.1689394122860929,,
0.021297475578919943,6.472036552628661e-08,0.9715251870200633,0.014797579067423926,,
0.09379659095729787,4.339180658702138e-08,0.6015213873046528,0.028781901295089105,,
0.12043013512943439,5.7951639726806034e-09,0.3376631621235764,0.014131794464243671,,
0.15885614319275432,7.411030111822858e-06,0.28988178943730086,0.005764347329391437,,
0.551979185645614,0.001291368738352376,0.05780825029892831,0.016485224643260993,,
0.9635421351791746,0.02994083121116785,0.013461246645346914,0.13006534430520916,,
0.9541051771437328,0.23528398379102583,0.013461246645346914,0.5004973783599455,,
0.7305370330277915,0.7921237649130642,0.013461246645346914,0.876555349208671,,
0.43229725432410593,0.5019372514207578,0.013461246645346914,0.30632400054274556,,
0.15305032063122107,0.08879500203985703,0.013461246645346914,0.0451567116182397,,
0.032565323285328025,0.010747305481576182,0.013461246645346914,0.004306344173648798,,
0.089126174309922,0.0059721946903669495,0.03878283177787634,0.0063511347872046405,,
0.024976740258298373,0.00016439653821362246,0.09480486655410356,0.0007315199242221307,,
0.09446358346357207,0.005840052353127648,0.17665108725470757,0.00409021772599647,,
0.34356940491906307,0.06990547072664488,0.3305649312781842,0.06258218501920608,,
0.6178463151657223,0.2904041472211314,,0.2904041472211315,,
0.72424724662447,0.8259027456878247,,0.8259027456878251,,
0.9974928699149949,0.5435468595883048,,0.7087346269803112,0.3305649312781843,
0.5420343276722825,0.14678877401757207,,0.30253999677662835,0.15136373242403908,
0.34777579258434344,0.049705159711002526,,0.12294398624593736,0.15136373242403908,
0.320222075815748,0.0250914797963785,,0.1820837178763536,0.06572100087590954,
0.6832164166227046,0.03803204658721303,,0.3155374397678228,0.025045148341968373,
0.3083175999803235,0.0017266407065582299,,0.05370598276597729,0.025045148341968373,
0.7434569564319026,0.02990416855196712,,0.1852903467328649,0.008366274791185277,
0.8688225376138123,0.24210531542405403,,0.39305240245700934,0.002084795749724862,
0.9174676136548627,0.5524807179072475,,0.8806675642950246,0.0005782239227778631,
0.827052242700798,0.8345171216843308,,0.4249508909392211,5.912487342698866e-05,
0.8189844418950405,0.8831081342509686,,0.2342950759596859,0.0010485244965268026,
0.9074292911690911,0.597751577872724,,0.10380832727087894,0.007983117107037762,
0.9537090043357848,0.5977515778727236,,0.16220092125439436,0.0020227933929262473,
0.8790456194181973,0.3041430524580983,,0.6469643192103569,0.012765586688373715,
0.8882049071973458,0.1613111514240176,,0.8308745971207648,0.07110589804683966,
0.7626007915008179,0.018349273743863474,,0.23727409349973394,0.07110589804683976,
0.9062759297604712,0.045758475562097764,,0.23287867552136204,0.1440419439909561,
0.6020218561305646,0.1491065103342911,,0.18857701668692348,0.38312648846486064,
0.9583580877824527,0.33399185778507345,,0.46871167152256943,0.3107174707142969,
0.7528865150370243,0.23474820385024853,,0.9893118890222523,0.7490930444395716,
0.320066194460933,0.0639978705786944,,0.6318446617546317,0.791495336696299,
0.08470383453545914,0.017701298213987436,,0.4839268662562305,0.47198942882557327,
0.062367993101693955,0.01770129821398747,,0.9218734731121228,0.18910633644186758,
0.12117821539599472,0.059299743766060696,,0.3141242845704406,0.06859786172551714,
0.2532340966235059,0.15366121307828726,,0.2642014542918602,0.08780347563593434,
0.3070733152437288,0.329982643575773,,0.5585577265549451,0.08780347563593462,
0.3767474367219871,0.3913894321949556,,0.4027806417604982,0.05749362536873758,
0.5372602409358442,0.33420193317110847,,0.12701213229373182,0.015992326073998166,
0.12183378879329634,0.09400671105867701,,0.027711128105536997,0.0007746294551861599,
0.019438764691264418,0.021247145870127486,,0.004900821262817412,1.5244135566811957e-05,
0.0340393612806431,0.05286085510441677,,0.00024289456874539584,6.2803807885548636e-06,
0.08205087609110048,0.12441798146193431,,0.00024289456874539584,0.00015691104031120045,
0.10158880294922705,0.12441798146193418,,0.001659943767697486,0.0010636388221703051,
0.10835386008923652,0.12441798146193418,,0.0052843652989568585,0.005016836648226011,
0.10924834056136029,0.12441798146193418,,0.015735658453309834,0.012862804326226166,
0.10924834056136029,0.12441798146193431,,0.015735658453309844,0.012862804326226166,
0.11253857071390247,0.12441798146193418,,0.044008975615069015,0.03369091482352302,
0.12107488512131638,0.15097253016884038,,0.06937132247836206,0.08426121814019634,
0.2663096975409347,0.3305649312781843,,0.15229521292290094,0.1862593306278672,
0.33446334690779034,,,0.6599328215161677,0.6599328215161677,
0.20266023881721335,,,0.1517259958786135,0.1517259958786135,
0.29663539969481156,,,0.06555772517847461,0.06555772517847461,
0.29663539969481156,,,0.06555772517847461,0.06555772517847461,
0.29663539969481156,,,0.06555772517847461,0.06555772517847461,
0.29663539969481156,,,0.06555772517847461,0.06555772517847461,
0.29663539969481156,,,0.06555772517847461,0.06555772517847461,
0.29663539969481156,,,0.06555772517847461,0.06555772517847461,
0.29663539969481156,,,0.06555772517847461,0.06555772517847461,
0.29663539969481156,,,0.06555772517847461,0.06555772517847461,
0.3134749154834557,,,0.5158571426175058,0.5158571426175058,
0.36435581295868424,,,0.5482607056569115,0.5482607056569115,
0.29663539969481156,,,0.06555772517847461,0.06555772517847461,
0.29663539969481156,,,0.06555772517847461,0.06555772517847461,
0.29663539969481156,,,0.06555772517847461,0.06555772517847461,
0.29663539969481156,,,0.06555772517847461,0.06555772517847461,
0.29663539969481156,,,0.06555772517847461,0.06555772517847461,
0.29663539969481156,,,0.06555772517847461,0.06555772517847461,
0.29663539969481156,,,0.06555772517847461,0.06555772517847461,
0.29663539969481156,,,0.06555772517847461,0.06555772517847461,
0.30539665403487826,,,0.1512521512331394,0.1512521512331394,
0.3305649312781843,,,0.330564931278184,0.330564931278184,
,,,,,
,,,,,
,,,,,
,,,,,
,,,,,
,,,,,
,,,,,
,,,,,
,,,,,
,,,,,
,,,,,
,,,,,
,,,,,
,,,,,
,,,,,
0.3305649312781842,0.330564931278184,,,0.330564931278184,
0.1533876796172119,0.15139645949470004,,0.3305649312781843,0.15701714664588604,
0.07114701012798179,0.06579193012950825,,0.15240993345755083,0.15701714664588604,
0.07114701012798179,0.06579193012950828,,0.15240993345755094,0.15701714664588612,
0.06579080544555774,0.06579193012950825,,0.07936136804298896,0.08516246804325826,
0.05124855614499579,0.06579193012950828,,0.032227703449883176,0.034217482058781765,
0.04103871336433786,0.06579193012950825,,0.013355051692436056,0.014790283329075414,
0.04103871336433782,0.06579193012950828,,0.013355051692436056,0.014790283329075385,
0.03398062198652289,0.06579193012950825,,0.0037954588747630192,0.004432770820450264,
0.013372598079575141,0.02505858798062215,,0.000680016987959088,0.0008887230257085939,
0.1079476453912554,0.15454390069615515,,7.001457292302118e-05,0.052896343183040866,
0.46682155262159863,0.6585539446708186,,0.009690976017888197,0.32057819664601156,
0.9336694692431345,0.6528670172117588,,0.1674922952961873,0.32057819664601156,
0.9336694692431344,0.6528670172117588,,0.1674922952961873,0.32057819664601156,
0.9642058363531338,0.6528670172117587,,0.38432649609195924,0.6212192022438157,
0.9382032542311396,0.6528670172117588,,0.8583258342593508,0.5768313509449087,
0.9573002161846932,0.9918028167003654,0.3305649312781842,0.49644222568382634,0.28257866277654725,
0.740249243367421,0.6846004597978682,0.15097632047787138,0.49644222568382634,0.2825786627765474,
0.8008819923355249,0.6846004597978683,0.15097632047787138,0.17037526747761866,0.07142832536829798,
0.3749260705261863,0.6416971007945311,0.15097632047787138,0.018670804941154247,0.0014547442466984338,
0.1145871423354653,0.44123996354223893,0.07651488622687935,7.001457292302118e-05,0.0017360174302847179,
0.7006321586784341,0.8004509351140499,0.03313909021435369,0.0007584985154601835,0.007644349424282414,
0.7228483978682722,0.2642969327241621,0.011005381939109653,0.0038962416777306493,0.007644349424282414,
0.4232643969634865,0.11343982147802023,0.002892300422579787,0.0038962416777306493,0.007644349424282414,
0.30060268673823465,0.05507338085363793,0.0005579144282276866,0.014910150780960044,0.02067403916202712,
0.10506163686358007,0.027496808990792855,4.614652047975824e-05,0.3692899844106,0.051256262209668745,
0.08799477073608909,0.11656851912289501,0.0021093357708947104,0.8903392335175322,0.10963576391008216,
0.0827387494540026,0.5052821593778571,0.013069828650309596,0.6663225539390825,0.10963576391008216,
0.020134703945752487,0.5052821593778571,0.002070048497058085,0.23029854469136535,0.2338659413414558,
0.0035737703302099783,0.25297898546027664,0.002070048497058085,0.10397649056598252,0.3305649312781842,
0.0009032111641596104,0.21952537543386114,0.013396269311348111,0.02011640560498473,,
0.04476241707016896,0.9497440738146992,0.2005881081813042,0.02011640560498473,,
0.08984560387152461,0.5780899452346003,0.4007287024767221,0.008813101052209674,,
0.13727608338668773,0.22412726427845525,0.7414539327214638,0.002080238362032987,,
0.0986487749025871,0.2261313083672156,0.7808730794177874,0.0007116870492025012,,
0.2712485393939171,0.28229764848382655,0.2120937953670809,0.012258629673501267,,
0.690658765641655,0.25699605815659327,0.22429147124546245,0.09286533090053303,,
0.7402242310304058,0.48756682614731506,0.06997529822115292,0.4929475513083771,,
0.2250671697702986,0.4875668261473154,0.002988083585994598,0.8397679053545505,,
0.2250671697702985,0.48756682614731506,0.002988083585994598,0.8397679053545501,,
0.28434161170848804,0.649258179782733,0.00965182865903076,0.8397679053545505,,
0.5189506547103868,0.9441830995920202,0.04039350840391686,0.8397679053545505,,
0.29658263895377174,0.9727260850422224,0.012950289572971618,0.5630515912193795,,
0.04237900082858848,0.6834684851447199,0.0006242111063819349,0.14407140658010123,,
0.005077228008662797,0.17799239098610814,0.003111210728245758,0.011059414278789065,,
0.00040961055252245035,0.013415715940800335,0.01198735726888145,0.000569828497794951,,
0.0025106553951868052,0.03180087535147556,0.02613182504436661,0.0031018818676720483,,
0.010187193652142117,0.03180087535147556,0.06776104370650574,0.011981820932860595,,
0.05024677225249349,0.10246064022319777,0.15597961192543297,0.11033147337464859,,
0.0892887382048839,0.2394351178986679,0.15597961192543297,0.2517096517046598,,
0.08928873820488406,0.23943511789866795,0.15597961192543297,0.2517096517046598,,
0.0892887382048839,0.2394351178986679,0.15597961192543297,0.2517096517046598,,
0.18646752520102677,0.3757369575128843,0.3305649312781842,0.3611129953884935,,
0.49372789453402177,0.8898789983002704,,0.8898789983002706,,
0.6776204068686705,0.27266416696508844,,0.27266416696508844,,
0.025528131632062037,0.014664316088363978,,0.01466431608836397,,
0.016149876720858627,0.0054872692262671035,0.3305649312781843,0.01466431608836397,,
0.005938769506898829,0.0012936693713875467,0.19187395482550365,0.01466431608836397,,
0.03642064734858748,0.01057686801291861,0.08656372380806561,0.11176954918298193,,
0.14192346160916242,0.039890308770789216,0.03476309961082704,0.2631318026633793,,
0.05876627604883948,0.011898272722886813,0.03476309961082704,0.13084708434893008,,
0.05876627604883935,0.011898272722886813,0.034763099610827075,0.13084708434893005,,
0.05876627604883948,0.011898272722886793,0.034763099610827075,0.13084708434893008,,
0.08776160856936499,0.07248519428613742,0.034763099610827075,0.39363572596249685,,
0.26317981189226364,0.42736822759708737,0.034763099610827075,0.8774920962718167,,
0.15369119371322237,0.31957539620402875,0.034763099610827075,0.9180630036788232,,
0.10368748831785643,0.32985578968660423,0.1252600356166474,0.6448718945083376,,
0.08397246819462661,0.670230119781456,0.803284785940028,0.3648441715258902,,
0.12177236715046755,0.795164214162288,0.32165712877284985,0.17862944198790004,,
0.5250235409046036,0.8279039171524837,0.03476309961082704,0.2847930381301802,,
0.781634252785585,0.9711869641514931,0.03476309961082704,0.3812738625469455,,
0.776638493513089,0.9711869641514931,0.034763099610827075,0.31287419721088483,0.3305649312781843,
0.7447572907216422,0.9711869641514926,0.034763099610827075,0.15851200292986087,0.20743126812642948,
0.6868412503707326,0.7588394906744445,0.034763099610827075,0.034712952326599184,0.09382666910030021,
0.6731514414335883,0.594068050856353,0.034763099610827075,0.0027417003955012217,0.03818657375458926,
0.5560474667570464,0.6799077354886423,0.034763099610827075,0.03559586122734616,0.013159387890888602,
0.2800211230830846,0.3840231025230848,0.06663289975333757,0.17014694764224145,0.00829528285298495,
0.10750807678345303,0.21068526240927593,0.1532915211621683,0.685088124565385,0.00829528285298495,
0.07834123320103828,0.10097816989078541,0.330564931278184,0.7771468155495125,0.00829528285298495,
0.028164842104485298,0.019092808242696838,,0.4238839016809799,0.00829528285298495,
0.0021829018210335963,0.0009035655023373065,,0.1249752578592821,0.00829528285298495,
0.002031654353455299,0.0009035655023373065,,0.07352877804721442,0.02885125037509079,
0.0012584915112388506,0.0009035655023373023,,0.008362075647633247,0.3210190329038106,
0.0011199883113329038,0.0009035655023373047,,0.0002387432541004988,0.9473034607709864,
0.0028244988795642734,0.0022652507000743144,,4.143102701246913e-06,0.25506469764906986,
0.004182588677472941,0.008827019156936696,,1.7394003899481566e-08,0.017835598060463406,
0.014237366012198003,0.02594853986400484,,1.3775657127945356e-06,0.00829528285298495,
0.04099787504271416,0.06716190609384746,,6.465640895806809e-05,0.00829528285298495,
0.09151401588156605,0.1509577104662041,,0.0007162042493610149,0.00829528285298495,
0.2045560086804056,0.330564931278184,,0.0032099727708953005,0.00829528285298495,
0.038515172113421266,,,0.00829528285298495,0.00829528285298495,
0.7227566513037766,,,0.17908642064227087,0.1790864206422709,
0.9818175076444899,,,0.7880523953252632,0.7880523953252632,
0.3564476230921444,,,0.5469611184711224,0.5469611184711223,
0.13241277721714553,,,0.13132810244044613,0.13132810244044615,
0.07917774556273091,,,0.03299148414001605,0.03299148414001607,
0.07634668874721277,,,0.026123720018571554,0.026123720018571554,
0.07634668874721277,,,0.026123720018571554,0.026123720018571554,
0.07634668874721277,,,0.026123720018571554,0.026123720018571554,
0.07634668874721277,,,0.026123720018571512,0.026123720018571554,
0.07634668874721277,,,0.026123720018571554,0.026123720018571554,
0.326187229093148,,,0.3643069221535573,0.3643069221535573,
0.326187229093148,,,0.8159305578353525,0.8159305578353528,
0.7157299427847679,,,0.23917502176907937,0.23917502176907984,
0.07634668874721277,,,0.026123720018571512,0.026123720018571554,
0.07634668874721277,,,0.026123720018571512,0.026123720018571554,
0.07634668874721277,,,0.026123720018571554,0.026123720018571554,
0.07634668874721277,,,0.026123720018571554,0.026123720018571554,
0.07634668874721277,,,0.026123720018571554,0.026123720018571554,
0.07634668874721277,,,0.026123720018571512,0.026123720018571554,
0.07634668874721277,,,0.026123720018571554,0.026123720018571554,
0.1509504521842674,,,0.06687697612662669,0.06687697612662664,
0.1509504521842674,,,0.1509504521842674,0.1509504521842674,
0.3305649312781842,,,0.3305649312781842,0.3305649312781843,
,,,,,
,,,,,
,,,,,
,,,,,
,,,,,
,,,,,
,,,,,
,,,,,
,,,,,
,,,,,
,,,,,
,,,,,
,,,,,
,,,,,
,,,,,
,,,,,
,,,,,
,,,,,
,,,,,
,,,,,
,,,,,
,,,,,
,,,,,
,,,,,
,,,,,
,,,,,
0.3305649312781843,0.3305649312781842,,0.3305649312781842,0.3305649312781843,
0.1949297813554004,0.2081664723164077,,0.15095052346279525,0.15263753813603567,
0.09478683298976075,0.09769415066695196,,0.06523110215319647,0.15263753813603567,
0.03914382704406952,0.04199059874147462,,0.032198389542726455,0.15263753813603567,
0.014192573741370352,0.01490033861736616,,0.010612584504924931,0.15263753813603567,
0.014192573741370352,0.01490033861736616,,0.010612584504924931,0.15263753813603567,
0.007898752062082964,0.006055043228995638,,0.0037349622701785593,0.15263753813603567,
0.0019313228324908211,0.0014488086387712846,,0.0009032963565131175,0.15263753813603567,
0.0003461140772289031,0.00023228245296119389,,0.00011129170600922485,0.15263753813603567,
0.0003461140772289031,0.00023228245296119389,,0.00011129170600922518,0.15263753813603567,
0.004495180077731598,0.002018769885449777,,0.005530690447650453,0.907344508278221,
0.17017140002989492,0.09318463719597177,,0.054955639838470384,0.15263753813603567,
0.4797593789882284,0.3324224731749811,,0.252909181859785,0.15263753813603567,
0.7205666718065054,0.8913927278078584,,0.9662420151050106,0.15263753813603567,
0.569558186993558,0.655768193747662,,0.7097231523033205,0.15263753813603567,
0.9846917369431315,0.9457571073052824,,0.8687218046456618,0.15263753813603567,
0.8085326788566514,0.7555294288019134,,0.8159898303088583,0.15263753813603567,
0.2132023398945111,0.16633432506094806,,0.17549404750647205,0.15263753813603567,
0.18024931639466438,0.11828545894930609,,0.12421594464342754,0.15263753813603567,
0.39237698998753934,0.2851132163982304,,0.3076248825014508,0.15263753813603567,
0.8563513751065296,0.6703613589691876,,0.8230323130183174,0.3305649312781843,
0.7257317594403863,0.9444338640480165,,0.9444338640480165,,
0.38294480640774176,0.5228034194297607,,0.5228034194297607,,
0.07447054357732037,0.09161266920272652,,0.09161266920272645,,
0.1959019527508139,0.17403157819379608,,0.17403157819379608,,
0.6018197035981041,0.5131713035720975,,0.7443622946989112,0.3305649312781843,
0.25373768306485284,0.1826480751174001,,0.41414046056430664,0.15570377127880997,
0.05549411300399185,0.028981323826574316,,0.05995646560725847,0.06747088346391131,
0.08951890416245196,0.0392684120191531,,0.07678126177014732,0.06747088346391125,
0.2406071703964817,0.12399868060166155,,0.20926946623379666,0.06747088346391131,
0.43750726527011674,0.2627569795057324,,0.3985797263948375,0.06747088346391131,
0.17816547031466903,0.08402690806184945,,0.159321426587678,0.06747088346391131,
0.17999797878119822,0.0983583930335886,,0.1909636761704495,0.06747088346391125,
0.19676771394501447,0.23053312406119578,,0.39219716767565804,0.06747088346391131,
0.0341277627908373,0.06850151682024183,,0.15362082543791145,0.06747088346391131,
0.013328350370547368,0.03154510189259694,,0.01009723240555906,0.44619900317541006,
0.18024665333121162,0.27715885185276723,,0.04165809334568129,0.5754827714009563,
0.08926540219790474,0.1202357868376868,,0.07140716983924768,0.06747088346391131,
0.20810983093110724,0.2534888095155438,,0.15865392703064532,0.06747088346391125,
0.5147942652705977,0.6303330906628226,,0.44700394723954673,0.06747088346391131,
0.6471090108351889,0.7730081255224848,,0.5650737882154007,0.06747088346391131,
0.8682333109793151,0.6661605459763773,,0.9386282697838417,0.06747088346391131,
0.6653325342903902,0.5933657680093581,,0.8664624342149699,0.06747088346391125,
0.19368119119617566,0.2301224994493748,,0.40669572181814284,0.06747088346391131,
0.025594256087253565,0.05082495660338007,,0.12024589448722896,0.06747088346391131,
0.020734529201504422,0.037364124703280335,,0.022865156682522366,0.1515641627529143,
0.19847159214544066,0.2616375292957249,,0.09529376856253086,0.8249217201259386,
0.09837555135819978,0.10207633304202164,,0.046524700533440086,0.1510684185302146,
0.17884015744096357,0.15370832317816108,,0.04175366840887518,0.06700351248588499,
0.43690484641735106,0.414287505950771,,0.1630440338654309,0.06700351248588496,
0.3722963243040839,0.4911078186651231,,0.20292348416788353,0.06700351248588499,
0.18377386225639705,0.40517737495350814,,0.1486749757846148,0.06700351248588496,
0.12581572695515633,0.3123793042265279,,0.10194787562555312,0.06700351248588499,
0.4928444866155395,0.9593879646969072,,0.5664551610962523,0.06700351248588496,
0.7885959932173552,0.2847438643051933,,0.6790992942217198,0.06700351248588499,
0.9263117294762075,0.41063382005155535,,0.8244745872907431,0.06700351248588496,
0.3285504998890578,0.8769303206884984,,0.6345400921981694,0.5186349319850141,
0.14025240407383435,0.533281740610646,,0.45610551318115955,0.6767529162606222,
0.07431993520870248,0.348581569933361,,0.693557556130729,0.06700351248588499,
0.0743199352087023,0.34858156993336087,,0.6935575561307286,0.06700351248588496,
0.034539180872885246,0.14293543760685762,,0.3521586814185699,0.06700351248588499,
0.026416254321192798,0.07766813197865907,,0.2167543294114842,0.06700351248588496,
0.0873908897777069,0.08022640760681526,,0.22476746123090047,0.06700351248588499,
0.09144387343458497,0.026868348451097313,,0.09974648909610184,0.06700351248588496,
0.039201615221430855,0.004441265529045694,,0.028017190441385655,0.06700351248588499,
0.0884722938818095,0.01610617088150911,,0.06745000048271883,0.06700351248588496,
0.6852575170906139,0.22063510983414583,,0.43537649085697383,0.15410063260240578,
0.584296442664556,0.8111512789325828,,0.9284221139076909,0.3305649312781843,
0.22556311566243908,0.64863444638034,,0.64863444638034,,
0.2255631156624394,0.64863444638034,,0.64863444638034,,
0.09635351488272985,0.3365610425919947,,0.3365610425919947,,
0.050835647473234366,0.17469433521852482,,0.17469433521852493,,
0.0923786229181619,0.13881275377063013,,0.13881275377063024,,
0.15575179611243853,0.1496306352416337,,0.14963063524163378,,
0.2922827528459151,0.2210502023215028,,0.22105020232150274,,
0.2922827528459151,0.22105020232150274,,0.2210502023215024,,
0.8984135995711371,0.8937105511930363,,0.7060308394589323,0.3305649312781842,
0.34743514489819016,0.3844772929501352,,0.8623403883381,0.17403282847454712,
0.1798454543171168,0.12672486128813865,,0.5332817055930248,0.07639773884220367,
0.3889846790156656,0.33781092486575826,,0.6949582264390791,0.03042459301546378,
0.679965398327552,0.6551215441977568,,0.8888618642046788,0.03042459301546376,
0.7982366925147913,0.9131606259630625,,0.45270620027394215,0.03042459301546378,
0.9812845859527067,0.7448528610869423,,0.8111327381526221,0.03042459301546378,
0.590456559387336,0.4847819448143258,,0.8686543024235526,0.03042459301546378,
0.7107847839041638,0.5444910294195615,,0.9475944526200516,0.03042459301546376,
0.7224895366364401,0.5444910294195612,,0.7271916007480916,0.009917042776953162,
0.8126604434613112,0.9074755004385093,,0.4206666082232008,0.022299512610514126,
0.5800201098002925,0.7053602565448649,,0.7029001998842472,0.2730522838549579,
0.7189848269468136,0.6723220273935837,,0.6300119423324817,0.5576583449122179,
0.6109521226021163,0.5512086749844933,,0.6765245786589842,0.9727641556035622,
0.15068067858891004,0.09302211089395872,,0.5202557442844573,0.9727641556035624,
0.0015075681929381506,0.0014060277296828604,,0.05190767432895702,0.9727641556035622,
0.0063412930075107945,0.006368108802634894,,0.14672547855859883,0.9727641556035622,
0.022189872547224775,0.02116680208503055,,0.3259752015309677,0.9727641556035622,
0.21340958930335474,0.1861545850642154,,0.7770679033809017,0.9727641556035624,
0.5179224499934116,0.5110663921428298,,0.5848152182218815,0.37827489070655285,
0.7399423583110423,0.8595942591342887,,0.5776649890776234,0.2236164773725391,
0.8700619121318329,0.9385420726564841,,0.7800438813782741,0.8192503265183031,
0.9399159698521703,0.9384945020499873,,0.9365415741226728,0.683323257690925,
0.6629513145713475,0.5855051353393782,,0.6530617755659727,0.3792804549625066,
0.38142236195840085,0.27301789350711736,,0.9906364093497806,0.3792804549625066,
0.05448624363753837,0.04563251890508674,,0.5664344497045561,0.3792804549625066,
0.05448624363753837,0.04563251890508674,,0.5664344497045564,0.3792804549625066,
0.05448624363753837,0.04563251890508674,,0.5664344497045561,0.3792804549625066,
0.5679299817165103,0.42329386911326916,,0.7118895351103909,0.3792804549625066,
0.482332017862808,0.6273810358856985,,0.27658323164490367,0.6957530154549256,
0.09208970269082337,0.0893424797258139,,0.08502331572258014,0.6445233771540844,
0.043549661704505506,0.04563251890508674,,0.00501058669499187,0.07875914187689638,
0.03815945572065844,0.04563251890508674,,0.006344786016421084,0.08485790824845023,
0.050569795131048804,0.04563251890508674,,0.078339364475023,0.6281530947524631,
0.06384761427038385,0.045632518905086836,,0.1918153048217576,0.9236268148375638,
0.06384761427038385,0.04563251890508674,,0.19181530482175752,0.9236268148375638,
0.06384761427038385,0.04563251890508674,,0.1918153048217576,0.9236268148375638,
0.06384761427038385,0.04563251890508674,,0.19181530482175752,0.9236268148375638,
0.1555700735961453,0.11014677444742667,,0.40285152957474124,0.9236268148375638,
0.35510357542886006,0.23636300558097742,,0.8035693572099604,0.9236268148375638,
0.9542492621960094,0.330564931278184,,0.6932733394654446,0.70177998557477,
0.2096524106715505,,,0.20720966170254826,0.20720966170254826,
0.1687247039660469,,,0.30041218217135934,0.30041218217135934,
0.9032063489173041,,,0.7480729610553083,0.7480729610553083,
0.13907102933928878,,,0.08016181717528041,0.08016181717528041,
0.13907102933928878,,,0.08016181717528041,0.08016181717528041,
0.13907102933928878,,,0.08016181717528041,0.08016181717528041,
0.13907102933928878,,,0.08016181717528041,0.08016181717528041,
0.13907102933928878,,,0.08016181717528041,0.08016181717528041,
0.13907102933928878,,,0.08016181717528041,0.08016181717528041,
0.13907102933928878,,,0.08016181717528041,0.08016181717528041,
0.13907102933928878,,,0.08016181717528041,0.08016181717528041,
0.15450184506611547,,,0.15095734124856472,0.15095734124856472,
0.330564931278184,,,0.3305649312781843,0.3305649312781843,
,,,,,
,,,,,
,,,,,
,,,,,
,,,,,
,,,,,
,,,,,
,,,,,
,,,,,
,,,,,
,,,,,
,,,,,
,,,,,
0.3305649312781842,0.3305649312781843,,,0.3305649312781843,
0.17724105020175557,0.1998463733746596,,,0.210436842055874,0.330564931278184
0.08343704189811042,0.09099873465088085,,,0.09934157215428255,0.1607521831412427
0.08343704189811042,0.09099873465088085,,,0.09934157215428255,0.1607521831412427
0.08343704189811042,0.09099873465088085,,,0.09934157215428255,0.1607521831412427
0.08343704189811042,0.09099873465088085,,,0.09934157215428255,0.1607521831412427
0.08343704189811042,0.09099873465088085,,,0.09934157215428255,0.1607521831412427
0.08343704189811042,0.09099873465088085,,,0.09934157215428255,0.1607521831412427
0.08343704189811042,0.09099873465088085,,,0.09934157215428255,0.1607521831412427
0.08343704189811042,0.09099873465088085,,,0.09934157215428255,0.1607521831412427
0.28994046428082393,0.2508475276021865,,,0.2828541473239508,0.1607521831412427
0.8407641574121316,0.8162269612666792,,,0.5422102287912518,0.7817892221686225
0.08343704189811042,0.09099873465088085,,,0.09934157215428255,0.1607521831412427
0.08343704189811042,0.09099873465088085,,,0.09934157215428255,0.1607521831412427
0.08343704189811042,0.09099873465088085,,,0.09934157215428255,0.1607521831412427
0.08343704189811042,0.09099873465088085,,,0.09934157215428255,0.1607521831412427
0.08343704189811042,0.09099873465088085,,,0.09934157215428255,0.1607521831412427
0.08343704189811042,0.09099873465088085,,,0.09934157215428255,0.1607521831412427
0.08343704189811042,0.09099873465088085,,,0.09934157215428255,0.1607521831412427
0.08343704189811042,0.09099873465088085,,,0.09934157215428255,0.1607521831412427
0.15249176601462144,0.15098277827211726,,,0.16674693527909742,0.1607521831412427
0.3305649312781842,0.3305649312781843,,,0.3305649312781843,0.3305649312781843
,,,,0.3305649312781843,0.3305649312781843
,,,,0.16232866859502204,0.16232866859502204
,,,,0.07571960880568226,0.07571960880568226
,,,,0.03109659249783241,0.03109659249783241
,,,,0.012734942147262333,0.012734942147262333
,,,,0.012734942147262333,0.012734942147262333
,,,,0.012734942147262344,0.012734942147262344
,,,,0.012734942147262333,0.012734942147262333
,,,,0.012734942147262344,0.012734942147262344
,,,,0.012734942147262333,0.012734942147262333
,,,,0.1215159623823334,0.1215159623823334
,,,,0.7894161918225509,0.7894161918225509
,,,,0.6450061669919716,0.6450061669919716
,,,,0.07506661724763555,0.07506661724763555
,,,,0.012734942147262333,0.012734942147262333
,,,,0.012734942147262333,0.012734942147262333
,,,,0.012734942147262344,0.012734942147262344
,,,,0.012734942147262333,0.012734942147262333
,,,,0.012734942147262344,0.012734942147262344
,,,,0.012734942147262333,0.012734942147262333
,,,,0.03560577466705554,0.03560577466705554
,,,,0.08470942253986795,0.08470942253986795
,,,,0.18126583418070474,0.18126583418070474
,,,,0.330564931278184,0.330564931278184
,,,,,
,,,,,
,,,,,
,,,,,
,,,,,
,,,,,
,,,,,
,,,,,
,,,,,
,,,,,
,,,,,
,,,,,
,,,,,
,,,,,
,,,,,
,,,,,
,,,,,
,,,,,
,,,,0.330564931278184,0.330564931278184
,,,,0.15413430168271883,0.15413430168271883
,,,,0.15413430168271883,0.15413430168271883
,,,,0.15413430168271883,0.15413430168271883
,,,,0.15413430168271883,0.15413430168271883
0.3305649312781843,,,0.3305649312781843,0.09785607128066032,0.15413430168271883
0.24160433841258874,,,0.22986349184399968,0.04376410939795334,0.15413430168271883
0.11016267995325643,,,0.10471947766833781,0.016085959198055725,0.15413430168271883
0.04798273711399496,,,0.045027909191039855,0.004690262499265357,0.15413430168271883
0.017212502419586852,,,0.015942149845330232,0.0009042748888878661,0.15413430168271883
0.005713263752993797,,,0.004656987769878922,0.011004836021785333,0.8732688158799689
0.0013218605096626446,,,0.0008987503906167653,0.029973095867287462,0.15413430168271883
0.00018310127496205564,,,9.040945085192427e-05,0.007012496544118668,0.15413430168271883
0.00018310127496205564,,,9.04094508519242e-05,0.007012496544118668,0.15413430168271883
0.00018310127496205545,,,9.04094508519242e-05,0.007012496544118668,0.15413430168271883
0.0005910955175143362,,,0.0004960261172677889,0.017093275801986624,0.15413430168271883
0.024299921414226103,,,0.03351338693611512,0.20131237338502958,0.15413430168271883
0.19424052842187425,,,0.2935751625661217,0.7683875915328187,0.15413430168271883
0.789664895679858,,,0.7145393391812199,0.7109474480504094,0.15413430168271883
0.5702622055988549,,,0.6470623321099214,0.22611891273508392,0.15413430168271883
0.06574380359019476,,,0.13031012255024746,0.059253804898995954,0.3305649312781843
0.0071057026460601275,,,0.0125910618224396,0.0125910618224396,
0.00018310127496205564,,,9.040945085192427e-05,9.040945085192427e-05,
0.00018310127496205564,,,9.04094508519242e-05,9.04094508519242e-05,
0.00018310127496205545,,,9.04094508519242e-05,9.04094508519242e-05,
0.0004177885266103829,,,0.000294915904696061,0.000294915904696061,
0.002632031544175965,,,0.0030437111805354613,0.0030437111805354613,
0.122235150678421,,,0.11204028498758802,0.11204028498758802,
0.4914422598948541,,,0.3962356226297723,0.3962356226297723,
0.7741023312619599,,,0.664296742118788,0.664296742118788,
0.7041970292371185,,,0.9028346762016681,0.9028346762016681,
0.39838644478266116,,,0.49609141599191087,0.49609141599191087,
0.16273207289290031,,,0.11542816863368274,0.11542816863368274,
0.16273207289290026,,,0.11542816863368274,0.11542816863368274,
0.16273207289290031,,,0.11542816863368274,0.11542816863368274,
0.16273207289290031,,,0.11542816863368274,0.11542816863368274,
0.16273207289290031,,,0.22316741310594157,0.22316741310594157,
0.762075294496616,,,0.6435191636012725,0.6435191636012725,
0.16273207289290026,,,0.11542816863368274,0.11542816863368274,
0.16273207289290026,,,0.11542816863368277,0.11542816863368277,
0.16273207289290031,,,0.11542816863368274,0.11542816863368274,
0.16273207289290031,,,0.11542816863368274,0.11542816863368274,
0.16273207289290031,,,0.11542816863368274,0.11542816863368274,
0.3980429144359666,,,0.5194191344524972,0.5194191344524972,
0.4270017429914502,,,0.8262926388718109,0.8262926388718109,
0.4270017429914502,,,0.8262926388718109,0.8262926388718109,
0.4270017429914502,,,0.9879158914339896,0.9879158914339896,
0.9103925721187709,,,0.1984083855535297,0.1984083855535297,
0.14943687018778348,,,0.02123933950670339,0.02123933950670339,
0.14943687018778348,,,0.02123933950670339,0.02123933950670339,
0.14943687018778348,,,0.02123933950670337,0.02123933950670337,
0.14943687018778348,,,0.02123933950670337,0.02123933950670337,
0.14943687018778348,,,0.02123933950670337,0.02123933950670337,
0.9097492315781593,,,0.22141171899715634,0.22141171899715634,
0.9590364857091502,,,0.38269297686903636,0.38269297686903636,
0.9590364857091502,,,0.2891224957757392,0.2891224957757393,
0.9590364857091502,,,0.36443431862355435,0.36443431862355435,
0.678431031972167,,,0.8808286769720686,0.8808286769720686,
0.4953592694547547,,,0.3758017869708832,0.3758017869708832,
0.4953592694547544,,,0.3758017869708832,0.3758017869708832,
0.4953592694547547,,,0.3758017869708832,0.3758017869708832,
0.4953592694547547,,,0.3758017869708832,0.3758017869708832,
0.4953592694547547,,,0.3758017869708832,0.3758017869708832,
0.3004665071966304,,,0.27265125599788453,0.2726512559978844,
0.04021320704420644,,,0.039377406383502095,0.039377406383502095,
0.04021320704420644,,,0.010397440063856928,0.010397440063856943,
0.04021320704420644,,,0.015138952481212161,0.015138952481212161,
0.08884447025032544,,,0.040526136618951686,0.04052613661895165,
0.15474979141563586,,,0.09848759312222052,0.09848759312222033,
0.15474979141563586,,,0.09848759312222052,0.09848759312222033,
0.15474979141563586,,,0.09848759312222052,0.09848759312222033,
0.15474979141563586,,,0.09848759312222052,0.09848759312222033,
0.15474979141563586,,,0.09848759312222052,0.09848759312222033,
0.3305649312781843,,,0.21101156536325955,0.21101156536325946,
,,,0.3305649312781843,0.3305649312781843,
,,,0.3305649312781843,0.3305649312781843,
0.330564931278184,,,0.18947633252505455,0.18947633252505455,
0.18441702801843501,,,0.08615422562589822,0.08615422562589822,
0.08204867188710545,,,0.03607673522798137,0.03607673522798137,
0.08039190647215312,,,0.01502044811556074,0.01502044811556074,
0.08039190647215312,,,0.015020448115560756,0.015020448115560756,
0.08039190647215312,,,0.01502044811556074,0.01502044811556074,
0.08039190647215312,,,0.015020448115560756,0.015020448115560756,
0.08039190647215312,,,0.01502044811556074,0.01502044811556074,
0.08039190647215312,,,0.015020448115560756,0.015020448115560756,
0.08039190647215312,,,0.07365001090166093,0.07365001090166093,
0.7820747721324559,,,0.6558561566002228,0.6558561566002228,
0.7251486915750548,,,0.6998200341501531,0.6998200341501531,
0.08328407100725034,,,0.08738628191814435,0.08738628191814435,
0.08039190647215312,,,0.01502044811556074,0.01502044811556074,
0.08039190647215312,,,0.015020448115560756,0.015020448115560756,
0.08039190647215312,,,0.01502044811556074,0.01502044811556074,
0.08039190647215312,,,0.015020448115560756,0.015020448115560756,
0.08039190647215312,,,0.01502044811556074,0.01502044811556074,
0.08039190647215312,,,0.015020448115560756,0.015020448115560756,
0.08039190647215312,,,0.03394509838901955,0.03394509838901955,
0.17606168532162222,,,0.08140287427886751,0.08140287427886751,
0.3248457629679332,,,0.1800260326981676,0.1800260326981676,
0.3305649312781843,,,0.3305649312781843,0.3305649312781843,
,,,,,
,,,,,
