10,9,10,9,7,1
10,9,10,9,7,1
10,9,10,9,7,1
9,9,10,9,7,1
10,9,9,9,6,1
9,9,10,9,7,1
10,9,9,9,6,1
9,9,9,9,6,2
9,9,9,8,6,1
9,8,8,8,6,2
8,8,8,8,6,2
8,8,8,8,6,2
8,8,8,8,6,1
9,8,9,9,6,1
9,9,9,9,6,1
9,9,9,9,6,1
9,9,9,9,6,1
9,9,9,9,6,1
9,9,9,8,6,1
9,8,9,8,6,1
9,8,8,8,6,3
8,8,8,8,6,4
8,7,7,7,5,15
7,7,7,6,5,7
7,7,7,7,5,4
7,7,7,7,5,5
7,7,7,7,5,4
8,7,7,7,5,2
7,7,7,7,5,1
7,7,7,7,5,3
6,6,7,6,5,4
7,6,6,6,4,4
6,6,6,6,4,3
6,6,6,6,4,2
6,6,6,5,4,3
6,6,6,6,4,2
6,6,6,6,4,2
6,6,6,6,4,2
6,5,5,5,4,3
5,6,6,6,4,3
6,6,6,6,4,2
6,6,6,6,4,3
6,5,5,5,4,3
6,6,6,6,4,2
6,6,6,6,4,1
6,6,6,6,4,1
6,6,5,5,4,2
5,5,5,5,4,2
5,5,5,5,4,1
5,5,5,5,4,2
6,6,5,5,4,2
5,5,5,5,3,2
5,5,5,5,3,2
5,5,5,5,4,1
5,5,6,5,4,2
6,5,5,5,3,4
5,5,4,4,3,4
4,4,4,4,3,2
4,4,4,4,3,2
4,4,4,4,3,2
4,4,4,4,3,2
4,3,3,3,2,4
3,3,3,3,2,3
4,4,3,3,2,3
3,3,3,4,3,2
4,4,4,4,3,3
4,4,4,4,3,1
4,4,4,4,3,2
5,5,5,5,3,2
5,5,5,5,3,2
5,4,4,4,3,2
4,4,4,4,3,2
4,4,3,4,3,2
4,4,4,4,3,1
4,4,4,4,3,1
5,4,4,4,3,2
4,4,4,4,3,2
4,4,4,4,3,2
5,4,4,4,3,2
4,4,5,4,3,2
4,4,5,4,3,1
5,5,5,4,3,2
5,5,5,5,3,3
5,5,5,5,4,1
5,5,5,5,4,2
5,5,5,5,4,2
5,5,5,5,3,2
5,5,5,5,3,2
5,5,5,5,4,2
5,5,5,5,4,2
5,5,5,5,3,3
5,5,5,5,3,2
5,5,5,5,3,3
5,5,4,4,3,6
4,4,4,4,3,5
4,4,4,4,3,3
4,4,4,4,3,3
4,4,4,4,3,2
4,4,4,4,3,2
4,4,4,4,3,2
4,4,4,4,3,2
4,4,4,4,3,1
4,4,4,4,3,2
4,4,4,4,3,1
4,4,4,4,3,1
4,4,4,4,3,2
4,4,4,4,3,4
4,4,4,4,3,3
4,4,4,4,3,2
4,4,4,4,3,2
4,4,4,4,3,1
4,4,4,4,3,2
4,4,4,4,3,2
4,4,4,4,3,2
4,4,4,4,3,2
4,4,4,4,3,3
4,4,4,4,3,3
4,3,3,3,2,2
3,3,3,3,2,2
3,3,3,3,2,2
3,3,3,3,2,2
3,3,3,3,2,2
3,3,3,3,2,1
3,3,3,3,2,2
3,3,4,3,2,2
3,3,4,4,3,2
4,4,4,4,3,2
4,4,4,4,3,2
4,4,4,4,3,1
4,4,4,4,3,1
4,4,4,4,3,1
4,4,4,4,3,0
4,4,4,4,3,0
4,4,4,4,3,1
4,4,4,4,3,1
4,4,4,4,3,1
4,4,4,4,3,0
4,4,4,4,3,0
4,4,4,4,3,1
4,4,4,4,3,1
4,4,4,4,3,1
4,4,4,4,3,1
4,4,4,4,3,1
4,4,4,4,3,1
4,4,4,4,3,1
4,4,4,4,3,1
4,4,4,4,3,1
3,3,3,3,3,2
4,4,3,3,2,1
3,3,3,3,2,1
3,3,3,4,3,1
3,3,3,3,2,1
3,3,3,3,2,1
3,3,3,3,2,1
3,3,3,3,2,1
3,3,3,3,2,2
3,3,3,3,2,2
3,3,2,2,2,2
3,2,3,3,2,1
3,3,3,3,2,2
3,3,3,2,2,2
2,2,3,3,2,2
3,3,3,3,2,3
3,3,3,3,2,2
3,3,4,3,2,2
4,3,4,3,2,2
3,4,4,4,3,3
4,4,4,4,3,3
4,3,4,4,3,1
4,3,4,4,3,1
4,3,4,4,3,2
4,3,4,4,3,1
4,3,4,3,2,1
3,3,4,3,2,1
3,3,4,3,3,1
3,3,4,4,3,1
4,4,4,4,3,1
4,3,4,4,3,1
4,3,4,4,3,1
4,3,4,4,3,1
4,3,4,4,3,1
4,3,4,3,3,1
4,3,4,4,3,1
4,3,4,3,2,1
3,3,3,3,2,3
3,3,3,3,2,5
3,3,3,3,2,2
3,3,3,3,2,2
3,3,3,3,2,1
3,3,3,3,2,1
3,3,3,3,2,2
3,3,3,3,2,1
3,3,3,3,2,3
3,3,3,3,2,1
3,3,3,3,2,1
3,3,3,3,2,1
3,3,3,3,2,1
3,3,3,3,2,1
3,3,3,3,2,1
3,3,3,3,2,1
3,3,3,3,2,1
3,3,3,3,2,1
3,3,3,3,2,0
3,3,3,3,2,0
3,3,3,3,2,1
3,3,3,3,2,1
3,3,3,3,2,1
3,3,3,3,2,1
3,3,3,3,2,2
3,3,3,3,2,2
3,3,3,3,2,2
3,3,3,3,2,3
3,3,3,3,2,3
3,3,4,3,2,2
4,3,4,3,3,2
4,3,4,3,2,1
3,3,4,3,2,2
3,3,4,3,2,1
4,4,4,4,3,2
4,4,4,4,3,4
4,4,4,4,3,2
4,4,4,4,3,1
4,4,4,4,3,1
4,4,4,4,3,1
4,4,4,4,3,2
4,4,4,4,3,2
4,4,5,4,3,2
4,4,5,4,3,1
4,4,4,4,3,1
4,4,4,4,3,2
5,5,5,4,3,4
5,4,5,4,3,0
5,5,5,5,3,3
5,5,5,5,3,2
5,5,5,5,3,1
5,5,5,5,3,1
5,5,4,5,3,9
4,4,4,4,3,3
4,4,4,4,3,0
4,4,4,4,3,1
4,4,4,4,3,1
4,4,4,4,3,1
4,4,4,4,3,1
4,4,4,4,3,1
4,4,4,4,3,1
4,4,4,4,3,1
4,4,4,4,3,0
4,4,4,4,3,1
4,4,4,4,3,1
4,4,4,4,3,1
4,4,4,4,3,1
4,4,4,4,3,1
4,4,4,4,3,1
4,4,4,4,3,1
4,4,4,4,3,1
4,4,4,4,3,1
4,4,5,4,3,1
4,4,5,4,3,3
4,4,4,4,3,2
5,5,5,4,3,1
5,5,5,5,3,1
5,4,5,4,3,1
4,4,4,4,3,1
4,4,4,4,3,2
4,4,4,4,3,1
4,4,4,4,3,1
4,4,5,4,3,1
4,4,4,4,3,1
4,4,4,4,3,1
4,4,4,4,3,1
4,4,4,4,3,1
4,4,4,4,3,1
4,4,4,4,3,2
4,4,4,4,3,1
4,4,4,4,3,1
4,4,4,4,3,1
4,4,4,4,3,2
4,4,4,4,3,1
4,4,4,4,3,1
4,4,4,4,3,1
4,3,4,4,3,1
4,3,4,4,3,1
4,3,4,4,3,1
4,3,3,3,3,1
3,3,4,3,2,1
4,3,4,3,3,1
3,3,4,3,3,1
3,3,3,3,2,1
3,3,3,3,2,2
3,4,4,3,2,2
4,4,4,4,3,1
4,3,4,4,3,2
4,4,4,4,3,1
4,3,4,4,3,1
4,4,4,4,3,1
4,4,4,4,3,1
4,4,4,4,3,1
4,3,4,4,3,1
4,4,4,4,3,1
4,4,4,4,3,1
4,4,4,4,3,1
4,4,4,4,3,1
4,4,4,4,3,2
4,4,4,4,3,1
4,4,4,4,3,1
4,4,4,4,3,1
4,4,4,4,3,1
4,4,4,4,3,1
4,4,4,4,3,1
4,3,4,4,3,1
4,3,4,4,3,1
4,3,4,3,3,1
4,3,4,3,2,2
4,4,4,4,3,1
4,4,4,4,3,1
4,3,4,4,3,1
4,3,4,4,3,1
4,4,4,4,3,1
4,4,4,4,3,1
4,4,4,4,3,1
4,4,4,4,3,1
4,3,3,4,3,2
3,3,3,3,2,3
3,3,3,3,2,2
3,3,3,3,2,2
3,3,3,3,2,2
3,3,3,3,2,1
3,3,3,3,2,1
3,3,3,3,2,1
3,3,3,3,2,1
3,3,3,3,2,1
3,3,3,3,2,1
3,3,3,3,2,1
3,3,3,3,2,1
3,3,3,3,2,1
3,3,3,3,2,1
3,3,3,3,2,1
3,3,3,3,2,1
3,3,3,3,2,1
3,3,3,3,2,1
3,3,3,3,2,1
3,3,3,3,2,1
3,3,3,3,2,1
3,3,3,3,2,1
3,2,3,3,2,2
3,2,3,3,2,1
3,3,3,3,2,1
3,2,3,3,2,1
3,2,3,3,2,1
3,2,3,3,2,2
2,2,2,2,2,3
2,2,2,2,2,4
2,2,2,2,2,2
2,2,2,2,2,1
2,2,2,2,2,2
2,2,2,2,2,5
3,3,3,3,2,4
3,3,3,3,2,3
3,3,3,3,2,3
3,3,3,3,2,2
3,3,3,3,2,1
3,3,3,3,2,1
3,3,3,3,2,2
3,3,3,2,2,2
3,2,3,3,2,1
3,3,3,3,2,2
3,3,3,3,2,1
3,3,3,3,2,1
3,2,2,3,2,2
2,2,2,2,2,1
2,2,3,2,2,1
2,2,3,2,2,1
2,2,3,2,2,1
2,2,3,2,2,1
3,2,3,2,2,1
3,2,3,3,2,1
2,2,3,2,2,1
3,2,3,3,2,2
3,2,3,3,2,1
3,2,3,3,2,1
2,2,2,2,2,1
2,2,2,2,2,1
2,2,2,2,2,1
2,2,2,2,2,1
2,2,2,2,2,1
2,2,2,2,2,2
2,2,2,2,2,2
2,2,2,2,2,5
3,3,3,3,2,3
3,3,3,3,2,1
3,3,3,3,2,1
3,2,3,3,2,1
3,2,3,3,2,0
2,3,3,2,2,1
3,2,3,3,2,1
3,2,3,3,2,1
3,2,3,3,2,1
3,2,3,3,2,0
3,3,2,3,2,1
2,2,2,2,2,2
2,2,2,2,2,4
2,2,2,2,2,4
2,2,3,2,2,4
2,2,3,2,2,4
2,2,3,2,2,4
2,2,2,2,2,2
2,2,2,2,2,6
2,2,2,2,2,15
2,2,2,2,2,6
2,2,2,2,2,5
2,2,2,2,1,7
2,2,2,2,1,6
2,2,2,2,1,5
2,2,2,2,1,6
2,2,2,2,1,6
2,2,2,2,1,8
2,2,2,2,1,15
2,2,2,2,1,6
1,1,1,1,1,9
1,1,1,1,1,6
1,1,1,1,1,2
1,1,1,1,1,4
1,1,1,1,1,1
1,1,2,2,1,9
2,2,1,1,1,6
1,1,1,1,1,2
1,1,1,1,1,4
1,1,1,1,1,6
1,1,1,1,1,5
1,1,1,1,1,7
1,1,1,1,1,8
1,1,1,1,1,4
1,1,1,1,1,6
1,1,1,1,1,4
1,1,1,1,1,3
1,1,1,1,1,3
1,0,1,1,0,5
1,1,1,1,1,1
1,1,1,1,1,7
1,1,1,1,1,7
1,1,1,1,1,4
1,1,1,1,1,10
1,1,1,1,1,9
1,1,1,1,1,6
1,1,1,1,1,3
1,1,1,1,1,1
1,1,1,1,1,6
1,1,1,1,1,5
1,1,1,1,1,4
1,1,1,1,1,4
1,1,1,1,1,4
1,1,1,1,1,11
1,1,1,1,1,32
1,1,1,1,1,3
1,1,1,1,1,2
1,1,1,1,1,3
1,1,1,1,1,3
1,1,1,1,1,3
1,1,1,1,1,4
1,1,1,1,1,3
1,1,1,1,1,5
1,1,1,1,1,6
1,1,1,1,1,3
1,1,1,1,1,3
1,1,1,1,1,1
1,1,1,1,1,3
1,1,1,1,1,3
1,1,1,1,1,2
1,1,1,1,1,2
1,1,1,1,1,3
1,1,1,2,1,9
2,2,2,2,1,6
2,2,2,2,1,6
1,2,1,2,1,2
2,2,2,2,1,3
2,2,2,2,1,4
2,1,2,2,1,4
2,1,2,2,1,0
2,1,2,2,1,0
2,2,2,2,1,5
2,2,2,2,2,6
2,2,2,2,2,6
2,2,2,2,2,7
2,2,2,2,2,0
2,2,2,2,2,4
2,2,2,2,2,5
2,2,2,2,1,5
2,2,2,2,2,4
2,2,2,2,2,5
2,2,2,2,2,0
2,2,2,2,1,2
2,2,2,2,2,4
2,2,2,2,2,3
2,2,2,2,2,2
2,2,2,2,2,2
2,2,2,2,2,3
2,2,2,2,1,2
2,2,2,2,2,1
2,2,2,2,1,3
2,2,2,2,1,3
2,1,2,2,1,3
2,2,2,2,1,2
2,2,2,2,1,2
2,2,2,2,1,1
2,2,2,2,1,3
2,2,2,2,1,2
2,2,2,2,1,2
2,2,2,2,2,3
2,2,2,2,2,2
2,2,2,2,2,1
2,2,2,2,2,1
2,2,2,2,2,1
2,2,2,2,1,2
2,2,2,2,1,1
2,2,2,2,1,3
2,2,2,2,1,1
2,2,2,2,1,1
2,2,2,1,1,4
2,1,2,2,1,2
2,1,2,2,1,2
2,1,2,1,1,3
2,1,2,2,1,2
1,1,1,1,1,3
1,1,1,1,1,1
1,1,1,1,1,1
1,1,1,1,1,1
1,1,1,1,1,3
1,1,1,1,1,2
1,1,1,1,1,3
1,1,1,1,1,1
1,1,1,1,1,1
1,1,1,1,1,1
1,1,1,1,1,0
1,1,1,1,1,2
1,1,1,1,1,1
1,1,1,1,1,1
1,1,1,1,1,0
1,1,1,1,1,2
1,1,1,1,1,1
1,1,1,1,1,1
1,1,1,1,1,2
1,1,1,1,1,1
1,1,1,1,1,1
1,1,1,1,1,1
1,1,1,1,1,1
1,1,1,1,1,3
1,1,1,1,1,1
1,1,1,1,1,1
1,1,1,1,1,1
1,1,1,1,1,1
1,1,1,1,1,4
1,1,1,1,1,2
1,1,1,1,1,2
1,1,1,1,1,2
1,1,1,1,1,2
1,1,1,1,1,3
1,1,1,1,1,2
1,1,1,1,1,1
1,1,1,1,1,1
1,1,1,1,1,2
1,1,1,1,1,2
1,1,1,1,1,1
1,1,1,1,1,2
1,1,1,1,1,3
1,1,1,1,1,2
1,1,1,1,1,5
1,1,1,1,1,1
1,1,1,1,1,1
1,1,1,1,1,2
1,1,1,1,1,2
1,1,1,1,1,11
1,1,2,1,1,3
2,2,2,2,1,13
2,2,2,2,1,2
2,2,2,2,1,3
2,2,2,2,1,1
2,2,2,2,1,1
2,2,2,2,1,1
2,2,2,2,1,2
2,2,2,2,1,1
2,2,2,2,1,0
2,1,2,2,1,1
2,1,2,2,1,2
2,1,2,2,1,1
2,1,2,1,1,1
1,1,2,1,1,2
1,1,1,1,1,3
1,1,1,1,1,1
1,1,1,1,1,1
1,1,1,1,1,1
1,1,1,1,1,1
1,1,2,2,1,2
2,2,2,2,1,2
2,2,2,2,1,1
2,1,2,2,1,0
2,1,2,2,1,1
2,1,2,1,1,1
1,1,2,1,1,1
1,1,2,2,1,1
1,1,2,2,1,1
2,1,2,2,1,2
2,1,2,2,1,1
2,1,2,2,1,0
2,1,2,2,1,0
2,1,2,2,1,0
2,1,2,2,1,0
2,1,2,2,1,0
2,1,2,2,1,0
1,1,1,1,1,1
1,1,1,1,1,0
1,1,1,1,1,1
1,1,1,1,1,1
1,1,1,1,1,1
1,1,1,1,1,1
1,1,1,1,1,0
1,1,1,1,1,1
1,1,1,1,1,3
1,1,1,1,1,5
1,1,1,1,1,1
1,1,1,1,1,2
1,1,2,1,1,2
1,1,2,1,1,4
1,1,1,1,1,1
1,1,1,1,1,5
1,1,1,1,1,0
1,1,1,1,1,1
1,1,1,1,1,1
1,1,2,2,1,2
2,1,2,2,1,5
2,2,2,2,1,2
2,2,2,2,1,6
2,2,2,2,1,1
2,2,2,2,1,4
2,2,2,2,1,2
2,2,2,2,2,4
2,2,2,2,2,2
2,2,2,2,2,1
2,2,2,2,1,1
2,2,2,2,2,2
2,2,2,2,2,10
2,2,2,2,2,2
2,2,2,2,2,5
2,2,2,2,2,1
2,2,2,2,2,2
2,2,2,2,1,6
2,2,2,2,1,4
2,2,2,2,2,2
2,2,2,2,2,2
2,2,2,2,2,1
2,2,2,2,2,4
2,2,2,2,2,5
2,2,2,2,1,5
2,2,2,2,1,4
2,2,2,2,1,0
2,2,2,2,1,0
2,2,2,2,1,3
2,2,2,2,1,3
2,2,2,2,2,4
2,2,2,2,2,0
2,2,2,2,2,2
2,2,2,2,1,1
2,2,2,2,2,1
2,2,2,2,2,0
2,2,2,2,2,4
2,2,3,3,2,4
3,2,3,2,2,3
2,2,3,2,2,2
2,2,3,2,2,2
2,2,2,2,2,2
3,2,3,2,2,1
3,2,3,3,2,2
3,2,3,3,2,2
3,2,3,3,2,2
3,2,3,3,2,1
3,2,3,3,2,1
3,2,3,2,2,1
2,2,3,3,2,1
3,2,3,3,2,1
3,2,3,3,2,1
3,3,3,3,2,3
3,3,3,3,2,3
3,3,3,3,2,7
3,2,3,2,2,10
2,2,2,2,2,10
2,2,2,2,2,2
2,2,2,2,2,1
2,2,3,2,2,6
2,2,3,2,2,2
2,2,2,2,2,3
2,2,2,2,2,2
2,2,2,2,2,3
2,2,3,2,2,0
3,3,3,3,2,6
3,3,3,3,2,5
3,3,3,3,2,1
3,3,3,3,2,2
3,2,3,3,2,2
3,2,3,3,2,2
3,2,3,3,2,1
2,2,2,2,2,18
2,2,2,2,2,3
2,2,2,2,2,1
2,2,2,2,2,5
2,2,2,2,2,1
2,2,2,2,2,1
2,2,2,2,2,2
2,2,2,2,2,6
2,2,2,2,2,4
2,2,2,2,2,1
2,2,2,2,2,1
2,2,2,2,1,2
2,2,2,2,1,2
2,2,2,2,1,5
2,2,2,2,1,1
2,1,1,2,1,1
2,1,2,1,1,4
1,1,1,1,1,2
1,1,1,1,1,2
1,1,2,1,1,6
1,1,2,2,1,3
2,1,2,2,1,3
2,1,2,2,1,6
2,1,2,1,1,5
1,1,1,1,1,4
1,1,1,1,1,1
1,1,1,1,1,1
1,1,2,1,1,7
1,1,2,2,1,1
1,2,2,2,1,3
2,1,2,2,1,1
2,1,2,2,1,1
2,2,2,2,1,1
2,1,2,2,1,0
2,1,2,2,1,0
2,2,2,2,1,2
2,2,2,2,1,1
2,2,2,2,1,1
2,2,2,2,2,2
2,2,2,2,2,6
2,2,2,2,2,6
2,2,2,2,2,5
2,2,2,2,2,5
2,2,2,2,2,2
2,2,2,2,2,1
2,2,2,2,2,0
2,2,2,2,2,8
2,2,2,2,2,2
2,2,2,2,2,1
2,2,2,2,2,0
2,2,2,2,2,2
2,2,2,2,2,5
2,2,2,2,2,0
2,2,2,2,2,3
2,2,2,2,2,2
2,2,2,2,2,1
2,2,2,2,2,2
2,2,2,2,2,8
2,2,2,2,2,4
2,2,2,2,2,1
2,2,2,2,2,2
2,2,3,2,2,5
2,2,3,2,2,1
2,2,2,2,2,1
2,2,2,2,2,2
2,2,2,2,2,2
2,2,2,2,2,4
2,2,2,2,2,7
2,2,2,2,2,1
2,2,2,2,2,1
2,2,2,2,2,2
2,2,2,2,2,1
2,2,2,2,2,1
2,2,2,2,2,4
2,2,2,2,2,1
2,2,2,2,2,1
2,2,2,2,2,1
2,2,2,2,2,3
2,2,2,2,2,0
2,2,2,2,2,3
2,2,2,2,2,1
2,2,2,2,2,2
2,2,2,2,2,1
2,2,2,2,2,1
2,2,2,2,2,5
2,2,2,2,2,1
2,2,2,2,2,3
2,2,2,2,2,2
2,2,2,2,2,2
2,2,3,2,2,3
2,2,2,2,2,2
2,2,2,2,2,3
2,2,2,2,2,3
2,2,2,2,2,1
2,2,2,2,2,3
2,2,2,2,2,2
2,2,2,2,2,1
2,2,3,2,2,2
2,2,3,2,2,0
3,2,3,3,2,5
3,2,3,3,2,4
3,2,3,3,2,4
3,2,3,3,2,3
3,2,3,3,2,2
3,2,3,3,2,3
3,2,3,3,2,1
3,2,3,3,2,1
3,2,3,2,2,4
2,2,3,3,2,2
3,2,3,3,2,4
3,3,3,3,2,2
3,3,3,3,2,2
3,3,3,3,2,2
3,3,3,3,2,3
3,3,3,3,2,1
3,3,3,3,2,5
3,3,3,3,2,3
3,2,3,2,2,5
2,2,3,3,2,6
3,2,3,3,2,1
3,2,3,3,2,2
3,3,3,3,2,2
3,3,3,3,2,2
3,2,3,3,2,1
3,2,3,3,2,4
3,2,3,3,2,4
3,2,3,2,2,1
3,2,3,2,2,2
3,2,3,3,2,2
3,2,3,3,2,1
3,2,3,3,2,3
3,2,3,3,2,4
3,2,3,2,2,6
3,2,3,3,2,1
3,2,3,3,2,4
3,3,3,3,2,7
3,3,3,3,2,1
3,3,3,3,2,5
3,3,3,3,2,4
3,2,3,3,2,2
3,3,2,2,2,9
2,2,2,2,2,8
2,2,2,2,2,6
2,2,2,2,1,6
2,2,2,2,1,2
1,1,1,1,1,11
1,1,1,1,1,11
1,1,1,0,1,13
0,1,0,1,1,5
1,1,1,1,1,0
1,1,1,1,1,3
1,1,1,1,1,3
1,1,1,1,1,6
1,1,1,1,1,2
1,1,1,1,1,2
1,1,1,1,1,5
1,1,1,1,1,0
1,1,1,1,1,2
1,1,2,1,1,1
1,1,2,2,1,3
2,1,2,2,1,3
2,1,2,2,1,4
2,2,2,2,1,5
2,2,2,2,2,1
2,2,2,2,1,3
2,1,2,2,1,0
2,2,2,2,1,4
1,2,2,2,1,1
2,2,2,2,2,2
2,2,2,2,2,1
2,2,2,2,2,2
2,2,2,2,2,2
2,2,2,2,1,7
2,2,2,2,2,1
2,2,2,2,2,1
2,2,2,2,1,1
2,2,2,2,1,2
2,1,2,2,1,2
2,1,2,2,1,2
2,1,2,2,1,7
2,2,2,2,2,17
2,2,2,2,2,5
2,2,2,2,2,2
2,2,2,2,2,2
2,2,2,2,2,5
2,2,2,2,2,2
2,2,2,2,2,1
2,2,2,2,2,2
2,2,2,2,2,1
3,2,3,3,2,2
3,2,3,3,2,4
2,2,3,2,2,4
2,2,3,2,2,3
2,2,2,2,2,1
2,2,2,2,2,3
2,2,2,3,2,2
3,2,3,2,2,2
3,2,3,2,2,1
2,2,2,2,2,1
2,2,3,3,2,2
3,3,3,3,2,2
3,3,3,3,2,6
3,3,3,3,2,6
3,3,3,3,2,2
3,3,3,3,2,1
3,3,3,3,2,2
3,3,3,3,2,6
3,3,3,3,2,9
3,3,3,3,2,5
3,3,3,3,3,3
3,3,3,3,2,3
3,3,3,3,2,0
3,3,3,3,2,2
3,3,3,3,3,7
3,3,3,3,3,0
3,3,3,3,3,0
3,3,3,3,3,0
3,3,3,3,3,1
3,3,3,3,3,2
3,3,4,3,3,0
3,3,4,3,3,0
3,3,3,3,3,3
3,3,3,3,3,1
3,3,3,3,3,7
3,3,3,3,3,2
3,3,3,3,3,1
3,3,3,3,3,6
3,3,4,3,3,1
3,3,3,3,3,3
3,3,3,3,2,4
3,3,3,3,2,0
3,3,3,3,2,2
3,3,3,3,3,5
3,3,3,3,3,2
3,3,3,3,3,5
3,3,3,3,2,1
3,3,3,3,2,2
3,3,3,3,2,1
3,3,3,3,2,4
3,3,3,3,2,4
3,3,3,3,2,2
3,3,3,3,2,8
3,3,3,3,2,6
3,3,3,3,2,4
3,3,3,3,2,2
3,3,3,3,2,4
3,3,3,3,2,6
3,3,3,3,2,3
3,3,3,3,2,2
3,3,3,3,2,1
3,3,3,3,2,4
3,3,3,3,2,5
3,3,3,3,2,6
3,3,3,3,2,1
3,3,3,3,2,5
3,3,3,3,2,3
3,3,3,3,2,5
3,3,3,3,2,2
3,2,3,2,2,3
3,2,3,3,2,2
3,2,3,3,2,7
3,2,3,3,2,2
2,2,3,3,2,2
3,2,3,3,2,7
3,3,3,3,2,3
3,3,3,3,2,2
3,3,3,3,2,1
3,3,3,3,2,3
3,3,3,3,2,2
3,2,3,3,2,6
3,3,3,3,2,6
3,3,3,3,2,2
3,3,3,3,2,2
3,3,3,3,2,12
3,3,3,3,2,5
3,3,3,3,2,5
3,3,3,3,2,1
3,3,3,3,2,6
3,3,3,3,2,2
3,3,3,3,2,4
3,3,3,3,3,6
3,3,3,3,3,1
3,3,3,3,3,4
3,3,3,3,3,0
3,3,3,3,3,0
3,3,3,3,3,5
3,3,3,3,3,6
3,3,3,3,2,4
3,3,3,3,2,3
3,3,3,3,2,1
3,3,3,3,2,2
3,3,3,3,2,4
3,3,3,3,2,1
3,3,3,3,2,2
3,3,3,3,2,1
3,3,3,3,2,1
3,3,3,3,2,1
3,3,3,3,2,4
3,3,3,3,2,1
3,3,3,3,2,1
3,3,3,3,2,1
3,3,3,3,2,1
3,3,3,3,2,2
3,3,3,3,2,1
3,3,3,3,2,1
3,3,3,3,2,5
3,2,3,3,2,0
3,3,3,3,2,13
3,3,3,3,3,3
3,3,3,3,2,3
3,3,3,3,3,2
3,3,3,3,3,8
3,3,3,3,3,4
3,3,3,3,3,7
3,3,3,3,3,1
3,3,4,4,3,12
4,3,4,4,3,3
4,3,4,4,3,2
4,3,4,4,3,2
4,3,4,4,3,1
4,4,4,4,3,6
4,3,4,4,3,2
4,3,4,4,3,4
4,3,4,4,3,3
4,3,4,4,3,1
4,3,4,4,3,0
4,3,4,4,3,3
4,3,4,3,3,1
3,3,4,4,3,3
4,3,4,3,3,1
3,3,3,3,3,1
3,3,3,3,3,2
3,3,3,3,3,2
3,3,3,3,3,1
3,3,4,3,3,1
3,3,4,3,3,2
3,3,4,3,3,2
4,3,4,4,3,2
4,3,3,3,3,10
3,3,3,3,3,4
3,3,3,3,3,1
3,3,3,3,3,2
3,3,3,3,3,8
3,3,3,4,3,6
4,3,3,3,3,2
3,3,3,3,3,2
3,3,3,3,3,3
3,3,3,3,3,2
3,3,3,3,3,10
3,3,3,3,3,8
3,3,3,3,3,6
3,3,3,3,2,2
3,3,3,3,3,5
3,3,3,3,3,1
3,3,3,3,3,6
3,3,3,3,3,3
3,3,3,3,2,2
3,3,3,3,2,2
3,3,3,3,2,5
3,3,3,3,2,2
3,3,3,3,2,2
3,3,3,3,2,7
3,3,3,3,2,1
3,3,3,3,2,2
3,3,3,3,2,6
3,3,3,2,2,7
2,2,2,2,2,9
3,3,2,2,2,2
2,2,2,3,2,2
3,3,3,3,2,2
3,3,3,3,2,7
3,3,3,3,2,6
3,3,3,3,2,2
3,3,3,3,2,4
3,3,2,2,2,3
2,2,2,2,2,7
3,3,3,3,2,4
3,3,3,3,2,3
3,3,3,3,2,6
3,3,3,3,2,1
3,3,3,3,2,1
3,3,3,3,2,1
3,3,3,3,2,5
3,3,3,3,2,2
3,3,3,3,2,2
3,3,3,3,2,4
3,3,3,3,2,5
3,3,3,3,2,2
3,3,3,3,2,0
3,3,3,3,2,0
3,3,3,3,2,0
3,3,3,3,2,0
3,3,3,3,2,3
3,2,2,2,2,5
2,2,3,2,2,5
2,2,3,2,2,7
2,2,2,2,2,2
3,2,2,2,2,2
2,2,2,2,2,2
2,2,3,2,2,1
2,2,3,3,2,2
3,2,3,3,2,4
3,2,3,2,2,5
2,2,2,2,2,2
2,2,2,2,2,5
2,2,2,2,2,2
2,2,2,2,2,5
2,2,2,2,2,11
2,2,2,2,2,16
2,2,2,2,2,2
2,2,2,2,2,2
2,2,2,2,2,3
2,2,2,2,2,3
2,2,2,2,2,5
2,2,2,2,2,2
2,2,2,2,2,2
2,2,2,2,2,2
2,2,2,2,2,1
2,2,2,2,2,2
2,2,2,2,2,2
2,2,2,2,2,7
2,2,2,2,2,2
2,2,2,2,2,3
2,2,2,2,2,3
2,2,2,2,2,5
2,2,3,2,2,2
2,2,3,3,2,3
3,3,3,3,2,6
3,3,3,3,2,6
3,3,3,3,2,2
3,3,3,3,2,1
3,3,3,3,2,2
3,3,3,3,2,6
3,3,3,3,2,2
3,3,3,3,2,5
3,3,3,3,2,2
3,3,3,3,2,1
3,3,3,3,2,1
3,3,3,3,2,1
3,3,3,3,2,2
3,3,3,3,3,7
3,3,3,3,3,2
3,3,3,3,2,7
3,3,3,3,2,1
3,3,3,3,2,2
3,3,3,3,2,4
3,3,3,3,2,1
3,3,3,3,2,3
3,3,3,3,2,1
3,3,3,3,2,3
3,3,3,3,2,1
3,3,3,3,2,1
3,3,3,3,2,6
3,3,3,3,3,7
3,3,3,3,3,1
3,3,3,3,3,4
3,3,3,3,3,5
3,3,3,3,3,3
3,3,3,3,3,2
3,3,3,3,3,5
3,3,3,3,3,1
3,3,3,3,3,2
3,3,3,3,3,2
3,3,3,3,3,2
3,3,3,3,2,2
3,3,3,3,3,2
3,3,3,3,2,1
3,3,3,3,2,2
3,3,3,3,2,2
3,3,3,3,3,2
3,3,3,3,3,2
3,3,3,3,2,2
3,3,3,3,2,6
3,3,3,3,3,3
3,3,3,3,3,5
3,3,3,3,3,0
3,3,3,3,3,0
3,3,3,3,3,0
3,3,3,3,2,2
3,3,3,3,3,2
3,3,3,3,3,0
3,3,3,3,3,0
3,3,3,3,3,2
3,3,3,3,3,2
3,3,3,3,3,2
3,3,3,3,3,4
3,3,3,3,2,5
3,3,3,3,2,2
3,3,3,3,2,2
3,3,3,3,2,5
3,3,3,3,2,5
3,3,3,3,2,7
3,3,3,3,2,1
3,3,3,3,2,2
3,3,3,3,2,5
3,3,3,3,2,2
3,3,3,3,2,7
3,3,3,3,2,2
3,2,3,2,2,6
2,2,2,2,2,5
2,2,2,2,2,5
2,2,2,3,2,7
3,2,3,3,2,6
3,3,3,3,2,2
3,3,3,3,2,2
3,3,3,3,2,2
3,2,3,3,2,2
3,2,3,3,2,2
3,2,2,2,2,4
2,2,2,2,2,2
2,2,2,2,2,4
2,2,2,2,2,2
2,2,2,2,2,3
2,2,2,2,2,2
2,2,2,2,2,4
2,2,2,2,2,4
2,2,2,2,2,1
2,2,2,2,2,2
2,2,2,2,2,2
2,2,2,2,2,2
2,2,2,2,2,4
2,2,2,2,2,1
2,2,2,2,2,2
2,2,3,3,2,2
3,2,3,3,2,5
3,2,3,3,2,2
3,3,3,3,2,5
3,3,3,3,2,3
3,3,3,2,2,2
3,2,3,3,2,5
2,2,3,2,2,2
2,2,3,2,2,6
2,2,3,3,2,7
3,3,3,3,2,3
3,3,3,3,2,5
3,3,3,3,2,2
3,3,3,3,2,2
3,3,3,3,2,1
3,3,3,3,3,5
3,3,3,3,2,2
3,3,3,3,3,2
3,3,3,3,3,3
3,3,3,3,3,6
3,3,3,3,3,8
3,3,3,3,3,6
3,3,3,3,3,7
3,3,3,3,3,7
3,3,3,3,3,7
3,3,3,3,3,7
3,3,3,3,3,3
3,3,3,3,3,5
3,3,3,3,3,6
3,3,3,3,3,2
3,3,3,3,3,2
3,3,3,3,3,4
3,3,3,3,3,2
3,3,3,3,3,3
3,3,3,3,3,6
3,3,4,3,3,0
3,3,4,3,3,0
3,3,3,3,3,1
3,3,4,3,3,2
4,3,4,3,3,3
3,3,4,3,3,2
3,3,4,3,3,2
3,3,3,3,3,3
3,3,3,3,2,37
3,3,3,3,2,0
3,3,3,3,2,3
3,3,3,3,3,10
3,3,3,3,3,2
3,3,3,3,3,8
3,3,3,3,2,4
3,3,3,3,2,3
3,3,3,3,2,7
3,3,3,3,2,2
3,3,3,3,2,6
3,3,3,3,2,1
3,3,3,3,2,3
3,3,3,3,2,2
3,3,3,3,2,9
3,3,3,3,2,2
3,3,3,3,2,2
3,3,3,3,2,6
3,2,3,3,2,2
3,2,3,3,2,2
3,3,3,3,2,2
3,2,3,3,2,1
3,2,3,3,2,6
3,2,3,3,2,3
3,2,3,2,2,6
3,2,2,2,2,2
3,2,3,2,2,7
2,2,3,2,2,3
2,2,3,2,2,3
3,2,3,2,2,2
2,2,3,2,2,3
2,2,3,3,2,4
3,3,3,3,2,3
3,3,3,3,2,11
3,3,3,3,2,4
3,3,3,3,2,11
3,3,3,3,2,6
3,3,3,3,2,15
3,3,3,3,2,1
3,3,3,3,2,5
3,3,3,3,2,2
3,2,3,3,2,2
3,2,3,3,2,3
3,3,3,3,2,3
3,2,2,2,2,14
2,2,3,2,2,3
3,2,3,2,2,3
2,2,3,2,2,2
3,2,3,3,2,3
3,2,3,3,2,8
3,2,3,2,2,13
2,2,3,2,2,2
2,2,3,2,2,2
2,2,3,2,2,2
2,2,3,2,2,3
3,2,3,3,2,3
3,2,3,2,2,3
3,2,3,3,2,2
3,2,3,2,2,1
3,2,3,3,2,2
3,2,3,2,2,2
2,2,3,2,2,2
2,2,3,2,2,4
3,2,3,3,2,1
3,2,3,2,2,4
2,2,3,2,2,4
2,2,3,3,2,3
3,2,3,2,2,8
2,2,3,2,2,4
2,2,3,2,2,8
2,2,3,2,2,3
2,2,2,2,2,10
2,2,2,2,2,6
2,2,2,2,2,8
2,2,3,2,2,4
2,2,2,2,2,5
2,2,3,2,2,2
2,2,3,2,2,7
2,2,3,2,2,5
2,2,3,2,2,2
2,2,3,2,2,7
2,2,3,3,2,3
3,2,3,2,2,10
2,2,3,2,2,2
2,2,2,2,2,13
2,2,2,3,2,11
3,3,3,3,2,6
3,3,3,3,2,7
3,3,3,3,2,5
3,3,3,3,2,2
3,3,3,3,2,2
3,3,3,3,2,3
3,3,3,3,2,2
3,3,3,3,2,2
3,3,3,3,2,2
3,2,3,3,2,2
3,3,3,3,2,6
3,3,3,3,2,1
3,2,3,3,2,7
3,3,3,3,2,4
3,3,3,3,2,12
3,2,3,3,2,2
3,2,3,3,2,5
3,2,3,3,2,8
3,3,3,3,2,3
3,3,3,3,2,19
3,3,3,3,2,3
3,3,3,3,2,2
3,3,3,3,2,6
3,3,3,3,2,5
3,2,3,3,2,2
3,3,3,3,2,6
3,3,3,3,2,2
3,3,3,3,2,2
3,3,3,3,2,7
3,3,3,3,2,3
3,3,3,3,2,3
3,3,3,3,3,7
3,3,3,3,2,7
3,3,3,3,2,7
3,3,3,3,3,8
3,3,3,3,3,6
3,3,3,3,2,5
3,3,3,3,3,4
3,3,3,3,3,4
3,3,3,3,3,5
3,3,3,3,3,5
3,3,3,3,2,6
3,3,3,3,3,2
3,3,3,3,3,2
3,3,3,3,3,5
3,3,3,3,2,3
3,3,3,3,3,2
3,3,3,3,3,7
3,3,3,3,3,10
3,3,3,3,3,10
3,3,3,3,3,7
3,3,3,3,3,12
3,3,3,3,3,3
3,3,3,3,3,6
3,3,3,3,3,4
3,3,3,3,3,7
3,3,3,3,3,7
3,3,3,3,3,2
3,3,3,3,3,6
3,3,3,3,3,10
3,3,3,3,3,8
3,3,3,3,3,7
3,3,3,3,3,6
3,3,3,3,3,14
4,3,4,3,3,11
3,3,4,3,3,5
3,3,4,3,3,9
4,3,4,4,3,10
4,3,4,4,3,6
4,3,4,4,3,6
4,3,4,4,3,6
4,3,4,3,3,6
3,3,4,3,3,4
3,3,4,3,3,5
3,3,4,3,3,8
3,3,4,3,3,8
4,3,4,4,3,10
4,3,4,4,3,8
4,3,4,4,3,8
4,3,4,4,3,5
4,3,4,4,3,9
4,3,4,4,3,10
4,3,4,4,3,5
4,4,4,4,3,4
4,4,4,4,3,0
4,4,4,4,3,0
4,4,4,4,3,0
4,4,4,4,3,4
4,4,4,4,3,2
4,4,4,4,3,0
4,4,4,4,3,0
4,4,4,4,3,8
4,4,4,4,3,13
4,4,4,4,3,9
4,4,4,4,3,9
4,4,4,4,3,10
4,4,4,4,3,5
4,4,4,4,3,2
4,4,4,4,3,8
4,4,4,4,3,8
4,4,4,4,3,7
4,4,4,4,3,8
4,4,4,4,3,5
4,4,4,4,3,6
4,4,4,4,3,8
4,4,4,4,3,8
4,4,4,4,3,8
4,4,4,4,3,6
4,4,4,4,3,6
4,4,4,4,3,6
4,4,4,4,3,14
4,4,4,4,3,13
4,4,4,4,3,7
4,4,4,4,3,6
4,4,4,4,3,5
4,4,4,4,3,4
4,4,4,4,3,1
4,4,4,4,3,3
4,4,4,4,3,4
4,4,4,4,3,5
4,4,4,4,3,5
4,4,4,4,3,7
4,4,4,4,3,3
4,4,4,4,3,5
4,4,4,4,3,5
4,4,4,4,3,6
4,4,4,4,3,7
4,4,4,4,3,4
4,4,4,4,3,7
4,4,4,4,3,7
4,4,4,4,3,15
4,4,4,4,3,14
4,4,4,4,3,6
4,4,4,4,3,6
4,4,4,4,3,6
4,4,4,4,3,5
4,4,4,4,3,10
4,4,4,4,3,5
4,4,4,4,3,8
4,4,4,4,3,8
4,4,4,4,3,11
4,4,4,4,3,6
4,4,4,4,3,12
4,4,4,4,3,6
4,4,4,4,3,8
4,4,4,4,3,11
4,4,4,4,3,18
4,4,4,4,3,9
4,4,4,4,3,6
4,4,4,4,3,9
4,4,4,4,3,8
4,4,4,4,3,5
4,4,4,4,3,5
4,4,4,4,3,5
4,4,4,4,3,4
4,4,4,4,3,7
4,4,4,4,4,8
4,4,5,4,4,9
4,4,5,4,4,4
4,4,5,5,4,10
5,4,5,4,4,9
4,4,5,4,4,0
4,4,5,4,4,0
5,4,5,4,4,7
5,4,5,4,4,7
5,4,5,5,4,11
5,4,5,5,4,6
5,4,5,5,4,5
5,4,5,5,4,6
5,4,5,5,4,5
5,4,5,5,4,8
5,4,5,4,4,12
5,4,5,5,4,8
5,4,5,4,4,8
5,4,5,4,4,12
4,4,5,4,4,7
4,4,4,4,3,4
4,4,4,4,4,3
4,4,4,4,4,8
5,4,5,5,4,15
5,4,5,4,4,3
5,4,4,4,3,15
4,4,4,4,3,14
4,4,4,4,3,8
4,4,4,4,3,7
4,4,4,4,3,7
4,4,4,4,3,6
4,4,4,4,3,7
4,4,4,4,3,6
4,4,4,4,3,7
4,4,4,4,3,3
4,4,4,4,3,6
4,4,4,4,3,6
4,4,4,4,3,4
4,4,4,4,3,6
4,4,4,4,4,8
4,4,5,4,4,8
4,4,5,4,4,1
4,4,5,4,4,6
4,4,5,4,4,7
4,4,5,4,4,5
5,4,5,4,4,4
5,4,5,5,4,6
5,4,5,4,4,10
5,4,5,4,4,4
4,4,5,4,4,4
5,4,5,4,4,3
4,4,5,4,4,4
4,4,5,4,4,5
4,4,5,4,4,8
5,4,5,4,4,8
5,4,5,4,4,9
5,4,5,4,4,4
5,4,5,4,4,6
4,4,5,4,4,5
4,4,5,4,4,9
5,4,5,4,4,8
5,4,5,5,4,5
5,4,5,4,4,6
5,4,5,4,4,7
5,4,5,4,4,8
5,4,5,4,4,4
5,4,5,4,4,2
4,4,5,4,4,5
4,4,5,4,4,7
4,4,5,4,4,6
4,4,5,4,4,6
4,4,5,4,4,3
5,4,5,4,4,5
4,4,5,4,4,6
5,4,5,4,4,8
5,4,5,4,4,7
4,4,5,4,4,4
4,4,4,4,4,5
4,4,5,4,4,6
4,4,4,4,3,7
4,4,4,4,3,6
4,4,4,4,3,5
4,4,4,4,4,7
4,4,4,4,4,6
4,4,4,4,4,8
5,4,4,4,4,10
5,4,5,4,4,5
5,4,5,5,4,9
5,5,5,5,4,24
5,5,5,5,4,19
5,5,5,5,4,10
5,5,5,5,4,8
5,5,5,5,4,8
5,5,5,5,4,8
5,5,5,5,4,10
5,5,5,5,4,9
5,5,5,5,4,7
5,5,5,5,4,7
5,5,5,5,4,6
5,5,5,5,4,9
5,5,5,5,4,7
5,5,5,5,4,6
5,5,5,5,4,9
5,5,5,5,4,4
5,5,5,5,4,6
5,5,5,5,4,9
5,5,5,5,4,13
5,5,5,5,4,8
5,5,5,5,4,4
5,5,5,5,4,5
5,5,5,5,4,6
5,5,5,5,4,5
5,5,5,5,4,10
5,5,5,5,4,11
5,5,5,5,4,7
5,5,5,5,4,7
5,5,5,5,4,7
5,5,6,5,4,5
5,5,5,5,4,10
5,5,5,5,4,6
5,5,6,5,4,13
6,5,6,5,4,7
6,5,6,6,5,6
6,5,6,6,5,10
6,5,6,6,5,8
6,5,6,6,5,7
6,5,6,6,5,5
6,5,6,6,5,5
6,5,6,6,5,7
6,5,6,5,4,7
6,6,6,6,5,8
6,6,6,6,5,11
6,6,6,6,5,14
6,6,6,6,5,7
6,6,6,6,5,8
6,6,6,6,5,8
6,6,6,6,5,5
6,6,6,6,5,6
6,6,6,6,5,9
6,6,6,6,5,6
6,5,6,6,5,7
6,5,6,6,5,8
6,6,6,6,5,5
6,5,6,6,5,5
6,5,6,5,5,6
6,5,6,5,4,9
5,5,5,5,4,11
5,5,6,5,4,7
6,5,6,6,5,7
6,6,6,5,4,16
6,5,5,5,4,12
5,5,6,5,4,8
6,5,6,6,5,18
6,5,6,5,4,29
6,5,6,5,4,14
6,5,6,5,4,11
6,5,6,5,4,6
6,5,6,5,4,6
6,5,6,6,5,6
6,6,6,6,5,10
6,6,6,6,5,7
6,6,6,6,5,7
6,6,6,6,5,9
6,6,6,6,5,10
6,6,6,6,5,3
6,6,6,6,5,3
6,6,6,6,5,5
6,6,6,6,5,4
6,6,6,6,5,4
6,6,6,6,5,3
6,6,6,6,5,2
6,6,6,6,5,4
6,6,6,6,5,4
6,6,6,6,5,5
6,6,6,6,5,5
6,6,6,6,5,4
6,6,6,6,5,5
6,6,6,6,5,4
6,6,6,6,5,5
6,6,6,6,5,9
6,6,6,6,5,6
6,6,6,6,5,8
6,6,6,6,5,6
6,6,6,6,5,5
6,6,6,6,5,8
6,6,6,6,5,20
6,6,6,6,5,8
6,6,6,6,5,6
6,6,6,6,5,4
6,6,6,6,5,3
6,6,6,6,5,0
6,6,6,6,5,3
6,6,6,6,5,2
6,6,6,6,5,2
6,6,6,6,5,2
6,6,6,6,5,0
6,6,6,6,5,5
6,6,6,6,5,4
6,6,6,6,5,5
6,6,6,6,5,5
6,6,6,6,5,7
6,6,6,6,5,4
6,6,6,6,5,8
6,6,6,6,5,11
6,6,6,6,5,7
6,6,6,6,5,10
6,6,6,6,5,8
6,6,6,6,5,5
6,6,6,6,5,5
6,6,6,6,5,4
6,6,6,6,5,5
6,6,6,6,5,7
6,6,6,6,5,7
6,6,6,6,5,7
6,6,6,6,5,17
6,6,6,6,5,9
6,6,6,6,5,8
6,6,6,6,5,7
6,6,6,6,5,6
6,6,6,6,5,5
6,6,6,6,5,8
6,6,6,6,5,12
6,6,6,6,5,6
6,6,6,6,5,13
6,5,6,5,4,19
6,5,6,6,5,13
6,5,6,6,5,7
6,5,6,6,5,8
6,5,6,6,5,8
6,5,6,6,5,6
6,6,6,6,5,9
6,6,6,6,5,5
6,6,6,6,5,6
6,5,6,5,5,6
6,5,6,5,4,6
6,5,6,5,4,7
6,5,6,6,5,6
6,5,6,6,5,7
6,5,6,6,5,4
6,5,6,6,5,5
6,5,6,6,5,6
6,5,6,5,4,7
6,5,6,5,4,9
6,6,6,6,5,37
6,6,6,6,5,14
6,6,6,6,5,6
6,6,6,6,5,6
6,6,6,6,5,9
6,6,6,6,5,7
6,6,6,6,5,4
6,6,6,6,5,7
6,6,6,6,5,3
6,6,6,6,5,7
6,6,6,6,5,5
6,6,6,6,5,6
6,6,7,6,5,0
6,6,7,6,5,0
6,6,6,6,5,5
6,6,6,6,5,4
6,6,6,6,5,7
6,6,7,6,5,5
6,6,7,6,5,5
6,6,7,6,5,5
7,6,7,6,5,6
7,6,7,6,5,4
7,6,7,6,5,4
7,6,7,6,5,4
7,6,7,6,5,4
7,6,7,6,5,6
6,6,7,6,5,7
7,6,7,6,5,5
6,6,6,6,5,7
6,6,6,6,5,5
6,6,6,6,5,6
6,6,6,6,5,6
6,6,6,6,5,2
6,6,6,6,5,6
6,6,6,6,5,6
6,6,6,6,5,8
6,6,6,6,5,6
6,6,6,6,5,8
6,7,7,7,6,26
7,7,7,7,6,13
7,7,7,7,6,10
7,7,7,7,6,5
7,7,7,7,6,7
7,7,7,7,6,5
7,7,7,7,6,6
7,7,7,7,5,9
7,7,7,7,5,7
7,7,7,7,6,6
7,7,7,7,6,3
7,7,7,7,5,6
7,7,7,7,6,9
7,7,7,7,6,15
7,7,7,7,6,7
7,7,8,7,6,8
8,7,8,7,6,6
7,7,7,7,6,5
7,7,7,7,6,3
7,7,7,7,6,5
7,7,7,7,6,2
7,7,8,7,6,5
7,7,8,7,6,5
8,7,8,7,6,5
8,7,8,7,6,5
7,7,7,7,6,6
7,7,8,7,6,4
7,7,8,7,6,3
7,7,8,7,6,5
8,7,8,8,6,9
8,7,8,8,6,5
8,7,8,8,6,4
8,7,8,8,6,6
8,7,8,8,6,3
8,7,8,8,6,9
8,7,8,8,6,5
8,8,8,8,6,5
8,8,8,8,6,6
8,8,8,8,6,5
8,8,8,8,6,5
8,7,8,7,6,9
8,7,8,8,6,7
8,7,8,8,6,5
8,7,8,7,6,4
8,8,8,8,6,6
8,8,8,8,6,3
8,8,8,8,6,4
8,8,8,8,6,3
8,7,8,7,6,13
8,7,8,8,6,4
8,7,8,8,6,7
8,8,8,8,6,6
8,8,8,8,6,6
8,8,8,8,7,9
8,8,8,8,7,7
8,8,8,8,7,4
8,8,8,8,7,6
8,8,8,8,7,6
8,8,9,8,7,8
9,8,9,8,7,8
8,8,8,8,7,5
8,8,9,8,7,5
8,8,8,8,7,7
9,8,9,8,7,5
9,8,9,8,7,7
9,8,9,8,7,5
9,8,9,8,7,9
8,9,8,9,7,99
9,9,9,9,7,33
9,9,9,9,7,13
9,9,9,8,7,18
9,8,9,8,7,10
9,9,9,8,7,10
9,8,9,8,7,7
9,8,9,8,7,6
9,8,9,8,7,4
9,8,9,8,7,7
8,8,8,8,7,9
8,8,8,8,7,10
8,8,9,8,7,7
8,8,8,8,6,11
8,8,8,8,6,17
8,8,8,8,7,6
8,8,8,8,7,6
8,8,8,8,6,5
8,8,8,8,6,6
8,8,8,8,6,6
8,8,8,8,6,13
8,8,8,8,7,10
8,8,8,8,6,10
8,8,8,8,7,4
8,8,8,8,7,7
8,8,8,8,6,11
8,8,8,8,6,6
8,8,8,8,7,5
8,8,8,8,7,4
8,8,8,8,6,7
8,8,8,8,6,6
8,8,8,8,6,8
8,8,8,8,6,12
8,8,8,8,6,13
8,8,8,8,6,8
8,8,8,8,6,9
8,8,8,8,6,4
8,8,8,8,6,5
8,8,8,8,6,5
8,8,8,8,6,5
8,8,8,8,6,10
8,8,8,8,7,6
8,8,8,8,6,5
8,8,8,8,6,4
8,8,8,8,7,13
8,8,8,8,7,7
8,8,9,8,7,13
8,8,9,8,7,13
9,8,9,9,7,8
9,8,9,9,7,10
9,8,9,8,7,10
9,8,9,8,7,14
9,8,9,9,7,10
9,8,9,8,7,7
9,8,9,8,7,6
8,8,8,8,7,11
8,8,8,8,7,8
8,8,8,8,7,6
8,8,8,8,6,28
8,8,8,8,6,20
8,8,8,8,6,12
8,7,8,7,6,17
7,7,7,7,6,15
8,7,8,8,6,13
8,7,8,8,6,9
8,8,8,8,6,12
8,8,8,8,6,30
8,8,8,8,7,34
8,8,8,8,7,11
8,8,8,8,7,6
8,8,8,8,7,9
8,8,9,8,7,13
9,8,9,8,7,5
9,8,9,8,7,5
8,8,8,8,7,9
8,8,8,8,7,13
8,8,8,8,7,7
8,8,8,8,7,8
8,8,8,8,7,5
8,8,9,8,7,6
8,8,8,8,7,6
8,8,9,8,7,4
8,8,9,8,7,5
8,8,9,8,7,6
8,8,8,8,7,5
8,8,9,8,7,8
9,8,9,8,7,9
9,8,9,9,7,6
9,8,9,9,7,7
9,9,9,9,7,7
9,8,9,9,7,5
9,9,9,9,7,16
9,9,9,9,7,6
9,9,9,9,7,6
9,9,9,9,7,6
9,9,9,9,7,7
9,9,9,9,7,5
9,9,9,9,7,13
9,9,9,9,7,6
9,9,9,9,8,7
9,9,9,9,7,10
9,9,10,9,8,4
10,9,10,9,7,3
10,9,10,9,7,0
10,9,10,9,8,3
10,9,10,9,8,4
10,9,10,9,7,4
10,9,10,9,7,4
10,9,10,9,8,5
10,10,10,10,8,11
10,10,10,10,8,11
10,10,10,10,8,7
10,10,10,10,8,6
10,10,10,10,8,8
10,9,10,10,8,7
10,9,10,9,8,6
10,9,10,10,8,4
10,9,10,9,8,8
10,9,10,10,8,3
10,9,10,10,8,10
10,9,10,9,8,11
10,10,10,10,8,6
10,9,10,10,8,9
10,10,10,10,8,6
10,10,10,10,8,6
10,10,10,10,8,8
10,9,10,10,8,9
10,10,10,10,8,12
10,10,10,10,8,10
11,10,11,10,8,9
10,10,11,10,8,12
10,10,11,10,8,13
11,10,10,10,8,9
10,10,10,10,8,9
10,10,10,10,8,8
10,10,10,10,8,12
10,10,10,10,8,6
10,10,10,10,8,14
10,10,10,10,8,8
10,10,10,10,8,6
10,10,10,10,8,7
10,10,10,10,8,4
10,10,10,10,8,12
10,10,10,10,8,10
10,10,10,10,8,9
10,10,10,10,8,10
10,10,10,10,8,8
10,10,10,10,8,6
10,10,10,10,8,6
10,10,10,9,8,12
10,9,10,10,8,12
10,9,9,9,7,67
9,9,9,9,7,33
9,9,10,9,7,13
9,9,9,9,7,11
9,9,9,9,7,10
9,9,9,9,7,7
9,9,9,9,7,5
9,9,9,9,7,7
9,9,9,9,7,9
9,9,9,9,7,13
9,9,9,9,7,11
9,9,9,9,7,32
9,9,10,9,8,17
10,9,10,9,8,11
10,9,10,9,8,13
10,9,10,10,8,12
10,9,10,10,8,8
10,10,10,10,8,9
10,10,10,9,8,10
10,9,10,9,8,6
10,9,10,9,8,7
10,9,10,9,8,5
10,10,10,10,8,12
10,10,10,10,8,7
10,10,10,10,8,9
10,10,10,10,8,10
10,10,10,10,8,10
10,10,10,10,8,6
10,10,10,10,8,31
10,10,10,10,8,20
10,10,10,10,8,6
10,10,10,10,8,8
10,10,10,10,8,7
10,10,10,10,8,8
10,10,10,10,8,9
10,10,10,10,8,4
10,10,10,10,8,5
10,10,10,10,8,5
10,10,10,10,8,6
10,10,10,10,8,7
10,10,10,10,8,5
10,10,10,10,8,7
10,9,10,10,8,7
10,9,10,9,8,19
10,10,10,10,8,18
10,10,10,10,8,29
10,10,10,10,8,13
10,10,10,10,8,8
10,10,10,10,8,10
10,10,10,9,8,13
10,9,10,9,8,9
10,9,9,9,7,14
9,9,9,9,7,18
9,9,9,9,7,10
9,9,9,8,7,16
9,9,9,9,7,15
9,9,9,9,7,10
9,9,9,9,7,5
9,9,9,9,7,7
9,9,9,9,7,3
9,9,9,9,7,8
9,9,9,9,7,11
9,9,9,9,7,5
9,9,9,9,7,8
9,9,9,9,7,5
9,9,9,8,7,2
9,8,9,8,7,4
8,8,8,8,7,4
8,8,8,8,7,3
8,8,8,8,7,2
8,8,8,8,6,4
8,8,8,8,6,3
8,8,8,8,6,0
8,8,8,8,6,0
8,8,8,8,7,2
8,8,8,8,7,2
8,8,8,8,7,2
9,8,9,8,7,2
8,8,9,8,7,2
9,8,8,8,7,2
8,8,8,8,7,2
8,8,8,8,6,3
8,8,8,8,7,3
9,8,9,8,7,2
9,9,9,9,7,2
9,9,9,8,7,2
9,8,9,8,7,2
9,8,9,8,7,2
9,8,9,8,7,1
9,8,9,8,7,2
8,8,9,8,7,2
9,8,9,8,7,2
8,8,8,8,7,2
8,8,8,8,6,2
8,8,8,8,6,3
8,8,8,8,6,2
8,8,8,8,7,3
8,8,8,8,7,3
8,8,8,8,7,3
8,8,8,8,7,2
8,8,8,8,7,2
8,8,8,8,7,2
8,8,8,8,7,2
8,8,8,8,7,2
9,8,8,8,7,2
8,8,8,8,7,2
8,8,8,8,7,2
8,8,8,8,6,3
8,8,8,8,7,2
8,8,8,8,6,2
8,8,8,8,6,3
8,8,8,8,7,5
8,8,8,8,7,3
8,8,8,8,7,2
8,8,8,8,7,2
8,8,9,8,7,3
9,9,9,9,7,4
9,8,9,8,7,2
9,8,9,8,7,3
9,8,9,8,7,2
9,8,9,8,7,2
9,8,9,8,7,2
9,8,9,8,7,1
9,8,9,8,7,2
9,8,9,8,7,1
9,8,9,8,7,2
9,8,9,8,7,2
9,8,9,8,7,2
9,8,9,8,7,2
9,8,9,8,7,2
9,8,8,8,7,2
8,8,8,8,7,3
8,8,8,8,7,2
8,8,8,8,7,3
8,8,8,8,7,2
8,8,8,8,7,2
8,8,8,8,7,2
8,8,8,8,7,2
8,8,8,8,7,4
8,8,8,8,6,3
8,8,8,8,6,3
8,8,8,8,6,2
8,8,8,8,7,4
8,8,8,8,7,4
8,8,8,8,7,2
8,8,8,8,7,4
8,8,8,8,7,3
8,8,8,8,7,2
8,8,9,8,7,2
9,8,9,8,7,2
8,8,8,8,7,2
8,8,9,8,7,2
9,8,9,8,7,3
9,8,9,8,7,2
9,8,9,8,7,2
9,8,9,8,7,2
9,8,9,8,7,2
9,8,9,8,7,2
9,8,9,8,7,2
9,8,9,8,7,2
9,8,9,8,7,2
9,9,9,9,7,3
9,9,9,9,7,4
9,9,9,9,7,4
9,9,9,9,7,2
9,9,9,9,7,2
9,9,9,9,7,2
9,9,9,9,7,2
9,9,9,9,7,2
9,9,9,9,7,2
9,9,9,9,7,2
9,9,9,9,7,3
9,9,9,9,7,2
9,9,9,9,7,2
9,9,10,9,8,3
9,9,10,10,8,4
10,9,10,9,8,3
8,9,8,9,7,19
9,8,8,8,7,10
9,8,9,8,7,4
9,8,9,8,7,4
9,8,9,8,7,3
9,8,9,8,7,3
9,8,9,8,7,4
9,8,9,8,7,2
9,8,9,8,7,2
9,8,9,8,7,2
9,8,9,8,7,2
9,8,9,8,7,2
9,8,9,8,7,3
8,8,9,8,7,3
9,8,9,8,7,2
9,8,9,8,7,2
9,8,8,8,7,3
8,8,8,8,7,3
8,8,8,8,7,3
8,8,8,8,7,2
8,8,8,8,7,4
9,8,9,8,7,3
9,8,9,8,7,3
9,8,9,8,7,3
9,8,9,9,7,3
9,8,9,9,7,2
9,8,9,9,7,4
9,8,9,8,7,2
9,8,9,8,7,2
9,8,9,9,7,2
9,8,9,8,7,2
9,8,9,8,7,2
9,8,9,8,7,1
9,8,9,8,7,1
9,8,9,8,7,1
9,8,9,9,7,1
9,8,9,9,7,2
9,8,9,8,7,2
9,8,9,8,7,2
9,8,9,8,7,2
9,8,9,8,7,4
8,8,8,8,7,3
8,8,9,8,7,3
8,8,9,8,7,2
9,8,9,8,7,2
9,8,9,8,7,2
9,8,9,8,7,2
9,9,9,9,7,4
9,9,9,9,7,4
9,9,9,9,7,2
9,9,9,9,7,3
9,8,9,8,7,4
9,8,9,8,7,4
8,8,9,8,7,3
8,8,8,8,7,4
8,8,8,8,7,3
8,8,9,8,7,3
8,8,9,8,7,2
9,8,9,8,7,3
9,8,9,9,7,5
9,9,9,9,7,4
9,9,9,9,7,3
9,8,9,9,7,3
9,9,9,9,7,2
9,8,9,8,7,2
9,8,9,9,7,2
9,8,9,9,7,2
9,9,9,9,7,2
9,8,9,9,7,2
9,8,9,9,7,1
9,8,9,8,7,3
9,8,9,8,7,2
9,8,9,8,7,2
9,8,9,9,7,3
9,8,9,9,7,3
9,8,9,8,7,3
8,8,9,8,7,5
9,8,8,8,7,3
8,8,8,8,7,3
8,8,8,8,6,6
8,8,8,8,6,4
8,8,8,8,6,7
8,8,8,8,7,5
8,8,8,8,7,5
9,8,9,8,7,4
8,8,8,8,7,3
8,8,8,8,7,5
8,8,8,8,7,3
8,8,8,8,7,5
9,8,9,8,7,4
9,9,9,9,7,6
9,9,9,9,7,3
9,9,9,9,7,3
9,9,9,9,7,6
9,9,9,9,7,5
10,9,10,9,8,7
10,9,10,9,8,4
10,9,10,9,8,2
10,9,10,9,8,3
10,9,10,10,8,2
10,9,10,10,8,3
10,10,10,10,8,3
10,10,10,10,8,2
10,10,10,10,8,5
10,10,10,10,8,7
10,10,10,10,8,3
10,10,10,10,8,3
10,10,11,10,8,4
11,11,11,11,9,9
12,11,11,11,9,18
11,11,11,11,9,3
11,10,11,10,8,4
11,10,11,10,8,4
11,10,11,10,8,4
11,10,11,10,8,3
11,10,11,10,8,3
11,10,11,10,8,3
11,10,11,10,8,2
11,10,10,10,8,5
10,10,10,10,8,3
10,10,10,10,8,3
10,10,10,10,8,3
11,11,11,11,9,12
11,11,11,11,9,8
11,11,11,11,9,4
11,10,11,11,9,3
11,11,11,11,9,3
11,11,11,11,9,4
11,11,11,11,9,3
11,11,11,11,9,1
11,11,11,11,9,4
11,11,11,11,9,3
11,11,11,11,9,2
11,11,11,11,9,4
11,11,11,11,9,2
11,11,11,11,9,3
11,11,11,11,9,3
11,11,12,11,9,3
12,11,12,11,9,4
12,11,12,11,9,3
12,11,12,11,9,2
12,11,11,11,9,4
11,11,11,11,9,4
11,11,11,11,9,3
11,11,11,11,9,3
11,11,11,11,9,3
11,11,11,11,9,3
11,10,11,10,9,3
11,11,11,11,9,3
11,11,11,11,9,7
11,11,11,11,9,2
11,11,11,11,9,3
11,11,11,11,9,2
11,11,11,11,9,2
11,11,11,11,9,2
11,11,11,11,9,3
11,11,11,11,9,2
11,11,11,11,9,3
11,11,11,11,9,2
11,11,11,11,9,3
12,11,12,11,9,2
12,12,12,12,9,4
12,11,12,12,9,2
12,11,12,11,9,3
12,11,12,12,9,2
12,11,12,11,9,2
12,11,11,11,9,3
11,11,11,11,9,2
11,11,12,11,9,2
12,11,12,11,9,2
12,11,11,11,9,3
11,11,11,11,9,3
11,11,11,11,9,2
11,11,11,11,9,2
11,11,11,11,9,2
11,11,11,11,9,2
11,11,11,11,9,2
11,11,11,10,9,3
11,10,11,10,9,4
10,10,10,10,8,3
11,10,11,11,9,3
11,11,11,11,9,4
11,10,11,10,8,5
11,10,10,10,8,4
10,10,10,10,8,3
10,10,10,10,8,3
10,10,10,10,8,2
11,11,11,10,8,5
10,10,10,10,8,4
10,10,10,10,8,5
10,10,10,10,8,3
10,10,10,10,8,2
10,10,10,10,8,2
10,10,10,10,8,4
10,10,10,10,8,4
10,10,10,10,8,2
10,10,10,10,8,3
10,10,10,10,8,2
10,10,10,10,8,3
10,10,10,10,8,1
10,10,10,10,8,1
10,10,10,10,8,2
10,10,10,10,8,2
10,10,10,10,8,2
10,10,10,10,8,2
10,10,11,10,8,1
10,10,11,10,8,2
10,10,11,10,8,2
11,10,10,10,8,3
10,10,10,10,8,2
10,10,10,10,8,1
10,10,10,10,8,1
10,10,10,10,8,1
10,10,10,10,8,2
10,10,10,10,8,2
10,10,10,10,8,2
10,10,10,10,8,3
11,11,11,11,9,3
11,11,11,11,9,2
11,11,11,11,9,5
11,11,11,11,9,2
11,11,11,11,9,2
11,11,11,11,9,1
11,11,11,11,9,2
11,11,11,11,9,3
11,11,11,11,9,1
11,11,11,11,9,2
11,11,11,11,9,1
11,11,11,11,9,2
11,11,11,11,9,2
11,11,11,10,8,5
11,10,11,10,9,2
11,11,11,11,9,2
11,11,11,10,9,2
11,10,11,10,9,2
11,10,11,10,9,2
11,10,11,10,9,2
11,10,11,10,9,2
11,10,11,10,9,2
11,10,11,10,9,2
11,10,11,10,8,2
11,10,11,10,9,3
11,10,11,10,8,2
11,10,11,11,9,3
11,11,11,11,9,2
11,11,11,11,9,1
11,11,11,11,9,2
11,11,11,11,9,2
11,11,11,11,9,2
11,11,11,11,9,3
11,11,11,11,9,2
11,11,11,11,9,2
11,11,11,11,9,2
11,12,12,12,9,8
12,12,12,12,10,3
12,12,12,12,10,2
12,12,12,12,10,3
12,12,12,12,10,3
12,12,12,11,9,3
11,11,12,11,9,3
12,11,11,11,9,3
11,11,11,11,9,2
11,11,11,11,9,3
11,11,11,11,9,2
11,11,11,11,9,2
11,11,11,11,9,2
11,11,11,11,9,2
11,11,11,11,9,2
11,11,11,11,9,2
11,11,11,11,9,2
11,11,11,11,9,4
11,11,11,11,9,2
11,11,11,11,9,2
11,11,11,11,9,4
11,11,11,11,9,2
11,11,11,11,9,2
12,11,12,11,9,2
12,11,12,11,9,2
12,11,12,11,9,2
12,11,12,11,9,2
12,11,12,11,9,2
12,11,12,11,9,3
12,11,12,12,9,2
12,12,12,12,10,3
12,12,12,12,10,5
12,12,12,12,10,2
13,12,13,13,10,2
13,13,13,12,10,3
13,12,13,12,10,2
13,12,13,12,10,3
13,12,13,12,10,2
12,12,12,12,10,3
12,11,12,11,9,4
12,11,11,11,9,3
11,11,11,11,9,4
11,11,11,11,9,2
11,10,11,10,8,5
10,9,9,9,8,9
10,10,10,9,8,4
10,10,10,10,8,5
10,9,9,9,7,5
9,9,9,9,8,6
10,9,9,9,7,4
9,9,9,10,8,5
10,10,10,10,8,3
10,9,10,9,8,3
10,10,10,10,8,3
10,10,10,10,8,4
10,10,10,10,8,3
10,10,11,10,8,3
11,10,11,10,8,2
11,10,10,10,8,4
10,10,10,10,8,2
10,10,10,10,8,3
10,10,10,10,8,2
10,10,10,10,8,2
10,10,10,10,8,2
10,10,10,10,8,2
11,10,11,10,8,2
11,10,11,10,8,3
11,10,11,10,9,2
11,10,11,10,9,2
11,10,10,10,8,2
10,10,10,10,8,2
10,10,10,10,8,2
10,10,11,10,9,2
11,10,11,10,8,2
11,10,10,10,8,2
10,10,10,10,8,2
10,10,10,10,8,2
10,10,10,10,8,2
10,10,10,10,8,3
10,10,10,10,8,5
10,9,10,9,8,3
9,9,9,9,8,4
9,9,9,9,8,3
10,9,10,9,8,2
10,10,10,10,8,3
10,9,10,9,8,2
9,9,10,9,8,2
9,9,9,9,7,4
9,9,9,9,7,3
9,9,9,9,7,3
9,9,9,9,7,5
10,10,10,10,8,4
10,9,10,10,8,2
10,10,10,10,8,2
10,10,10,10,8,2
10,10,10,10,8,2
10,10,10,10,8,2
10,10,10,10,8,2
10,10,10,10,8,2
10,10,10,10,8,1
10,10,10,10,8,2
10,10,10,10,8,2
10,10,10,10,8,2
10,9,10,9,8,2
10,9,10,9,8,2
9,9,10,9,8,1
10,9,10,9,8,2
10,9,10,10,8,2
10,10,10,9,8,2
10,10,10,10,8,2
10,10,10,10,8,1
10,9,10,9,8,2
10,9,10,10,8,2
10,10,10,10,8,2
10,10,10,10,8,2
10,10,10,10,8,2
10,10,10,9,8,3
10,9,10,9,8,3
10,10,10,9,8,4
10,9,10,9,8,2
10,10,10,10,8,5
10,10,10,10,8,2
11,10,11,10,9,4
11,10,11,11,9,3
11,11,11,11,9,1
11,11,11,11,9,2
11,11,11,11,9,1
11,11,11,11,9,2
11,11,11,11,9,4
12,11,12,11,9,2
11,11,11,11,9,2
11,11,11,11,9,2
11,11,11,11,9,2
11,11,11,11,9,2
11,11,11,11,9,1
11,11,11,11,9,2
11,11,11,11,9,3
11,11,11,11,9,1
11,11,11,11,9,2
11,11,11,11,9,2
11,11,11,11,9,1
11,11,11,11,9,2
11,11,11,11,9,2
11,11,11,11,9,3
11,11,11,11,9,2
11,10,11,10,9,2
11,10,11,10,9,2
11,10,11,10,9,2
11,10,11,11,9,2
11,11,11,11,9,2
11,11,11,11,9,1
11,10,11,10,9,2
11,10,11,10,9,2
10,10,10,10,8,4
10,10,10,10,8,2
10,10,10,10,8,2
10,10,10,10,8,3
10,10,10,10,8,3
10,9,10,9,8,3
9,9,9,9,8,3
9,9,9,9,7,4
9,9,9,9,7,2
9,9,9,9,7,3
9,9,9,9,7,2
9,9,9,9,7,2
9,8,9,8,7,4
9,8,9,8,7,2
9,8,9,8,7,3
9,8,8,8,7,3
8,8,8,8,7,3
8,8,8,8,6,4
8,8,8,8,7,3
8,8,8,8,7,3
9,8,9,9,7,3
9,9,9,9,7,2
9,9,9,9,7,3
9,9,9,9,7,2
9,9,9,9,7,2
9,9,9,9,7,2
9,9,9,9,7,2
9,9,9,9,7,2
9,9,9,9,8,2
9,9,9,9,8,2
9,9,9,9,8,2
9,9,9,9,7,2
10,9,10,10,8,5
10,10,10,10,9,5
10,10,10,10,8,3
10,10,10,10,8,3
10,10,10,10,9,3
11,10,11,10,8,2
10,10,10,10,8,2
10,10,10,10,8,2
10,10,10,10,8,2
10,9,10,9,8,2
10,9,9,9,8,2
9,9,9,9,8,2
9,9,9,9,7,2
9,9,9,9,8,2
9,9,9,9,7,2
9,9,9,9,7,2
9,9,9,9,7,2
9,9,9,9,8,2
9,9,9,9,8,2
9,9,9,9,8,1
9,9,10,9,8,2
10,9,10,9,8,2
10,9,9,9,8,2
9,9,9,9,7,2
9,9,9,9,7,2
9,9,9,9,7,2
9,9,9,9,7,2
9,8,9,8,7,3
9,8,9,8,7,3
8,8,9,9,7,3
8,8,9,8,7,3
9,8,8,8,7,3
8,8,8,8,7,3
9,9,9,9,7,5
9,9,9,9,7,2
9,9,9,9,7,3
9,9,9,9,8,2
9,9,9,9,8,3
9,9,9,9,7,3
9,9,9,8,7,3
8,8,8,8,7,3
9,8,9,8,7,2
8,8,8,8,7,2
9,8,8,8,7,2
8,8,8,8,6,4
8,8,8,8,6,5
7,7,7,7,6,5
8,7,7,7,6,3
6,7,6,6,5,6
7,8,7,8,7,4
8,8,8,7,6,3
8,7,7,6,5,5
6,6,6,6,5,4
7,7,7,7,6,5
7,7,7,7,6,3
7,7,7,6,6,3
6,6,6,6,5,4
6,6,6,6,5,4
6,5,5,5,5,4
5,5,5,5,4,4
5,5,4,4,4,7
5,5,5,5,4,5
6,5,5,6,5,3
6,5,5,5,5,3
6,6,5,6,5,2
6,6,6,6,5,3
6,6,6,6,5,2
5,5,5,5,4,4
5,5,5,5,5,3
6,5,5,5,5,2
5,5,5,5,4,2
5,5,5,5,4,3
5,4,4,4,4,3
5,4,5,4,4,3
4,4,4,4,4,2
4,4,4,4,4,2
4,4,4,4,3,3
4,4,4,4,3,3
4,4,4,3,3,3
4,4,4,4,4,3
4,4,4,4,4,3
5,4,4,4,4,3
5,4,5,5,4,2
5,4,4,4,4,2
5,4,4,4,4,2
4,4,4,4,4,2
4,4,4,4,4,2
4,4,4,4,4,2
4,4,4,4,3,2
4,4,4,4,4,3
4,5,4,5,4,3
5,5,5,5,4,4
5,5,5,5,4,2
5,5,5,5,4,3
5,5,5,5,4,2
5,5,5,5,5,2
5,5,5,5,4,2
5,5,5,5,4,2
5,5,5,5,5,3
5,5,5,5,4,1
5,5,5,5,4,1
5,5,5,5,4,1
5,5,5,5,5,1
5,5,5,5,5,1
6,5,6,5,5,1
6,6,6,6,5,2
6,6,6,6,5,2
6,6,6,6,5,2
6,5,6,5,5,2
5,5,5,5,4,1
5,5,5,5,5,2
5,5,5,5,4,3
5,5,5,5,4,2
5,5,5,5,4,2
5,5,5,5,4,1
5,5,5,5,4,1
5,5,5,5,4,3
5,5,5,5,4,2
5,5,5,5,4,1
5,5,5,5,5,2
5,5,5,5,5,2
5,6,6,6,5,2
6,6,6,5,5,2
5,5,5,5,5,2
5,5,5,5,5,1
5,5,5,5,5,1
5,5,6,6,5,1
6,5,6,6,5,2
6,6,6,6,5,2
6,6,6,6,5,2
6,6,6,6,5,1
6,6,6,6,5,2
6,5,5,5,5,2
5,5,5,5,5,2
5,5,5,5,4,2
5,5,5,5,4,2
5,5,5,5,4,2
5,5,5,5,4,2
5,5,5,5,4,2
5,5,5,4,4,2
4,4,4,4,4,2
5,5,5,4,4,2
5,4,4,4,4,2
4,4,4,4,4,4
4,4,4,4,4,2
4,4,4,4,3,2
4,4,4,4,3,5
4,4,4,4,3,3
4,4,4,4,3,3
4,4,4,4,4,4
4,4,4,5,4,3
5,5,5,4,4,2
5,4,4,5,4,3
5,4,5,4,4,2
5,4,4,4,4,2
4,4,4,4,4,2
4,4,4,4,4,2
4,4,4,4,4,3
4,4,4,4,4,2
4,4,5,4,4,2
5,4,5,5,4,2
5,5,5,5,4,3
5,5,5,5,4,2
5,5,5,5,4,2
5,4,5,4,4,2
4,4,5,5,4,2
5,4,5,5,4,2
5,5,5,5,4,3
5,5,5,5,5,2
5,5,5,5,4,1
5,5,5,5,4,2
5,5,5,5,4,2
5,5,5,5,5,3
6,5,6,5,5,2
5,5,5,5,5,1
5,5,6,5,5,1
6,5,6,5,5,2
6,5,5,5,5,2
5,5,5,6,5,2
6,6,6,6,5,3
6,6,6,6,5,2
6,6,6,6,5,2
6,6,6,6,5,2
6,6,6,6,5,2
6,6,6,6,5,3
6,6,6,6,5,3
6,6,6,6,5,2
5,5,5,5,4,7
5,5,5,5,4,6
5,5,5,5,4,5
4,4,5,4,4,3
5,4,5,5,4,2
5,5,5,5,4,4
5,5,5,5,4,3
5,4,5,4,4,4
4,4,4,4,4,3
4,5,4,5,4,3
5,5,5,5,5,4
5,5,5,5,5,3
5,5,5,5,4,2
5,5,5,5,4,2
5,5,5,5,4,1
5,5,5,5,4,3
5,5,5,5,4,2
5,5,5,5,4,1
5,5,5,5,4,2
5,5,5,5,5,2
5,5,5,5,5,2
5,5,5,5,4,2
5,5,5,5,4,2
5,5,5,5,4,2
5,5,5,5,4,2
5,5,5,5,4,2
5,5,5,5,5,4
5,5,6,5,5,2
6,5,5,5,5,2
5,5,5,5,5,2
5,5,5,5,5,2
5,5,5,5,5,2
5,5,5,5,5,2
5,5,5,5,5,4
5,5,5,5,4,2
5,5,5,5,5,2
5,5,5,5,5,2
5,5,5,5,5,2
5,5,6,5,5,2
5,5,5,5,5,2
5,5,5,5,5,2
5,5,5,5,5,1
5,5,5,5,5,2
5,5,5,5,4,1
5,5,5,5,4,2
5,5,5,5,4,2
5,5,5,5,4,1
5,5,5,5,4,2
5,5,5,5,4,2
5,5,5,5,4,2
5,5,5,5,4,2
5,5,5,5,4,2
5,5,5,5,5,2
5,5,5,5,5,2
5,5,5,5,5,2
5,5,6,5,5,2
6,5,6,5,5,2
6,6,6,6,5,1
6,6,6,6,5,2
6,6,6,6,5,2
6,6,6,6,5,2
6,6,6,6,5,2
6,6,6,6,5,2
6,6,6,6,5,2
6,6,6,6,5,2
6,6,6,6,5,1
7,7,7,7,6,3
7,7,7,7,6,2
7,7,7,7,6,2
7,7,7,7,6,2
7,7,7,7,6,2
7,7,7,7,6,2
7,7,7,7,6,2
7,7,7,7,6,2
7,7,7,7,6,2
7,7,7,7,6,1
7,7,7,7,6,1
7,7,7,7,6,1
7,7,7,7,6,2
7,7,7,7,6,1
7,7,7,7,6,1
7,7,7,7,6,2
7,7,7,7,6,1
7,7,7,7,6,1
7,7,7,7,6,1
7,7,7,7,6,2
7,7,7,7,6,2
7,7,7,7,6,1
7,6,7,7,6,1
7,7,7,7,6,1
7,7,7,7,6,2
7,7,7,7,6,2
7,7,7,7,6,2
7,7,7,7,6,1
7,7,7,7,6,1
7,7,7,7,6,1
8,8,8,8,7,4
8,8,8,8,7,2
8,8,8,8,7,2
8,8,8,8,7,2
8,8,8,8,7,1
8,8,8,8,7,2
8,8,8,8,7,2
8,8,8,8,7,2
8,8,8,8,7,1
8,8,8,8,7,1
8,8,8,8,7,3
8,8,8,8,7,1
8,8,8,8,7,2
8,8,8,8,7,1
8,8,8,8,7,2
8,8,8,8,7,2
8,8,8,7,7,4
8,7,8,8,7,2
8,8,8,8,7,2
8,7,8,7,6,2
8,8,8,8,7,3
8,8,8,8,7,2
8,8,8,8,7,3
8,8,8,8,7,2
8,8,8,8,7,2
8,8,8,8,7,3
8,7,8,8,7,2
8,8,8,8,7,1
8,8,8,7,6,2
7,7,7,7,6,2
7,7,7,7,6,3
7,7,7,7,6,3
7,7,7,7,6,3
7,7,7,7,6,3
7,7,7,7,6,2
7,7,7,7,6,3
7,7,7,7,6,2
8,7,8,7,6,2
8,7,8,8,7,1
8,8,8,8,7,2
8,8,8,8,7,2
8,8,8,8,7,2
8,8,8,8,7,2
8,8,8,8,7,2
8,8,8,8,7,1
8,8,8,8,7,1
8,8,8,8,7,2
8,8,8,8,7,2
8,8,8,8,7,2
8,8,8,8,7,2
8,8,8,8,7,2
9,9,9,8,7,3
9,8,9,8,7,2
9,8,9,9,7,2
9,9,9,9,8,2
9,9,9,9,7,2
9,8,9,8,7,2
8,8,9,8,7,2
9,9,9,9,7,2
9,8,9,8,7,2
9,8,9,8,7,1
9,8,9,8,7,2
9,8,9,8,7,2
9,8,9,8,7,1
9,8,9,9,7,1
9,9,9,9,7,2
9,9,9,9,8,2
9,9,9,9,8,3
9,9,9,9,8,2
9,9,9,9,8,1
9,9,9,9,7,1
9,9,9,9,8,1
9,9,9,9,7,1
9,8,9,8,7,1
9,9,9,9,8,2
9,9,9,9,8,3
9,9,9,9,8,2
9,9,9,9,8,2
9,9,9,9,8,1
9,9,9,9,8,1
9,9,9,9,8,2
9,9,9,9,7,3
9,9,9,9,8,2
9,9,9,9,8,2
9,9,9,9,8,1
9,9,9,9,8,1
9,9,9,9,7,2
9,9,9,8,7,3
9,8,8,8,7,2
8,8,8,8,7,2
8,8,8,8,7,2
8,8,8,8,7,2
9,8,8,8,7,2
8,8,8,8,7,2
8,8,8,8,7,1
8,8,8,8,7,1
8,8,8,8,7,2
8,8,8,8,7,2
8,8,8,8,7,3
8,8,8,8,7,2
8,8,8,8,7,2
8,8,8,8,7,2
8,8,8,8,7,2
8,8,8,8,7,2
8,8,8,8,7,1
8,8,8,8,7,1
8,8,8,8,7,2
8,8,8,8,7,1
8,8,9,8,7,2
9,8,9,8,7,1
9,8,8,8,7,2
8,8,8,8,7,2
8,8,8,8,7,2
8,8,8,8,7,2
8,8,9,9,7,3
9,8,9,9,7,2
8,8,8,8,7,7
8,8,8,8,7,3
8,8,8,8,7,2
9,8,8,8,7,2
8,8,8,8,7,2
8,8,9,8,7,2
8,8,9,8,7,2
9,9,9,9,7,2
9,9,9,8,7,2
9,8,9,8,7,2
9,8,9,8,7,2
9,9,9,9,8,3
9,9,9,9,8,3
9,9,9,9,8,2
9,9,9,9,8,1
9,9,9,9,8,1
9,9,9,9,8,2
9,9,9,9,8,1
10,9,10,9,8,2
10,9,10,9,8,1
9,9,9,9,8,2
9,9,9,9,8,1
9,9,10,9,8,1
10,9,10,9,8,1
9,9,9,9,8,2
10,9,10,10,8,1
10,9,10,10,8,2
10,9,10,10,8,1
10,10,10,10,8,2
10,10,10,10,8,2
10,10,10,10,8,3
10,9,10,10,8,1
10,10,10,10,8,1
10,10,10,10,9,3
10,10,10,10,9,4
11,10,11,11,9,4
11,11,11,11,9,2
11,11,11,10,9,2
11,10,10,10,9,2
10,10,11,10,9,2
11,10,11,10,9,2
11,11,11,11,9,2
11,11,11,10,9,3
11,10,10,10,8,3
10,10,10,10,8,3
10,10,9,9,8,4
10,10,10,10,8,3
10,10,10,10,9,2
10,10,10,10,9,2
11,10,11,10,9,1
11,10,10,10,8,3
10,10,10,10,8,2
10,10,10,10,9,2
10,10,10,9,8,2
10,9,9,9,8,3
9,9,9,9,8,3
9,9,9,9,8,2
9,9,9,9,8,3
9,9,9,9,8,2
9,9,9,9,8,2
10,9,10,9,8,1
10,9,10,9,8,1
10,9,9,9,8,2
10,9,10,9,8,2
10,10,10,10,8,1
10,10,10,9,8,2
10,10,10,10,8,2
10,10,10,10,8,2
10,10,10,10,9,2
10,10,10,10,9,2
11,10,10,10,9,2
11,10,10,10,9,2
10,10,10,10,9,1
10,10,10,10,9,1
10,10,10,10,9,2
10,10,10,10,9,3
10,10,10,10,9,3
10,10,10,10,9,2
10,10,10,10,9,1
10,10,10,9,8,3
10,10,10,10,8,2
10,9,10,10,8,2
10,9,9,9,8,2
9,9,9,9,8,2
9,9,9,9,8,2
9,9,9,9,8,2
9,9,9,9,8,1
9,9,9,9,8,2
9,9,9,9,8,2
10,9,9,9,8,1
9,9,9,9,8,2
10,9,10,9,8,1
10,9,10,10,8,2
10,9,10,9,8,1
10,9,10,9,8,2
10,9,9,9,8,1
9,9,9,9,8,1
9,9,9,9,8,2
9,9,10,9,8,1
9,9,10,10,8,2
10,10,10,10,9,3
10,10,10,10,9,2
10,10,10,10,9,2
10,10,10,10,8,1
10,10,10,9,8,1
10,10,10,10,8,2
10,10,10,10,9,1
10,10,10,10,8,1
10,10,10,10,9,2
10,10,10,10,9,2
10,10,11,10,9,2
11,10,10,10,9,1
10,10,10,10,9,1
10,10,10,10,8,2
10,10,10,10,8,2
10,10,10,10,8,2
10,10,10,10,9,2
10,10,10,10,9,2
10,10,10,10,9,1
10,10,10,10,8,1
10,10,10,9,8,2
10,9,10,9,8,1
10,9,10,9,8,1
10,9,10,9,8,2
10,9,10,9,8,1
10,9,9,9,8,2
9,9,9,9,8,1
9,9,9,9,8,2
9,9,10,10,8,2
10,10,10,10,8,1
10,10,10,10,8,1
10,10,10,10,9,1
10,10,10,10,8,1
10,10,10,10,9,1
10,10,10,10,9,1
10,10,10,10,9,1
10,10,10,10,9,2
10,10,10,10,9,2
10,10,10,10,9,2
10,10,11,10,9,1
11,10,11,10,9,2
10,10,11,10,9,1
11,10,11,10,9,1
11,10,11,10,9,2
11,10,11,10,9,1
11,11,11,11,9,3
11,11,11,11,10,2
11,11,11,11,10,2
11,11,11,11,9,1
11,11,11,11,9,2
11,11,11,11,9,2
11,11,11,11,9,2
11,11,11,11,9,2
11,11,11,11,10,2
11,11,11,11,10,2
12,11,12,11,10,1
12,11,12,11,10,1
11,11,11,11,10,2
12,11,11,11,10,2
12,11,11,11,10,2
11,11,11,11,10,2
12,11,12,11,10,1
11,11,11,11,10,1
11,11,11,11,9,1
11,11,11,11,10,2
12,11,12,11,10,1
12,11,12,12,10,1
12,11,12,11,10,1
12,11,12,11,10,1
12,11,12,11,10,1
12,11,12,11,10,2
12,11,12,11,10,1
12,12,12,12,10,1
12,12,12,12,10,1
12,11,12,11,10,3
11,11,11,11,10,2
12,11,12,11,10,3
12,12,12,12,10,3
12,12,12,12,10,2
12,12,12,12,10,3
12,12,12,12,10,2
12,12,12,12,10,2
12,12,12,12,10,2
12,11,12,11,10,2
12,11,12,12,10,1
12,12,12,12,10,2
12,12,12,12,10,1
12,12,12,11,10,1
12,12,12,12,10,2
12,12,12,12,10,2
12,12,12,12,10,2
12,12,12,12,10,2
12,12,12,12,10,2
12,12,12,12,11,2
13,12,13,12,11,2
13,12,12,12,10,2
12,12,12,12,10,1
12,12,12,12,10,2
13,12,12,12,10,2
13,13,13,13,11,2
13,13,13,12,11,1
13,12,13,12,11,1
13,12,13,12,11,1
13,12,13,12,11,1
13,12,13,12,11,1
13,12,13,12,11,2
13,13,13,13,11,1
13,13,13,13,11,1
13,12,13,12,11,2
13,12,13,12,11,1
12,12,13,12,10,1
12,12,12,12,10,1
12,12,13,12,10,1
12,12,12,12,10,1
12,12,12,12,10,1
12,12,12,12,10,1
12,12,12,11,10,2
12,12,12,11,10,2
12,12,12,11,10,1
12,11,12,11,10,1
12,12,12,12,10,2
12,12,12,12,10,2
12,12,12,12,10,1
12,11,12,11,10,2
12,11,12,11,10,1
12,11,12,11,10,1
12,11,12,11,10,2
11,11,11,11,9,2
11,11,11,11,9,2
11,11,11,11,9,2
11,11,11,11,9,2
11,11,11,11,10,2
12,11,11,11,9,2
11,11,11,11,9,2
11,11,11,11,9,1
11,11,11,11,9,2
11,11,11,11,9,2
11,11,11,11,10,1
11,11,11,11,10,1
11,11,12,12,10,2
12,11,12,12,10,2
12,11,12,11,10,2
12,11,12,12,10,2
12,12,12,12,10,2
12,12,12,12,10,3
12,12,12,12,10,3
12,12,12,12,10,2
12,12,12,12,10,2
12,12,12,12,10,2
12,11,12,11,10,2
12,11,12,11,10,2
12,11,11,11,10,2
11,11,11,11,9,2
11,11,11,11,10,1
11,11,12,11,10,2
12,11,12,11,10,2
12,11,12,11,10,3
12,11,12,12,10,2
12,11,12,11,10,1
12,11,12,11,10,1
12,11,12,11,10,1
12,11,12,11,10,1
12,11,12,11,10,1
12,11,12,11,10,2
11,11,11,11,9,2
11,11,10,10,9,4
11,10,11,10,9,2
11,10,11,10,9,2
11,10,11,10,9,4
10,10,11,10,9,2
11,10,11,10,9,1
11,10,11,10,9,1
11,11,11,11,9,1
11,11,11,11,9,1
11,11,11,11,9,1
11,10,11,11,9,1
11,11,11,11,9,1
11,11,11,11,9,2
11,10,11,11,9,2
11,11,11,11,9,1
11,11,11,11,9,2
11,11,11,11,9,2
11,11,11,11,9,1
11,11,11,11,9,2
11,11,11,11,9,1
11,11,11,11,9,2
11,11,11,11,9,1
11,11,11,11,9,1
11,11,12,11,10,2
12,11,12,11,10,2
12,11,12,11,10,2
12,12,12,12,10,2
12,12,12,12,10,1
12,12,12,12,10,1
12,12,12,12,10,2
12,12,13,12,10,2
13,12,13,12,11,1
13,12,13,12,11,1
13,12,13,12,11,2
13,12,13,12,10,2
13,13,13,13,11,5
14,13,14,13,11,2
13,13,14,13,11,2
14,13,14,13,11,2
14,13,14,13,11,2
13,13,13,13,11,2
13,13,13,13,11,2
13,13,13,13,11,2
13,13,13,13,11,2
13,13,13,13,11,1
13,13,13,13,11,1
13,13,13,13,11,2
13,13,13,13,11,2
13,13,13,13,11,1
13,13,13,13,11,1
13,13,13,13,11,1
13,13,13,13,11,1
13,13,13,13,11,1
13,13,13,13,11,1
14,13,13,13,11,1
13,13,13,13,11,1
13,13,13,13,11,1
13,13,13,12,11,1
13,12,13,12,11,2
13,12,12,12,10,2
12,12,12,12,11,2
13,12,12,12,10,1
12,12,12,12,11,1
13,12,13,12,11,1
13,12,13,13,11,2
13,12,13,12,11,2
13,12,13,13,11,2
13,13,13,13,11,1
13,13,13,13,11,2
13,13,13,13,11,2
14,13,13,13,11,2
13,13,13,13,11,2
13,13,13,13,11,1
14,13,14,13,12,3
14,14,14,14,12,3
14,14,14,14,12,2
14,14,14,14,12,2
14,14,14,14,12,1
14,14,14,14,12,1
14,14,14,14,12,1
14,14,14,14,12,2
15,14,14,14,12,1
14,14,14,14,12,1
14,14,14,14,12,2
14,14,14,14,12,1
15,14,15,14,12,2
14,14,15,15,13,2
15,14,14,14,12,2
14,14,14,13,12,4
14,13,14,13,12,2
14,13,14,13,12,2
14,14,14,14,12,2
14,14,14,14,12,1
14,14,14,14,12,2
14,14,14,14,12,2
14,13,14,13,12,2
14,13,13,13,11,3
13,13,13,13,11,2
13,12,13,12,11,2
12,12,12,12,10,2
13,13,12,12,10,4
12,12,12,12,10,3
12,12,11,11,10,3
11,11,10,11,10,3
12,11,11,11,10,3
11,12,11,12,10,3
12,12,12,12,11,2
13,12,12,12,10,1
12,12,12,12,10,1
12,12,12,12,10,2
12,11,11,11,10,2
11,11,10,11,9,3
11,11,11,10,9,2
11,11,11,11,9,2
11,11,11,11,10,2
11,11,11,11,10,2
11,11,11,11,10,2
12,11,12,12,10,1
12,12,12,11,10,2
12,12,12,12,10,2
12,12,12,12,10,2
12,11,12,11,10,2
11,11,11,11,9,2
11,11,11,10,9,2
11,11,11,11,10,2
12,11,12,11,10,2
12,11,11,11,10,1
11,11,11,11,10,2
11,11,11,11,10,2
11,12,12,12,10,2
12,12,12,12,10,2
12,12,12,12,11,3
12,12,12,12,10,2
12,12,12,12,11,2
12,12,12,12,10,2
12,11,11,11,10,3
12,11,11,11,10,2
12,12,12,11,10,2
12,12,12,12,11,2
12,12,12,12,10,1
12,12,11,11,10,2
11,11,11,11,10,2
11,10,10,10,9,2
11,11,11,11,10,2
11,11,11,11,10,2
11,11,12,11,10,2
12,12,12,12,11,2
12,12,12,12,11,1
13,12,12,12,11,2
13,12,13,12,11,1
13,12,13,12,11,2
13,12,12,12,10,2
12,12,12,12,10,2
12,12,12,12,11,1
12,12,12,12,11,2
13,13,12,13,11,2
13,13,13,13,11,2
13,13,13,13,11,1
13,12,12,12,11,3
13,13,13,13,11,2
13,13,13,13,11,2
13,13,13,13,11,2
13,12,12,12,11,2
13,13,13,13,11,2
13,13,13,13,11,4
13,13,13,13,11,2
13,12,13,12,11,2
13,13,13,13,11,2
13,13,13,12,11,2
12,12,13,12,11,1
13,13,13,13,11,2
13,13,14,13,11,3
13,13,13,13,11,2
13,13,13,13,11,2
13,13,13,13,11,2
13,12,13,12,11,1
13,12,12,12,10,2
12,12,12,12,10,1
12,12,12,12,10,2
12,12,12,12,10,1
12,12,12,12,10,1
13,12,12,12,11,2
12,12,12,12,11,1
12,13,12,13,11,2
13,13,13,13,11,1
13,13,13,13,11,1
13,13,13,13,11,2
13,13,13,12,11,2
13,13,13,12,11,1
13,12,13,12,11,2
12,12,12,12,11,1
13,12,12,12,10,2
12,12,12,12,10,2
12,12,12,12,10,2
12,12,12,12,10,2
12,12,12,12,10,3
12,12,12,12,10,1
12,12,12,12,11,1
13,12,12,12,11,2
13,12,13,12,11,1
13,12,13,12,11,1
13,12,13,12,11,1
13,12,13,12,11,1
13,12,13,12,11,1
13,12,13,12,11,1
12,13,13,13,11,1
13,13,13,13,11,1
13,13,13,13,11,1
13,13,13,13,11,1
13,13,13,13,11,1
13,13,13,13,11,2
14,14,14,13,12,2
14,13,14,13,12,1
14,13,14,13,12,1
14,13,13,13,11,2
13,13,14,13,12,1
14,14,14,14,12,2
14,14,14,14,12,2
14,14,14,14,12,2
14,14,14,14,12,2
14,14,14,14,12,1
14,14,14,14,12,1
14,14,14,14,12,1
14,14,15,14,12,2
15,14,15,14,12,1
14,14,14,14,12,1
14,14,14,14,12,2
14,14,14,14,13,2
15,15,15,14,13,2
15,15,15,15,13,1
15,15,15,15,13,1
15,15,15,15,13,1
15,15,15,14,12,1
15,14,15,14,12,2
15,14,15,14,12,2
15,14,15,14,13,1
15,15,15,15,13,1
15,15,16,15,13,2
15,15,15,15,13,1
16,15,16,15,13,1
16,15,16,15,13,1
16,15,16,15,13,2
16,15,15,15,13,1
15,15,15,15,13,2
15,15,15,15,13,1
15,15,15,15,13,1
15,15,15,15,13,1
15,15,16,15,13,1
15,15,15,15,13,1
16,15,16,15,13,1
16,15,16,15,13,1
16,15,15,15,13,2
14,14,15,14,12,3
15,14,15,15,13,3
15,15,15,15,13,1
15,15,15,15,13,1
16,15,16,15,13,1
16,15,16,15,13,2
16,15,16,15,13,2
16,15,16,15,13,3
16,15,16,15,13,1
15,15,15,15,13,1
15,15,15,15,13,2
15,15,15,15,13,2
15,15,15,15,13,1
15,15,15,15,13,1
16,15,16,15,13,1
15,15,15,15,13,1
15,15,15,15,13,2
15,15,15,15,13,1
15,16,16,16,14,2
16,16,16,15,13,2
16,15,15,15,13,2
15,15,15,15,13,2
15,15,15,15,13,2
15,15,15,15,13,2
15,15,15,15,13,2
16,15,15,15,13,1
15,15,15,15,13,1
16,15,16,15,13,1
16,15,16,15,13,1
16,15,16,15,13,2
16,15,16,15,13,2
15,15,15,14,13,2
15,15,15,15,13,1
15,15,15,15,13,1
15,15,15,15,13,2
15,15,15,15,13,1
16,16,17,16,14,3
17,16,17,16,14,2
17,16,17,16,14,2
17,16,16,16,14,2
16,16,16,16,14,1
17,16,16,15,13,2
16,16,16,16,14,2
16,16,16,16,14,2
16,16,16,16,14,1
16,15,16,15,14,2
16,16,16,16,14,2
16,16,16,16,14,2
16,16,16,15,14,1
16,15,16,15,13,2
16,15,16,16,14,1
16,16,16,16,14,1
16,15,16,15,13,2
16,15,16,15,13,2
15,15,15,15,13,1
16,15,16,15,13,1
16,15,16,16,14,1
16,15,16,15,13,1
16,15,16,15,14,2
16,15,15,14,13,2
15,14,14,14,12,1
15,14,15,14,13,1
15,14,15,14,13,2
15,15,15,15,13,2
15,15,15,15,13,1
16,15,15,15,13,1
15,15,15,15,13,2
15,15,15,15,13,1
15,14,15,14,13,2
15,15,15,15,13,2
15,15,15,15,13,2
15,15,15,15,13,1
16,15,15,15,13,1
15,15,15,15,13,2
15,14,15,14,13,1
15,14,15,14,13,1
15,14,15,14,13,1
15,14,15,15,13,1
15,14,15,14,13,2
14,14,14,14,13,3
15,14,15,15,13,2
15,15,15,15,13,1
15,15,15,15,13,1
15,15,15,15,13,2
15,15,15,15,13,2
15,14,15,15,13,2
15,15,15,15,13,2
15,15,15,14,13,1
15,14,15,14,13,2
15,15,15,15,13,1
15,14,15,15,13,1
15,15,15,15,13,1
15,15,15,15,13,2
15,15,15,15,14,2
16,15,16,15,14,2
16,15,15,15,13,2
15,15,15,15,13,1
15,15,16,15,13,1
15,15,15,15,14,2
16,15,16,16,14,2
16,16,16,16,14,1
16,16,16,16,14,2
16,16,16,16,14,1
16,16,16,15,13,3
16,16,16,16,14,2
16,16,16,16,14,1
16,16,16,16,14,1
16,16,16,16,14,2
16,16,16,16,14,1
16,16,16,16,14,1
16,16,16,16,14,1
16,16,16,16,14,1
16,16,16,16,14,1
17,16,17,16,14,1
17,16,17,16,14,2
17,16,17,16,14,1
17,16,17,16,14,1
17,16,16,16,14,2
16,16,17,16,14,1
16,16,16,16,14,1
16,16,17,16,14,1
16,16,17,16,14,1
16,16,17,16,14,1
16,16,16,16,14,1
16,16,16,16,14,1
16,16,17,16,14,1
17,16,17,16,14,1
17,16,17,16,14,2
17,17,17,17,15,2
17,17,17,17,15,1
17,17,17,17,15,1
17,16,17,16,15,1
17,17,17,16,14,1
17,16,17,16,14,1
17,17,17,17,15,2
17,17,17,17,15,1
17,17,17,17,15,2
17,17,17,17,15,2
17,17,17,17,15,1
17,17,17,17,15,3
17,17,17,17,15,1
17,17,17,17,15,1
17,17,17,17,15,2
17,17,17,17,15,2
17,17,17,17,15,2
17,17,17,17,15,2
17,17,17,17,15,2
17,17,17,17,15,2
18,17,18,18,15,2
18,17,18,17,15,1
18,17,18,17,15,1
18,17,18,17,15,1
18,17,18,17,15,1
18,17,18,17,15,1
18,17,18,17,15,1
18,18,18,18,16,1
18,18,18,18,16,1
18,18,18,18,16,1
18,18,18,17,15,2
18,17,18,17,15,1
18,17,17,17,15,2
17,17,17,17,15,1
17,17,17,17,15,1
17,17,17,17,15,1
17,17,17,17,15,1
18,17,18,17,15,1
18,17,18,17,15,2
18,17,18,17,15,1
18,17,18,17,15,1
18,17,18,17,15,1
18,17,18,17,15,1
18,17,18,17,15,1
17,17,17,17,15,3
17,17,17,17,15,2
17,17,17,17,15,1
17,17,17,17,15,1
17,16,17,16,14,1
17,16,17,16,14,1
17,16,17,16,14,2
17,17,17,17,15,1
17,17,17,17,15,1
17,17,17,17,15,1
17,17,18,17,15,1
18,17,18,17,15,1
18,17,18,17,15,1
18,17,18,17,15,1
18,17,18,17,15,1
18,17,18,18,15,1
18,18,18,18,16,1
18,18,18,18,15,1
18,17,18,18,15,1
18,18,18,17,15,1
18,17,18,18,15,1
18,18,18,18,16,1
18,18,18,18,16,1
18,18,19,18,16,1
18,18,19,18,16,1
19,18,18,18,16,2
18,18,19,18,16,1
18,18,18,18,16,1
19,18,18,18,16,1
18,18,18,18,16,1
18,17,18,18,15,1
18,18,18,18,15,2
18,17,18,18,15,1
18,17,18,18,15,1
18,18,18,18,16,2
18,18,18,18,15,1
18,17,18,17,15,1
18,17,18,17,15,1
18,17,18,17,15,1
18,17,18,18,15,1
18,17,18,18,15,1
18,17,18,18,15,1
18,18,18,18,16,1
18,18,18,18,16,1
18,18,19,18,16,1
19,19,19,19,16,1
19,19,19,19,16,1
19,18,19,18,16,1
19,18,19,18,16,1
19,18,19,18,16,1
19,18,19,18,16,1
19,18,19,18,16,1
19,18,19,18,16,1
19,18,19,18,16,1
19,18,19,18,16,1
19,18,19,18,16,1
19,18,19,19,16,1
19,18,19,18,16,2
18,18,18,18,16,2
18,18,18,17,15,1
18,17,18,18,15,2
18,18,18,18,16,2
19,18,19,18,16,1
19,18,19,18,16,1
19,18,19,18,16,1
19,18,19,18,16,1
19,18,19,18,16,2
19,19,19,19,17,1
20,19,20,19,17,1
19,19,20,19,17,1
20,19,19,19,16,1
19,19,19,18,16,1
19,19,19,19,16,2
18,18,18,18,16,2
19,18,19,18,16,1
19,18,19,18,16,1
19,19,19,19,16,1
19,18,19,18,16,1
19,19,19,19,17,2
20,19,20,19,17,2
19,20,19,20,18,4
21,21,21,20,18,3
21,21,21,21,18,2
21,21,21,21,18,1
22,21,22,21,18,2
22,21,22,21,19,2
22,21,22,21,19,2
22,21,22,22,19,2
22,21,22,21,19,1
22,21,22,21,19,1
22,21,22,21,18,2
22,21,22,22,19,2
22,22,22,22,19,2
23,22,23,22,19,2
23,22,23,22,19,2
23,22,23,22,19,1
23,22,23,22,19,1
23,22,23,22,19,2
23,22,22,22,19,2
22,22,22,21,18,2
22,21,22,21,18,1
22,21,21,21,18,1
21,21,21,21,18,2
21,21,22,21,19,1
22,21,22,21,18,1
21,21,21,21,18,1
21,21,21,21,18,1
21,21,20,20,18,2
21,20,21,20,18,1
21,20,21,20,18,1
21,21,21,20,18,2
21,21,21,21,19,2
22,21,22,21,19,1
22,21,22,21,19,1
22,21,22,21,19,1
22,21,22,21,19,1
22,21,22,21,19,1
22,22,22,21,19,2
23,23,23,23,20,3
24,23,23,23,20,1
24,23,24,23,20,1
24,23,24,23,20,1
23,22,23,23,20,1
23,23,23,22,20,1
23,22,23,22,20,1
23,23,23,23,20,1
24,23,24,23,20,2
24,23,24,23,21,1
24,23,24,23,21,2
24,24,24,24,21,1
24,24,24,24,21,1
25,24,24,24,21,1
24,23,24,23,21,1
24,23,24,23,21,1
24,23,24,23,21,1
24,24,24,24,21,1
24,23,24,23,20,1
24,23,24,23,20,1
24,23,23,23,20,1
23,23,23,22,20,1
23,23,23,23,20,1
23,23,23,22,20,1
23,22,23,22,20,1
23,22,23,22,20,2
23,22,23,22,20,1
23,22,22,22,19,1
22,22,22,22,19,2
22,22,22,22,19,2
23,22,23,22,20,1
23,22,23,23,20,1
23,22,23,22,20,2
23,22,23,22,20,1
23,22,22,21,19,2
22,22,22,21,19,2
22,21,21,21,18,2
21,21,21,22,19,2
22,22,22,22,19,2
23,23,23,23,20,2
23,23,23,22,20,2
23,23,23,23,20,1
24,23,23,23,20,1
23,22,22,22,20,2
23,23,23,23,20,1
23,23,23,22,19,2
23,22,23,22,20,1
23,23,23,23,20,1
23,23,23,23,20,1
24,23,24,23,21,1
24,23,24,23,21,1
24,23,24,23,20,1
24,23,24,23,20,1
24,23,23,23,20,1
24,23,24,23,21,1
24,23,24,23,20,2
24,23,24,23,20,1
24,23,23,23,20,1
23,23,23,22,20,1
23,23,23,23,20,1
24,23,23,22,20,1
23,23,23,23,20,1
24,23,24,23,21,1
24,23,24,23,20,1
24,23,24,23,21,1
24,24,24,23,21,1
24,24,24,24,21,1
25,24,25,24,21,1
24,24,24,23,21,1
23,23,23,23,20,2
24,23,23,23,20,1
24,23,23,23,20,1
24,23,24,23,20,1
24,23,24,23,20,1
24,23,23,22,20,1
23,22,23,22,20,1
23,23,23,23,20,1
23,22,23,22,20,1
23,22,23,23,20,1
23,23,23,23,20,1
24,23,23,22,20,1
23,23,23,23,20,1
23,23,23,22,20,1
23,22,22,22,19,1
22,22,22,22,19,1
22,22,22,21,19,1
23,22,23,22,20,1
23,22,23,22,19,1
23,22,22,21,19,1
22,22,22,22,19,1
22,22,22,21,19,1
22,22,22,22,19,1
23,22,23,22,20,1
23,22,23,22,19,1
22,22,22,22,19,2
22,22,22,21,19,2
22,22,22,21,19,2
22,22,22,22,19,2
22,22,22,22,20,2
23,22,23,22,20,2
22,22,22,22,19,5
22,22,22,21,19,2
22,21,22,21,19,1
22,21,22,21,19,1
22,21,22,21,19,1
22,21,22,22,19,2
22,21,22,22,19,1
22,22,22,22,19,1
22,22,22,22,19,1
23,22,22,22,19,1
22,22,22,22,19,1
22,22,22,22,19,1
22,21,22,21,19,1
22,22,22,22,19,2
23,22,23,22,20,1
23,22,23,22,20,1
23,22,23,22,20,1
23,22,23,22,20,1
23,22,23,22,20,1
23,23,23,23,20,3
23,23,23,23,20,1
24,23,24,23,21,2
24,23,24,23,20,1
24,23,24,23,20,1
23,23,23,23,20,1
24,23,24,23,20,1
24,23,23,22,20,1
23,23,23,23,20,1
23,23,23,23,20,1
24,23,23,23,20,1
23,23,24,23,20,1
24,23,23,23,20,1
23,23,23,23,20,1
23,24,23,24,21,4
24,24,24,24,21,2
25,24,24,24,21,1
24,23,24,24,21,1
24,23,24,23,21,1
24,24,24,24,21,1
25,24,25,24,21,2
25,24,25,24,21,1
25,24,25,24,21,1
25,24,25,24,21,1
25,24,25,24,21,1
25,24,25,24,22,1
25,24,25,24,21,1
25,24,25,24,21,1
25,24,25,24,22,1
25,24,25,24,22,1
25,24,25,24,22,1
25,24,25,24,22,1
25,24,25,24,21,2
25,24,25,24,21,1
25,24,25,24,21,1
25,24,25,24,21,1
25,24,25,24,21,1
25,24,25,24,21,1
25,24,25,24,21,1
24,24,24,23,21,2
24,23,24,23,21,1
24,23,24,24,21,1
24,23,24,23,21,1
24,24,24,24,21,1
25,24,25,24,21,1
25,25,25,25,22,2
26,25,26,25,22,1
26,25,26,25,22,1
26,25,26,25,22,1
26,25,26,25,22,1
26,25,26,25,22,1
26,25,26,25,22,1
26,25,26,25,22,1
26,25,26,25,22,1
26,25,25,24,21,2
25,25,25,25,22,1
25,25,25,24,22,1
25,25,25,25,22,2
26,25,26,25,22,1
26,25,25,25,22,1
25,25,26,25,22,2
26,25,26,25,22,1
26,25,26,25,22,1
26,25,26,25,23,1
26,25,26,25,22,2
25,25,24,23,21,4
24,23,24,23,21,2
24,23,24,23,21,2
24,24,24,23,20,2
24,23,23,23,20,2
23,23,23,22,20,2
23,22,23,22,19,2
22,22,22,22,20,2
23,22,23,22,20,2
23,23,23,23,20,2
24,23,24,23,20,2
24,23,24,23,20,1
24,23,24,23,21,1
24,23,24,23,21,1
24,23,24,23,21,2
24,24,24,24,21,1
24,24,24,24,21,1
24,24,24,23,21,1
24,23,24,23,21,1
23,23,23,23,20,2
24,23,23,23,20,2
24,23,24,23,20,1
24,23,24,23,20,1
24,23,23,23,20,1
24,23,23,22,20,2
23,23,24,23,20,2
23,22,22,22,19,3
23,22,23,23,20,2
22,22,23,22,19,4
22,22,22,22,19,3
22,22,22,22,19,2
22,21,22,21,19,2
22,21,22,21,19,2
22,21,21,21,19,2
22,21,21,20,18,2
21,20,21,21,18,3
21,21,21,21,19,2
22,21,22,21,19,0
22,21,22,21,19,2
21,21,21,21,18,2
21,21,21,20,18,3
21,20,21,20,18,2
21,20,21,20,18,2
21,21,21,21,19,2
22,21,22,21,19,2
22,21,22,21,19,2
22,21,22,21,19,2
22,21,22,21,19,1
22,21,22,21,19,1
22,21,22,21,19,1
22,21,22,21,19,1
21,21,21,21,18,2
21,21,21,21,19,2
22,21,22,21,19,1
22,21,22,21,19,1
21,21,21,21,19,2
21,21,22,21,19,1
22,21,21,21,18,1
21,21,21,20,18,2
21,20,20,20,18,3
21,20,21,20,18,2
21,20,21,20,18,2
21,21,21,20,18,2
21,20,21,20,18,2
21,20,21,20,18,1
21,20,21,21,18,2
21,20,21,21,18,1
21,21,21,21,18,1
21,20,21,21,18,1
21,21,21,21,18,2
21,20,21,20,18,2
21,21,21,21,19,2
21,21,21,21,19,2
21,21,21,21,19,1
22,21,22,21,19,2
22,21,22,21,19,2
22,21,22,21,19,2
22,21,22,21,19,2
21,21,21,21,19,2
22,21,22,21,19,1
22,21,21,21,19,1
22,21,22,21,19,1
21,21,21,21,19,2
22,21,22,21,19,1
22,21,22,21,19,1
22,21,22,21,19,1
22,21,22,21,19,1
22,21,22,21,19,1
22,21,22,21,19,1
22,21,22,21,19,1
22,21,22,21,19,1
21,21,21,21,19,3
21,20,21,20,19,2
21,21,21,21,19,1
21,21,21,21,19,2
22,21,22,21,19,1
22,21,22,21,19,1
22,21,22,21,19,1
22,21,22,21,19,1
22,21,22,21,19,1
22,21,21,21,19,1
21,21,21,20,19,2
21,20,21,20,18,4
21,20,21,20,18,2
21,20,21,20,18,2
20,20,20,19,18,2
20,19,20,19,18,3
20,20,20,20,18,2
20,20,20,20,18,1
20,20,20,20,18,1
20,20,20,20,18,1
20,20,20,20,18,1
20,20,20,20,18,1
20,20,20,19,18,1
20,19,20,19,18,1
20,19,20,19,17,2
20,19,20,19,17,2
20,19,20,19,17,2
20,19,20,19,18,2
20,19,20,19,17,2
20,19,20,19,18,2
20,19,20,19,18,2
20,19,20,20,18,2
20,19,20,19,18,1
20,19,20,19,18,1
20,19,20,19,17,1
20,19,20,19,18,1
20,19,19,19,17,2
19,19,19,18,17,2
19,19,19,19,17,2
19,19,19,18,17,1
17,17,16,15,14,14
15,15,15,15,14,6
15,15,15,15,13,3
15,15,15,15,14,2
15,15,15,15,14,2
15,15,14,14,13,4
14,14,14,14,13,4
15,14,15,15,13,2
15,15,15,15,14,2
15,15,15,15,14,2
15,15,15,15,14,2
16,15,16,15,14,3
16,15,16,15,14,2
16,15,16,15,14,1
16,15,16,15,14,2
16,15,16,15,14,3
16,15,15,15,14,2
15,15,16,15,14,2
16,15,16,15,14,2
16,15,16,15,14,2
15,15,15,15,13,3
15,14,15,14,13,2
15,14,15,15,13,1
15,14,15,14,13,1
15,15,15,15,14,3
15,15,15,15,14,2
16,15,16,15,14,2
15,15,15,15,14,1
15,15,15,15,14,2
15,14,15,15,13,1
15,15,15,15,13,1
15,14,15,14,13,2
15,15,15,15,13,2
15,15,15,15,14,2
15,16,15,16,14,5
16,16,16,16,15,3
17,16,17,16,15,3
16,16,16,16,14,2
16,16,16,16,14,2
16,16,16,16,15,2
16,16,16,16,14,2
16,16,16,15,14,2
16,15,16,15,14,2
16,15,16,15,14,2
16,16,16,15,14,3
16,15,15,15,14,2
15,15,15,15,14,2
15,15,15,15,14,2
15,15,15,15,14,2
15,15,15,14,13,2
15,14,14,14,13,3
14,14,14,14,13,2
14,14,14,14,13,2
14,14,14,13,12,3
14,13,14,13,12,3
14,14,14,14,13,3
15,15,15,14,13,4
15,15,15,15,14,2
15,15,15,15,14,2
15,15,15,15,14,2
15,15,15,15,13,2
15,15,15,14,13,2
15,14,15,15,13,1
15,15,15,15,13,1
15,15,15,14,13,2
15,15,15,15,14,2
15,15,15,15,13,2
15,14,15,14,13,2
15,15,15,14,13,2
16,15,16,15,14,4
15,15,16,15,14,2
16,15,16,15,14,2
16,15,16,15,14,2
16,15,16,15,14,2
16,16,16,16,15,3
16,16,17,16,15,3
17,16,17,16,15,2
17,16,17,16,15,2
17,16,17,16,15,2
17,17,17,17,16,3
18,17,17,17,16,4
18,17,18,17,15,2
17,17,17,17,15,2
17,17,17,17,15,2
17,17,17,17,15,1
17,17,17,17,15,2
17,17,17,16,15,2
17,16,17,16,15,2
16,16,16,16,15,4
16,16,16,15,14,4
16,15,16,15,14,2
16,15,16,15,14,2
16,15,16,15,14,3
16,15,15,15,14,2
15,15,15,15,14,2
15,15,15,14,13,2
15,15,15,14,13,2
15,14,14,14,13,5
14,14,14,14,13,3
14,14,14,14,13,3
15,14,15,14,13,2
15,14,15,14,13,1
15,14,15,14,13,1
15,14,15,14,13,1
15,14,15,15,13,1
15,14,15,14,13,2
15,14,14,14,13,2
14,14,14,14,13,2
14,14,14,14,13,2
14,14,15,14,13,2
15,14,15,14,13,2
15,14,15,14,13,1
15,14,15,14,13,2
15,14,14,14,13,2
14,14,14,14,13,3
15,14,15,14,13,2
15,15,15,15,14,3
16,15,15,15,14,2
15,15,15,15,14,3
15,15,15,15,14,3
16,15,16,15,14,5
16,16,16,16,15,3
16,16,16,16,14,2
16,16,16,16,14,2
16,16,16,16,15,1
16,16,16,16,14,2
16,16,16,16,15,2
16,16,17,16,15,2
17,16,17,17,15,2
17,16,17,16,15,1
17,17,17,16,15,2
17,16,17,16,15,2
17,16,16,16,15,1
17,16,17,16,15,1
17,17,17,17,16,3
18,17,17,17,15,2
17,17,17,17,15,1
17,17,17,16,15,2
17,17,17,17,15,2
17,18,17,18,16,6
18,18,19,18,17,3
19,18,18,18,17,2
19,18,19,18,17,2
19,18,18,18,16,1
18,18,19,18,17,1
19,18,19,18,17,2
19,18,19,18,17,1
19,18,19,18,16,2
18,18,19,18,17,2
19,19,19,19,17,3
19,19,20,19,17,3
20,19,19,19,17,2
19,19,19,19,17,2
19,19,19,19,17,2
19,19,19,19,17,2
20,19,19,19,17,2
19,19,19,19,17,2
20,19,19,19,17,2
19,19,19,19,17,2
19,19,19,19,17,2
19,19,19,18,17,3
19,18,18,18,17,3
19,19,19,19,17,2
19,19,19,19,17,2
19,19,19,19,17,3
20,20,20,19,18,4
20,20,20,20,18,2
20,20,20,20,18,2
20,20,20,20,18,2
20,20,20,20,18,2
20,20,20,20,18,2
20,20,20,20,18,1
21,20,21,20,18,2
21,20,21,21,19,2
21,20,21,20,19,1
21,20,21,20,18,1
21,20,21,20,19,2
21,20,21,20,18,2
21,20,20,19,18,2
20,20,20,20,18,1
21,20,21,20,18,2
21,20,20,20,18,2
20,20,20,19,18,2
20,20,20,20,18,1
20,20,20,20,19,2
21,20,21,20,19,2
21,20,20,19,18,2
20,20,20,19,18,2
20,20,20,20,18,2
21,21,20,20,18,3
20,20,20,19,18,1
20,19,20,19,18,2
20,19,20,20,18,2
20,20,20,20,18,1
20,20,20,20,18,2
20,20,20,19,18,1
20,20,20,20,19,1
21,20,20,20,18,2
20,20,20,20,19,1
21,20,21,20,19,1
21,20,21,20,19,1
21,20,21,20,19,1
21,20,21,20,19,1
21,20,20,20,18,2
20,20,20,20,18,2
20,19,20,19,18,2
20,19,20,19,18,2
19,19,20,19,18,1
20,19,19,19,18,2
19,19,20,19,18,2
20,19,19,19,18,2
19,19,19,18,17,2
19,19,19,18,17,2
19,18,19,18,17,2
19,19,19,19,18,2
19,19,20,19,18,2
20,19,19,18,17,2
19,18,19,18,17,2
19,18,19,18,17,2
19,18,19,18,17,1
19,18,18,18,17,2
19,18,19,18,17,3
19,18,19,19,17,2
19,19,19,19,17,2
19,19,19,19,17,2
19,19,19,19,18,1
19,19,19,19,17,1
18,18,18,18,17,2
19,18,19,18,17,2
19,19,19,19,17,3
19,18,19,19,17,1
19,18,19,18,17,1
18,18,19,18,17,2
19,18,18,17,16,3
18,17,18,17,16,2
18,18,18,18,17,2
19,18,19,18,17,2
19,18,19,18,17,2
19,18,19,18,17,1
19,18,19,18,17,1
19,19,19,19,18,2
20,19,19,19,17,1
19,19,19,19,17,1
19,19,19,19,18,1
19,19,19,19,18,1
20,19,20,19,18,1
20,19,20,19,18,1
19,19,19,18,17,2
19,19,19,19,18,1
20,19,19,19,18,1
20,20,20,20,18,2
20,20,20,20,18,1
20,20,20,20,18,1
20,20,20,20,18,1
20,20,20,20,18,1
21,20,20,19,18,2
20,20,20,19,18,1
20,20,20,20,18,1
20,19,20,19,18,2
19,19,19,18,17,2
19,18,19,18,17,1
19,18,19,18,17,1
19,18,18,18,17,1
18,18,18,18,17,1
18,18,18,18,17,2
18,18,18,17,16,2
18,17,18,17,16,2
17,17,17,16,15,4
17,17,17,17,16,3
17,17,17,17,16,2
18,17,18,17,16,2
18,17,18,17,16,1
18,17,18,17,16,1
18,17,17,17,16,2
18,17,18,17,16,1
18,18,18,18,16,1
18,17,18,17,16,2
18,17,18,17,16,1
18,17,18,17,16,1
18,18,18,17,16,1
18,17,18,17,16,1
18,17,18,17,16,1
18,17,18,17,16,1
18,17,18,17,16,1
18,17,18,17,16,2
18,18,18,18,17,3
19,19,19,18,17,4
19,19,19,19,17,2
19,19,19,18,17,2
19,18,19,18,17,2
19,18,18,18,17,2
19,19,19,19,18,2
19,19,19,19,17,1
19,19,19,19,17,1
19,19,20,19,18,2
20,19,20,19,18,2
20,19,19,19,18,2
20,20,20,19,18,2
20,20,20,20,18,2
21,20,21,20,19,2
20,20,20,20,19,2
21,20,21,20,19,2
21,20,21,20,19,1
21,20,21,20,19,2
21,20,21,20,19,2
21,21,21,21,19,3
21,21,21,20,19,2
21,20,21,20,19,1
21,21,21,21,19,2
21,21,21,21,20,2
22,21,22,22,20,2
22,22,22,22,20,3
23,22,23,22,21,1
23,22,23,22,20,2
23,22,23,22,21,2
23,22,23,22,21,2
23,22,23,22,20,2
22,22,23,22,20,2
22,22,22,22,20,2
23,22,23,22,21,2
24,24,24,24,23,7
25,24,25,24,22,2
24,24,24,24,22,2
24,24,24,24,22,2
25,25,25,25,23,2
25,24,24,24,22,3
24,24,24,23,22,2
24,23,23,23,22,2
24,24,24,23,22,2
24,24,24,24,22,1
25,24,25,24,22,2
25,24,25,24,22,2
25,24,25,24,23,1
25,24,24,24,22,2
25,24,25,25,23,1
25,25,25,25,23,1
25,24,25,24,23,1
25,25,25,25,23,2
26,25,26,25,24,2
26,26,26,26,24,2
26,26,26,25,23,3
26,25,26,25,23,2
26,25,26,25,24,1
26,26,26,25,23,1
26,25,25,24,22,2
25,24,25,24,22,2
25,24,24,24,22,2
24,24,24,23,22,2
24,24,24,24,22,2
25,24,25,24,23,1
25,25,25,25,23,2
26,25,25,24,23,3
25,24,25,24,22,1
25,24,25,24,22,1
25,25,25,25,23,1
25,24,26,25,23,0
25,24,25,24,23,1
25,25,25,25,23,1
26,25,25,25,23,1
25,24,24,24,22,2
25,24,24,24,22,1
24,23,24,23,22,2
23,23,23,23,21,2
24,23,23,23,21,2
23,23,23,23,21,2
24,24,24,23,22,1
24,24,24,23,22,1
24,23,24,23,21,2
24,23,23,23,21,2
23,26,24,24,23,5
26,25,26,25,23,2
25,25,25,25,23,3
26,25,25,25,23,3
26,25,26,25,23,2
26,25,26,25,23,2
26,25,26,25,23,2
26,25,26,26,24,1
26,26,26,26,24,2
27,26,27,26,24,2
27,26,27,26,24,2
27,26,27,26,24,2
27,26,26,25,23,2
27,26,26,25,24,2
26,25,26,25,23,2
26,25,24,24,22,2
24,24,24,23,22,2
24,24,24,24,22,2
25,25,25,24,23,3
25,24,25,24,22,2
25,25,25,25,23,1
26,25,26,25,23,1
26,26,26,26,24,2
27,27,27,27,25,2
28,27,28,27,25,2
29,28,28,27,25,1
28,27,28,27,25,1
28,27,27,27,25,2
28,27,28,27,25,1
28,28,28,27,25,1
28,27,28,27,25,1
28,28,28,28,26,1
29,28,28,27,25,2
28,27,28,27,25,2
28,27,28,27,25,1
28,27,28,27,25,1
27,26,27,26,24,1
27,27,27,27,25,1
27,28,28,27,25,2
28,27,28,28,25,2
29,28,29,28,26,1
29,28,29,28,26,1
29,28,29,28,26,1
30,28,29,28,26,1
29,28,28,28,26,3
28,28,28,28,26,1
28,28,28,28,26,1
29,28,29,29,26,1
29,29,29,28,26,1
30,29,29,28,26,1
29,29,30,29,27,1
30,29,30,29,26,1
29,28,29,28,26,1
29,29,29,29,27,1
29,29,30,29,26,1
29,29,29,29,27,1
30,29,30,29,26,1
29,29,29,29,26,1
29,28,29,28,26,1
29,28,29,29,26,1
30,29,30,29,27,1
30,29,30,29,27,1
30,29,30,29,27,1
30,30,30,30,27,1
31,30,31,30,28,1
31,30,31,30,28,1
31,30,30,30,27,2
31,30,31,30,28,1
31,30,31,30,28,1
31,30,31,30,28,1
33,33,33,32,29,4
32,32,32,32,29,2
33,32,33,32,29,2
32,32,33,32,29,1
33,32,33,32,29,1
33,32,32,31,29,2
33,32,32,32,29,1
33,32,33,32,29,2
33,32,33,32,30,1
33,33,33,32,29,1
33,32,33,32,29,1
33,32,33,32,29,1
32,31,32,31,29,2
32,31,32,31,29,1
31,31,32,31,29,1
32,31,32,31,29,1
32,32,32,32,30,2
33,32,33,32,30,1
33,32,33,32,30,1
34,32,33,32,30,1
33,33,33,33,30,1
33,32,34,32,30,1
34,33,34,33,30,1
34,33,33,32,30,2
33,33,33,33,30,1
33,33,33,33,31,1
34,33,34,33,31,1
34,33,34,33,31,1
34,34,34,34,31,1
35,34,35,34,31,1
35,34,34,34,31,1
34,33,35,33,31,1
34,33,34,33,31,1
34,33,33,32,30,1
33,32,33,32,30,1
33,33,33,32,30,1
34,33,34,33,31,2
35,34,35,34,32,2
35,35,35,35,32,1
36,35,36,35,33,1
36,35,36,35,33,2
32,34,31,34,32,3
35,34,35,34,31,2
36,35,35,35,32,2
36,35,36,36,33,2
37,36,37,36,34,2
38,36,37,36,34,1
38,37,37,36,34,1
37,36,37,36,33,1
36,36,37,36,34,2
38,36,37,36,33,1
37,36,36,36,34,1
37,37,37,37,34,1
38,37,38,37,35,1
38,37,38,37,35,1
39,38,38,37,34,1
38,37,38,37,35,1
39,37,38,37,35,1
38,38,38,38,35,1
39,39,39,39,36,1
40,40,40,39,37,2
41,39,40,39,36,1
41,40,41,40,37,1
41,40,41,40,37,1
41,41,42,40,37,1
44,42,43,41,38,3
42,42,43,42,39,2
44,43,44,43,40,2
44,43,44,43,39,1
44,43,44,42,39,1
44,43,42,42,39,3
43,42,43,42,39,1
44,42,44,42,39,1
44,43,44,43,40,1
44,44,44,44,41,2
45,44,45,44,41,1
46,45,46,45,41,1
46,45,46,45,42,1
46,45,46,45,42,1
47,45,46,45,42,1
46,45,47,45,42,1
47,45,46,45,42,1
46,45,46,44,41,1
46,45,46,44,41,1
45,44,45,44,41,1
45,44,45,44,41,1
45,44,45,44,41,1
45,44,45,44,41,1
45,44,45,44,41,1
45,43,44,43,40,2
44,43,44,42,39,1
43,42,43,42,39,2
43,42,43,42,39,1
44,42,43,42,39,1
44,43,44,43,40,1
44,43,43,42,39,1
43,42,43,42,39,1
42,42,42,42,39,1
43,43,44,42,39,1
44,43,44,43,40,1
44,43,44,43,40,1
45,43,44,43,40,11
44,43,44,43,40,2
44,44,44,43,40,1
45,44,45,44,41,1
46,44,46,45,41,1
46,45,46,45,41,1
46,45,46,44,41,1
46,44,45,44,41,1
45,45,45,45,42,1
47,45,46,44,41,1
45,44,45,44,41,1
46,45,46,45,42,1
46,45,46,45,42,1
46,45,46,44,41,1
46,45,46,45,41,1
46,45,46,45,42,1
47,45,46,45,42,1
46,45,46,45,42,1
46,45,46,44,41,1
46,45,46,45,42,1
47,45,46,45,42,1
47,46,47,45,42,1
47,46,47,46,42,1
47,46,47,46,43,1
48,46,47,45,42,1
47,45,46,45,41,1
46,45,45,44,41,2
45,44,44,43,40,2
44,43,44,43,40,1
44,43,44,43,40,1
44,43,44,43,40,1
44,43,44,42,39,1
43,42,43,42,39,1
42,40,39,39,36,4
40,39,39,38,35,2
40,39,40,39,36,2
40,39,40,39,36,1
39,40,39,40,37,2
41,40,38,37,35,2
39,38,39,38,35,2
40,39,40,38,36,2
40,40,40,40,37,1
41,40,40,39,36,1
40,40,40,40,37,1
41,40,41,40,37,1
41,40,41,40,37,1
41,40,41,40,37,1
41,40,41,40,37,1
41,40,41,40,37,1
41,40,41,40,37,1
41,40,41,39,37,1
40,40,40,40,37,1
41,40,41,40,37,2
41,40,41,39,37,1
41,40,40,40,37,1
41,41,41,40,37,1
42,40,41,40,38,1
42,41,42,41,38,1
43,41,42,41,39,2
43,41,43,41,38,1
43,42,43,41,38,1
43,42,43,42,39,1
43,41,42,41,38,1
42,41,42,41,38,1
42,41,43,41,39,2
43,41,43,42,39,1
43,42,43,42,39,1
43,42,43,41,39,1
43,42,43,42,39,1
43,42,43,41,38,1
43,42,43,42,39,1
43,42,43,42,39,1
43,42,44,42,39,1
44,43,44,43,40,1
44,44,44,43,40,1
45,43,44,43,40,1
44,43,44,42,39,1
43,42,43,41,38,1
43,41,42,41,39,1
43,42,43,41,38,1
43,42,43,41,39,1
43,42,43,42,39,1
43,42,43,42,39,1
43,42,43,42,39,1
43,43,44,43,40,1
44,42,43,42,39,1
44,44,44,44,40,1
45,44,45,44,41,1
45,44,45,44,41,1
45,44,45,44,41,1
45,45,46,44,41,1
46,45,46,44,41,1
46,45,46,45,42,1
46,45,46,44,41,1
45,44,45,43,40,1
45,44,43,42,39,2
43,42,43,42,39,1
44,42,44,42,39,1
43,42,43,42,39,1
43,42,43,41,38,2
42,42,42,41,38,1
43,41,42,41,38,1
43,42,43,42,39,1
44,43,44,43,40,1
44,44,44,43,40,1
45,44,45,43,40,1
45,43,44,43,40,1
44,43,44,42,39,1
44,43,44,43,40,1
44,43,44,43,40,1
44,44,44,44,41,1
45,44,45,44,41,1
45,44,45,44,41,1
45,44,45,44,41,1
47,46,47,45,42,1
47,46,47,46,42,1
47,46,47,46,43,1
48,47,48,47,44,1
48,47,48,46,43,1
48,47,48,46,43,1
48,46,48,46,43,1
50,51,50,51,47,4
52,52,52,52,48,2
54,52,53,52,48,1
54,52,54,52,48,1
54,52,53,51,47,2
53,52,53,52,48,1
55,54,55,53,49,2
55,54,55,53,49,1
55,53,55,53,49,1
55,53,54,53,49,1
54,52,54,52,48,1
54,52,53,52,48,1
54,52,54,52,48,1
53,52,53,51,47,1
53,52,53,52,48,1
54,52,53,52,48,1
53,52,53,52,48,1
53,52,53,52,48,1
54,52,53,51,47,1
53,52,53,52,48,1
53,51,53,51,47,1
52,51,52,51,47,1
53,52,53,52,48,1
54,52,53,52,48,1
53,52,53,51,47,1
53,51,53,52,48,1
53,52,53,52,48,1
54,52,54,52,48,1
53,52,53,51,48,1
53,52,53,52,48,1
54,53,54,52,49,2
56,54,55,54,50,2
56,54,56,54,50,1
56,54,56,54,50,1
56,54,56,54,50,1
55,54,55,54,50,1
55,54,55,53,49,1
55,53,54,53,49,1
56,55,55,53,49,1
55,54,55,54,50,1
56,54,55,53,49,1
55,54,55,54,50,1
55,53,54,53,49,1
54,53,54,52,48,2
53,51,53,51,48,1
53,51,53,51,48,1
53,52,53,51,48,1
53,51,52,50,47,1
52,51,52,51,47,1
52,51,52,50,47,1
52,50,51,50,47,1
51,50,51,50,47,1
51,49,51,49,46,1
51,50,50,50,46,1
51,50,51,50,47,1
52,50,52,50,47,1
52,51,52,50,47,1
52,50,51,49,46,2
51,50,51,50,46,1
52,50,52,50,47,1
51,50,52,50,47,0
51,49,51,49,46,1
50,50,50,50,47,1
51,50,50,49,46,1
50,49,51,49,46,2
51,50,51,50,47,1
52,51,52,51,48,1
52,52,53,52,48,2
53,52,52,50,47,2
52,51,52,50,47,3
52,51,52,51,48,1
53,51,52,50,47,1
51,50,51,50,46,1
51,49,51,49,46,1
51,49,50,49,46,1
51,49,51,49,46,1
50,49,50,49,46,1
50,49,50,49,46,1
50,49,49,47,45,2
49,49,49,49,46,2
50,49,50,49,46,1
50,49,50,49,46,1
51,52,52,51,48,2
53,52,53,51,48,2
53,51,53,51,48,1
53,51,52,51,48,1
52,51,52,51,48,1
53,52,53,52,49,1
54,52,54,52,49,1
54,53,54,53,49,1
54,53,54,53,50,1
54,53,54,52,49,1
54,53,54,52,49,1
54,53,54,52,49,1
54,52,53,51,48,1
53,52,53,51,48,1
53,52,53,51,48,1
53,52,53,51,48,1
53,52,53,51,48,1
57,56,57,56,53,3
58,56,58,56,53,1
58,57,58,56,52,1
58,56,58,56,52,1
57,56,57,56,53,1
59,59,59,58,55,2
60,58,60,58,54,1
60,58,60,58,54,1
60,58,58,56,53,1
58,57,58,56,52,1
58,56,58,56,52,1
58,57,58,57,53,1
59,57,59,57,53,1
59,57,58,56,53,1
58,57,58,56,52,1
57,56,55,55,52,2
57,55,56,55,51,1
57,55,57,55,52,1
57,56,57,55,51,1
57,55,57,55,51,1
56,55,56,55,51,1
56,54,56,54,51,1
55,53,55,53,50,1
56,55,56,54,51,1
56,55,56,55,51,1
57,56,57,56,52,1
57,55,57,55,52,1
57,56,57,55,52,1
57,56,57,56,52,1
58,57,58,57,53,1
59,57,59,57,53,1
59,58,59,58,54,1
60,58,60,58,54,1
60,58,60,58,54,1
60,58,60,58,54,1
60,58,60,58,54,3
60,58,59,58,54,1
59,57,59,57,53,1
59,57,58,56,53,1
58,57,58,56,53,1
58,56,58,56,52,1
58,57,58,56,53,1
58,56,57,55,51,2
56,55,56,55,51,1
57,55,57,55,51,1
57,56,57,56,52,1
58,57,58,57,54,1
59,57,59,57,54,0
59,57,59,57,53,1
59,57,59,57,53,1
59,57,58,56,53,1
58,57,58,57,53,1
59,57,59,57,53,1
59,57,58,57,53,1
58,57,59,57,53,1
59,57,58,56,53,1
58,56,58,56,52,1
58,56,58,56,52,1
58,56,57,56,52,1
58,56,56,54,51,1
56,55,56,55,51,1
56,55,56,54,51,1
56,55,56,55,51,1
57,55,56,54,51,1
56,56,56,56,52,1
58,56,58,56,52,1
58,56,58,56,52,1
58,56,58,56,52,0
58,56,57,55,51,2
56,55,56,55,51,1
56,55,56,54,51,1
56,54,55,53,50,2
55,54,55,53,50,1
55,54,55,54,50,1
56,54,53,51,48,3
53,53,53,53,49,2
55,53,54,54,50,1
55,55,55,55,51,2
56,55,55,54,51,1
56,55,56,54,50,1
56,54,56,54,51,2
55,54,56,54,50,1
56,55,56,55,51,1
57,55,55,53,50,1
55,53,55,53,49,1
55,53,54,52,49,1
54,53,54,52,49,1
54,52,54,52,49,1
54,53,53,52,48,1
53,52,53,51,48,2
53,51,53,51,48,1
53,52,53,51,48,1
53,52,53,52,48,1
53,52,53,52,49,1
54,52,54,52,49,1
55,53,54,53,49,1
54,53,52,51,48,2
53,51,52,51,47,1
52,50,50,49,46,2
50,49,49,49,46,2
51,50,51,50,47,2
52,51,52,50,47,1
52,50,52,50,47,1
52,50,51,49,46,1
51,50,50,49,46,1
51,49,51,49,46,1
51,49,51,49,46,1
51,49,50,49,46,1
50,49,50,48,45,1
50,48,50,48,45,1
50,49,50,49,46,1
51,50,51,49,46,1
51,50,51,50,47,1
52,50,52,50,47,1
52,50,51,49,46,1
51,49,50,49,46,1
50,49,50,48,45,1
50,49,50,49,46,1
51,50,51,49,46,1
51,49,51,49,46,1
50,49,50,48,45,1
50,50,50,50,46,2
51,53,51,53,50,4
55,54,54,53,50,2
56,55,56,54,51,2
56,55,56,54,50,2
55,54,55,53,50,2
55,54,55,54,50,1
56,54,55,54,50,1
55,54,55,54,50,2
56,55,56,55,51,2
57,55,55,53,50,2
55,54,54,52,49,2
54,52,53,52,49,1
52,51,51,51,47,2
53,54,53,53,50,2
55,53,53,52,49,2
53,52,52,51,48,2
54,53,54,52,48,2
53,51,53,51,48,1
53,52,52,51,48,1
53,52,53,51,48,1
53,53,53,52,49,2
55,53,54,52,49,1
54,53,54,53,50,1
54,53,54,53,49,1
54,53,54,52,49,1
55,53,54,53,50,1
55,54,55,53,49,1
55,53,55,53,50,1
54,54,54,53,50,1
55,53,53,51,48,2
52,51,52,50,47,2
51,51,51,51,48,1
53,51,52,50,47,1
52,51,52,51,47,1
53,52,53,51,48,2
53,51,52,50,47,2
52,51,51,50,47,1
51,50,51,49,46,2
55,55,54,55,51,4
58,57,57,56,53,2
58,57,58,57,53,3
59,57,58,56,53,1
58,57,59,57,53,2
59,58,59,58,54,2
60,59,59,58,54,2
59,58,59,57,53,2
59,57,58,56,53,1
60,58,59,57,53,1
58,57,57,56,53,1
58,58,58,57,54,1
59,58,59,57,53,1
59,58,58,58,54,2
61,60,61,60,56,2
62,60,62,60,56,1
62,60,61,59,55,1
62,60,62,60,56,1
62,61,62,60,57,1
62,62,62,62,58,1
64,62,64,62,58,1
64,62,64,62,58,1
64,63,64,63,58,1
65,63,65,63,59,1
65,63,64,62,58,1
63,62,64,62,58,1
64,62,64,62,58,1
64,62,62,60,56,2
61,60,61,59,55,2
61,59,61,59,56,1
62,61,62,60,56,1
62,60,62,60,56,1
61,61,61,61,57,2
62,60,58,56,53,3
58,57,58,56,53,2
58,57,58,57,53,1
59,57,59,57,53,1
58,56,57,56,52,2
57,56,57,56,53,1
57,56,57,55,53,1
57,56,57,55,53,1
57,55,56,55,53,1
57,57,57,57,54,2
58,57,58,57,55,1
59,57,59,57,55,2
59,57,59,57,55,0
59,57,59,57,55,1
59,57,58,57,54,1
58,58,58,56,54,2
59,58,58,57,54,2
59,57,59,57,55,1
59,57,58,56,54,1
58,57,58,58,55,1
59,58,58,57,54,1
59,57,58,56,54,1
59,57,58,57,55,1
59,58,59,57,55,1
59,60,60,60,57,2
62,60,60,58,56,2
59,59,59,58,56,1
60,58,60,58,56,1
60,59,59,57,55,1
59,58,59,57,55,1
58,58,59,58,56,2
60,60,60,58,56,2
60,58,59,57,55,1
58,56,57,55,53,2
57,55,57,55,53,2
57,56,57,55,53,1
58,56,57,56,54,1
57,56,56,54,52,1
57,55,56,55,53,1
57,56,56,55,53,1
57,55,55,54,52,2
56,55,56,54,52,2
55,54,55,53,51,1
55,54,56,54,52,1
55,54,55,53,51,1
55,53,54,53,51,1
55,53,55,53,51,1
55,53,55,53,51,1
55,54,55,54,52,1
55,53,55,53,51,1
55,54,55,54,52,1
56,55,56,55,53,1
57,55,57,55,53,1
57,55,56,54,52,1
56,55,56,55,53,1
57,55,57,55,53,1
57,56,57,55,53,1
57,56,57,55,53,1
57,56,57,56,53,1
58,56,57,55,53,1
56,55,55,55,53,2
56,55,56,55,53,1
57,55,57,55,53,1
57,55,56,55,53,1
57,55,56,55,53,1
56,54,56,54,52,1
56,55,56,55,53,1
57,56,57,55,53,1
57,56,57,55,53,1
57,56,57,56,54,1
61,62,61,61,59,4
63,61,62,60,58,2
62,61,62,61,59,1
64,62,63,61,59,1
64,62,62,60,58,1
63,61,63,61,59,1
63,61,62,61,58,1
63,61,63,61,59,1
64,62,64,62,59,1
64,62,63,62,59,1
64,63,64,62,60,1
64,63,64,63,60,1
65,63,65,63,61,1
66,64,66,63,61,1
65,63,65,63,61,1
65,63,65,63,61,1
65,63,65,63,61,1
65,64,65,63,61,1
66,64,64,62,59,1
63,62,63,61,58,1
63,61,62,60,58,1
62,61,62,61,58,1
63,61,63,61,59,1
63,61,62,61,58,1
63,62,63,62,59,1
64,62,63,61,59,1
64,62,64,62,59,1
63,61,63,61,59,1
63,62,63,62,59,1
64,61,63,61,59,1
63,62,63,61,59,1
64,62,64,62,59,2
64,62,63,61,59,1
63,62,63,62,59,1
64,62,63,61,59,1
64,62,63,62,60,1
64,62,64,62,59,1
64,63,64,63,60,1
65,63,64,63,60,1
65,63,63,61,59,1
63,61,62,61,59,1
62,61,62,60,58,1
62,60,61,60,58,1
62,60,59,57,55,2
57,57,57,56,54,2
59,57,58,56,54,1
58,57,58,57,55,1
59,58,59,58,56,1
61,60,60,59,57,1
61,60,60,58,56,1
60,60,60,59,57,1
62,60,60,59,57,1
60,59,60,58,56,1
60,60,60,59,57,1
61,61,61,61,58,1
62,60,61,60,57,2
62,61,62,60,58,1
62,60,61,59,57,2
62,61,62,61,59,2
63,61,62,60,57,1
63,61,62,60,58,1
63,61,62,61,58,1
63,61,62,60,58,1
60,59,59,58,56,2
60,59,60,59,57,1
61,60,60,60,57,1
62,60,61,59,57,1
62,61,62,61,58,1
62,61,62,60,58,1
63,61,62,60,58,1
63,61,61,60,58,1
62,60,61,59,57,1
60,59,59,58,56,1
61,60,61,60,58,1
62,60,61,59,57,1
61,60,61,59,57,1
62,60,60,58,56,1
60,59,60,58,56,1
61,59,60,58,56,1
60,59,60,58,56,1
60,58,58,57,55,2
60,58,60,58,56,1
60,58,60,58,56,1
59,58,59,57,55,1
59,57,58,57,54,2
59,59,59,57,55,1
59,57,58,56,54,1
58,58,58,58,56,1
60,59,60,58,56,1
60,59,60,58,56,1
60,58,59,57,55,1
58,57,56,54,52,2
56,55,55,54,52,2
56,55,56,54,52,1
55,54,55,53,52,1
55,54,54,54,52,3
56,54,54,52,50,1
54,53,55,53,51,1
55,54,55,54,52,1
55,54,55,54,52,1
56,56,56,56,54,2
57,56,57,55,53,1
57,58,57,57,55,1
59,58,58,57,54,1
58,57,58,57,55,1
59,58,59,58,55,1
59,58,59,58,55,1
60,58,59,58,56,1
60,58,60,58,56,1
59,58,60,58,56,1
61,60,61,60,57,2
62,60,62,60,58,1
62,61,62,60,58,1
62,61,62,61,58,1
61,59,61,59,57,2
62,61,62,60,57,1
61,60,61,59,57,1
61,60,61,60,58,1
61,60,62,60,58,1
62,61,62,61,59,1
62,60,60,58,56,2
60,58,59,57,55,1
59,59,60,59,57,2
61,60,61,59,57,1
61,59,60,58,56,1
60,59,60,58,56,1
60,59,60,58,56,1
61,59,61,59,57,1
61,59,60,58,56,1
60,59,59,58,55,2
59,58,59,58,56,1
60,58,60,58,56,1
60,59,60,59,57,1
61,59,61,59,57,1
61,60,61,59,57,1
61,60,61,60,57,1
62,62,62,62,59,1
63,63,63,63,60,1
64,63,64,63,60,1
64,63,64,63,60,2
65,64,65,63,61,2
66,64,66,63,61,1
65,64,65,64,61,1
66,65,66,64,61,1
66,64,65,63,61,1
65,63,64,62,59,2
64,63,64,62,60,1
65,63,63,62,59,2
61,61,60,60,58,3
62,63,62,62,60,2
64,63,64,62,60,3
64,62,63,61,58,1
63,62,63,62,59,1
64,63,64,62,59,1
63,61,63,61,59,1
63,62,63,62,59,2
63,63,63,62,60,1
65,63,65,63,60,1
65,63,65,63,60,1
65,64,65,63,61,1
66,64,65,64,61,1
66,64,66,64,62,1
67,65,67,65,63,1
68,66,68,66,63,1
68,67,68,67,64,1
69,67,69,67,64,1
69,67,68,66,64,1
68,67,68,66,63,1
68,67,68,67,64,1
69,67,69,66,64,1
68,67,69,66,64,1
68,67,68,67,64,1
69,68,69,68,65,1
70,68,70,68,65,1
70,68,70,68,66,1
70,68,70,68,65,1
70,68,70,68,65,1
70,68,69,67,65,1
69,68,69,67,65,1
70,68,69,67,65,1
69,68,70,67,65,1
69,67,69,67,65,1
73,74,73,74,71,3
74,75,74,75,72,2
77,75,77,74,71,2
76,76,76,76,73,2
78,76,76,74,71,2
76,75,77,75,72,2
77,75,75,73,71,1
75,74,75,74,72,1
77,75,76,75,73,1
77,75,76,74,72,1
76,76,77,76,74,1
78,76,77,74,72,1
77,77,77,76,74,1
79,78,79,78,76,1
80,78,79,77,75,1
80,78,79,77,75,1
80,78,80,78,75,1
81,79,80,78,76,1
80,78,79,77,74,1
79,77,79,76,74,1
77,76,77,76,74,1
78,77,78,77,75,1
79,77,78,76,74,1
79,77,79,76,74,1
79,77,79,77,75,1
80,79,80,79,76,1
82,80,80,78,75,1
79,77,78,76,74,2
79,77,79,77,75,1
79,77,79,77,75,1
79,78,79,78,76,1
81,81,80,81,79,1
84,82,82,79,77,1
83,81,83,80,78,1
83,81,82,80,77,2
83,80,81,79,76,1
81,79,80,78,76,1
82,82,82,80,78,2
83,81,82,79,77,1
82,81,82,81,78,1
84,82,84,81,79,1
83,81,83,81,79,1
84,83,84,83,80,1
86,83,85,83,80,1
86,83,84,82,80,1
85,83,85,83,81,1
86,84,86,84,81,1
87,84,85,83,80,1
86,83,85,83,80,1
86,83,85,82,80,1
85,83,85,83,80,1
85,83,85,83,81,1
86,84,86,83,81,1
86,84,85,84,81,1
86,84,85,83,80,1
86,84,86,84,82,1
87,85,86,84,82,1
87,85,87,84,81,1
87,85,86,84,82,1
86,86,86,86,84,1
89,86,88,86,83,1
89,86,86,83,81,1
86,86,86,86,84,1
89,88,88,88,86,1
89,86,86,83,81,2
84,82,81,79,77,2
83,81,83,80,78,1
84,82,83,81,79,1
81,81,78,79,77,2
81,79,79,77,75,2
80,78,79,78,75,1
80,78,79,78,75,1
80,78,78,76,73,1
79,77,78,76,74,1
79,77,78,76,74,1
80,77,79,77,75,1
79,78,80,77,75,1
80,79,80,79,77,1
81,79,80,78,76,1
81,78,80,77,75,1
79,78,79,77,75,1
80,78,80,78,76,1
80,79,79,79,76,1
81,79,81,79,77,1
82,81,82,80,78,1
82,80,82,80,78,1
83,81,82,80,78,1
84,82,83,81,79,1
84,82,83,82,79,1
84,83,85,83,80,1
86,83,85,82,80,1
85,82,82,80,78,1
83,81,82,80,78,1
83,82,83,82,80,1
84,82,83,81,79,1
83,81,82,80,77,1
82,81,82,80,78,1
83,81,83,81,79,1
84,82,83,82,79,1
84,82,84,82,79,2
84,81,83,81,79,1
84,82,84,81,79,1
85,82,83,80,78,1
83,83,83,83,80,1
86,85,86,85,82,1
87,85,87,85,82,1
88,86,87,84,81,1
86,84,83,80,77,1
83,81,82,81,78,1
83,81,83,81,78,1
84,81,83,80,78,1
83,83,83,83,80,1
86,84,84,83,80,1
86,83,84,83,81,1
85,83,86,83,81,1
87,86,87,85,83,1
88,85,86,84,81,1
87,85,87,84,81,1
87,84,85,84,81,1
86,84,85,84,81,1
86,84,85,83,81,1
86,83,83,81,79,1
84,82,84,81,79,1
84,82,84,82,79,1
84,83,84,83,80,1
85,83,85,82,80,1
84,82,83,83,80,1
86,83,85,82,80,1
85,83,85,83,81,1
86,85,86,85,83,1
88,85,86,84,81,1
88,85,82,79,77,2
82,82,82,81,79,2
84,82,83,81,78,1
83,81,83,80,78,1
83,80,82,80,78,1
82,80,82,79,77,1
82,79,81,79,76,1
82,79,81,79,77,1
83,81,83,80,78,1
83,82,83,81,78,1
83,81,82,81,79,1
83,81,83,81,79,1
84,82,84,81,79,1
84,82,84,82,79,1
85,83,84,83,80,1
86,84,86,84,81,1
86,84,86,84,81,1
86,85,86,84,82,1
87,86,84,82,79,1
85,83,85,83,80,1
86,84,85,82,80,1
86,83,85,82,80,1
85,83,85,83,81,1
85,83,84,81,79,1
84,82,83,82,79,1
84,83,84,83,80,1
86,84,85,83,80,1
87,84,85,83,80,1
86,85,86,85,82,1
88,86,87,85,83,1
88,86,88,86,84,1
89,86,89,86,83,1
89,87,88,87,84,2
90,88,90,87,84,1
90,88,90,87,84,1
90,87,89,86,84,1
89,87,89,87,84,1
89,87,89,87,84,1
89,86,88,86,84,1
89,88,90,88,85,1
90,90,90,90,88,1
95,93,94,92,90,1
96,93,95,92,89,1
96,93,95,92,89,1
95,94,95,93,91,1
97,94,96,94,91,1
98,95,97,94,91,1
97,94,96,93,90,1
96,93,95,92,90,1
95,93,95,93,90,1
96,94,96,94,91,1
96,94,95,93,90,1
97,94,96,93,91,1
95,92,93,89,87,1
92,90,90,90,87,1
93,90,91,88,86,1
90,88,90,87,85,1
90,88,88,85,82,1
88,86,87,85,82,1
88,87,88,87,84,1
88,88,88,86,84,1
90,87,88,86,84,1
88,86,88,86,83,1
88,86,88,85,83,1
88,87,87,85,83,2
88,87,88,86,84,1
88,86,88,86,83,1
88,86,88,86,83,1
89,87,89,87,84,1
89,86,88,85,82,1
88,88,85,87,85,2
90,87,88,85,82,1
87,85,86,84,81,1
84,81,81,79,76,2
83,80,81,78,76,2
80,79,78,78,76,2
78,77,77,76,74,2
75,75,75,74,72,3
77,76,75,73,71,2
76,76,76,74,72,2
77,75,76,75,73,1
77,75,76,74,72,1
74,72,73,71,69,2
65,68,64,67,65,3
70,69,67,65,63,3
64,63,59,59,57,5
56,56,50,50,49,5
53,54,51,50,49,5
49,53,49,51,50,4
54,53,49,50,49,3
50,50,50,48,47,3
50,52,49,51,50,3
56,57,56,56,55,4
55,54,54,53,51,3
57,57,56,57,56,3
62,62,60,62,60,3
62,63,62,63,61,2
64,63,63,61,60,2
63,62,60,61,59,2
64,63,62,60,59,2
60,59,60,58,57,2
60,59,59,58,56,1
59,57,57,55,54,2
59,59,59,59,57,2
62,63,62,61,59,2
63,64,63,63,62,2
67,66,66,66,64,2
69,67,68,66,64,1
67,66,65,63,61,2
65,63,64,62,61,1
66,66,66,64,63,2
67,65,66,65,63,1
66,65,64,62,60,2
64,62,62,61,59,1
62,62,62,61,60,2
62,61,61,60,59,1
60,63,60,61,59,2
63,62,61,60,59,2
62,63,61,62,61,2
65,64,63,61,60,2
61,60,58,57,55,2
59,58,59,58,57,1
60,59,58,58,57,2
60,62,60,61,60,2
64,62,63,61,59,1
64,62,62,60,59,1
62,61,62,60,58,1
61,59,59,58,57,2
59,58,57,57,56,2
59,59,59,59,58,1
61,64,62,63,63,2
67,65,65,64,64,2
66,65,66,65,64,1
66,64,65,64,63,1
65,64,64,64,64,1
67,66,67,65,65,1
68,68,68,67,67,2
71,70,70,69,68,2
72,71,71,71,70,2
72,71,72,70,69,2
74,72,73,71,71,2
75,74,74,74,73,2
78,76,77,75,75,2
79,79,79,78,78,2
80,78,79,76,76,2
79,77,76,74,74,2
77,76,75,73,73,1
74,72,72,69,69,2
70,71,70,68,67,2
68,69,68,68,68,1
73,72,72,71,70,2
73,72,73,71,71,1
73,71,73,71,71,1
74,72,73,70,70,2
72,70,71,70,69,1
73,72,73,72,71,1
74,72,72,69,69,1
72,71,71,70,70,1
72,71,71,69,68,1
71,69,70,68,68,1
71,69,70,69,68,1
70,70,70,69,69,1
72,73,72,72,72,1
75,72,74,71,71,1
76,74,75,73,73,1
75,73,74,71,71,1
73,71,72,70,69,1
72,71,72,69,69,1
71,69,71,69,69,1
73,72,73,71,71,1
73,71,71,69,69,1
72,72,72,72,71,1
73,71,72,70,70,1
73,71,72,70,70,1
73,71,72,72,71,1
75,74,75,73,72,1
75,74,75,72,72,1
75,73,74,72,71,1
73,71,72,71,70,1
73,71,72,71,70,1
73,71,72,70,70,1
73,72,72,72,71,1
74,72,71,69,69,1
71,70,71,69,69,1
72,71,71,70,70,1
73,71,71,70,70,1
73,71,73,71,70,1
74,74,74,72,72,2
75,74,74,74,73,1
77,76,76,75,75,1
79,79,79,78,77,1
80,78,79,78,78,1
81,80,81,80,79,1
82,79,81,79,78,1
82,80,81,80,79,1
82,80,82,79,79,1
82,79,80,77,77,1
79,77,79,77,76,1
80,77,78,77,76,1
80,78,79,77,76,1
80,77,79,76,75,1
78,76,77,76,76,1
79,77,78,76,75,1
77,75,77,75,74,1
78,77,77,75,75,1
78,76,77,75,75,1
79,79,79,79,78,1
82,81,81,79,78,1
81,80,80,78,77,1
81,79,81,78,77,1
81,79,78,77,76,1
80,79,79,79,78,1
82,81,82,81,80,1
84,82,83,81,80,1
85,83,84,82,81,1
85,83,85,83,82,1
86,85,86,84,83,1
85,83,85,83,82,1
86,84,86,83,82,2
86,83,82,80,80,1
83,81,83,81,80,1
86,86,86,84,84,1
86,84,85,83,82,1
86,83,84,83,82,1
87,85,86,84,84,1
86,84,86,84,83,1
86,83,85,82,81,1
86,83,85,83,82,1
85,83,85,82,81,1
85,83,83,81,80,1
84,82,84,82,81,1
85,83,85,82,82,1
86,83,85,82,82,1
85,84,85,84,83,1
87,85,87,85,84,1
88,85,87,85,84,1
88,85,87,85,84,1
87,84,85,82,82,1
86,85,86,84,84,1
87,85,87,84,84,1
87,85,87,84,83,1
86,84,84,81,81,1
83,84,83,84,83,1
86,85,86,84,83,1
86,83,84,81,81,1
84,82,83,81,80,1
81,80,78,76,75,2
79,78,79,77,76,1
78,77,78,75,75,1
78,77,78,77,76,1
80,80,80,79,79,1
81,80,80,80,79,1
83,82,83,82,81,1
84,83,83,82,82,1
87,91,87,89,88,2
89,88,85,84,83,2
85,84,83,83,82,1
85,84,84,81,81,1
84,82,83,80,79,1
83,83,83,82,81,1
85,83,84,82,82,1
85,85,85,84,84,1
87,85,86,84,83,1
86,84,86,83,83,1
87,85,86,83,82,1
86,84,85,83,82,1
86,84,84,81,80,1
84,82,84,82,81,1
84,82,83,80,80,1
83,81,82,79,79,2
83,81,83,81,80,1
83,81,82,79,79,1
82,82,82,81,81,1
84,82,84,82,81,1
84,83,84,83,82,1
85,84,85,83,83,1
86,85,86,85,84,1
88,86,88,85,85,1
88,86,87,84,83,1
88,86,87,85,85,1
88,86,88,86,86,1
90,88,88,86,86,1
91,89,90,88,87,1
91,88,89,86,85,2
88,86,86,85,85,1
89,87,89,87,87,1
90,88,90,87,87,1
91,89,91,89,88,1
93,90,92,89,88,1
92,89,92,89,88,1
92,89,90,88,87,1
90,88,89,86,85,1
89,87,88,87,86,1
90,87,89,86,85,1
90,88,90,88,87,1
90,88,89,87,86,1
90,88,89,86,85,1
88,86,88,85,84,1
89,87,89,86,85,1
88,86,86,84,83,1
86,88,86,88,87,1
91,88,88,85,84,1
89,86,88,85,84,1
88,85,87,85,84,1
87,85,86,83,82,1
85,82,83,80,79,1
82,83,83,82,81,1
85,82,81,80,80,1
82,80,82,79,78,1
80,79,80,78,77,1
81,81,81,80,80,1
84,83,84,83,82,1
86,83,84,82,81,1
84,83,84,81,81,1
84,83,84,83,82,1
86,84,85,83,82,1
86,85,86,85,84,1
88,85,86,83,82,1
87,87,87,87,87,1
90,87,89,87,86,1
90,89,90,89,88,1
91,89,90,88,87,1
90,88,90,87,86,1
89,87,89,86,85,1
89,88,89,88,87,1
90,88,89,87,86,1
91,88,88,86,86,1
89,88,88,86,85,1
89,88,89,87,86,1
89,87,89,86,85,1
90,88,90,88,87,1
90,87,89,86,86,1
89,87,88,86,85,1
89,86,86,83,82,1
85,83,83,81,80,1
84,84,84,83,82,1
86,85,86,84,83,2
87,91,87,86,86,2
91,90,90,89,88,1
92,90,91,89,88,1
92,89,90,87,86,1
90,88,89,85,85,1
88,86,87,85,84,1
88,86,88,85,85,1
87,85,86,83,83,2
86,84,85,83,82,1
85,84,84,84,83,1
86,84,85,83,82,1
84,81,80,78,77,2
82,79,80,78,77,2
80,80,80,78,78,1
81,79,81,79,78,1
81,79,81,79,78,1
82,81,82,80,80,1
85,82,84,82,81,1
85,82,83,80,80,1
83,82,83,82,81,1
85,84,85,83,82,1
87,84,86,84,83,1
87,84,86,83,83,1
86,84,85,82,82,1
85,83,84,82,82,1
85,83,84,83,82,1
85,84,85,82,82,1
85,82,82,80,79,1
83,81,83,81,80,1
84,81,83,80,79,1
82,80,81,79,78,1
81,79,81,79,78,1
81,79,80,78,77,1
80,78,79,77,76,1
80,79,80,77,77,1
80,78,79,76,75,1
79,78,79,77,76,1
80,77,77,75,74,2
77,77,78,77,76,1
80,78,78,77,76,1
86,84,85,83,83,2
87,86,87,85,84,1
87,85,86,84,84,1
87,86,88,85,84,1
87,85,85,85,85,1
89,86,88,86,86,1
89,88,89,88,88,1
92,90,90,87,88,1
90,88,89,88,88,1
91,89,91,89,89,1
92,90,92,90,90,1
94,91,92,89,89,1
92,89,91,88,89,1
91,89,90,88,89,1
92,89,91,89,89,1
92,90,92,89,89,1
93,90,91,89,89,1
92,89,91,89,89,1
92,89,91,89,89,1
92,89,91,88,88,1
91,89,90,88,89,1
91,89,91,88,88,1
91,88,90,87,87,1
90,88,89,87,87,1
90,88,90,88,88,1
91,88,90,87,87,1
91,88,90,87,87,1
90,87,89,87,87,1
90,87,90,87,87,1
90,88,88,85,85,2
88,86,88,86,86,1
89,87,88,86,87,1
90,87,89,86,87,1
90,87,90,87,87,1
93,93,92,93,93,2
96,93,95,92,92,1
95,95,96,95,95,1
98,96,97,94,94,1
97,96,97,94,94,1
97,95,97,94,94,1
98,95,97,94,94,1
97,94,96,93,93,1
97,96,97,95,95,1
98,95,96,93,93,1
97,95,97,95,95,1
98,96,98,96,96,1
99,96,99,96,96,1
99,96,98,96,96,1
99,97,97,94,94,1
98,95,95,93,93,1
96,92,93,91,91,1
95,92,94,91,91,1
95,92,95,92,92,1
96,93,95,93,93,1
96,95,96,95,95,1
97,94,96,93,93,1
96,93,95,92,92,1
95,93,95,92,92,1
95,92,95,92,92,1
94,92,94,91,91,1
95,95,95,95,95,1
98,97,98,96,96,1
99,99,99,99,99,1
99,97,98,94,94,2
97,94,96,93,93,1
95,94,95,93,93,1
96,94,95,92,92,1
95,92,94,92,92,1
95,94,95,93,93,1
98,96,98,95,95,1
97,94,96,94,94,1
97,94,96,93,93,1
96,93,94,91,92,1
93,91,92,90,90,1
93,90,92,90,90,1
94,92,94,91,91,1
95,92,93,91,91,1
95,93,95,91,91,1
94,92,93,91,91,1
94,91,93,91,91,1
94,91,93,90,90,1
93,91,92,89,90,1
93,91,93,90,90,1
93,91,92,90,90,1
93,90,91,89,89,1
92,90,92,89,89,1
92,90,92,90,90,1
92,90,92,88,88,1
91,89,91,89,89,1
92,91,92,89,89,1
92,90,92,89,89,1
91,88,90,87,87,1
90,87,87,85,85,1
88,85,87,85,85,1
88,86,87,84,84,2
85,84,84,83,83,1
86,84,86,84,84,1
88,85,87,84,85,1
88,87,88,86,86,1
87,84,85,84,84,2
87,85,85,83,83,1
84,82,82,79,79,2
83,81,82,80,81,1
84,82,83,81,81,1
83,82,82,80,80,1
81,79,80,78,78,1
82,79,81,78,78,1
80,78,79,78,78,1
81,79,81,79,79,1
82,79,80,78,78,1
80,78,80,77,78,1
79,78,79,77,77,1
80,79,79,78,78,1
81,80,80,79,79,1
82,82,82,81,82,1
84,81,83,80,80,1
84,81,82,80,80,1
82,80,81,80,80,1
82,82,82,82,82,1
84,83,84,82,82,1
85,83,85,82,83,1
86,84,86,83,83,1
86,84,86,83,83,1
86,85,86,84,85,1
87,84,86,84,84,1
87,85,87,84,85,1
88,85,87,85,85,1
88,88,88,87,87,1
90,88,90,88,88,1
90,89,90,89,89,1
92,89,91,87,88,1
90,88,90,88,88,1
86,86,85,85,85,2
86,85,86,83,84,1
86,84,86,83,84,1
86,84,86,84,84,1
87,85,87,85,85,1
88,86,87,85,85,1
87,85,87,84,84,1
88,85,86,84,84,1
87,84,86,83,83,1
85,82,83,81,81,1
83,81,82,80,80,1
83,80,82,79,80,1
79,77,77,75,75,2
79,77,78,75,75,1
77,77,76,76,76,2
79,78,78,77,78,1
79,77,78,76,76,1
79,77,76,74,74,1
77,76,77,76,76,1
78,75,78,76,76,0
81,79,81,78,78,1
81,78,79,77,77,1
78,76,78,75,76,1
78,76,77,75,75,1
78,75,76,73,74,1
76,75,76,74,75,1
78,76,77,74,75,1
76,75,76,75,75,1
75,73,74,72,73,1
76,74,75,73,73,1
75,74,75,74,74,1
77,75,76,74,75,1
76,75,77,75,75,1
77,76,77,75,76,1
78,76,78,75,75,1
77,75,77,75,75,1
78,77,78,77,77,1
79,78,79,77,77,1
80,78,80,77,77,1
79,76,77,75,75,1
77,75,75,73,73,1
75,74,75,72,72,1
76,76,76,75,76,2
79,76,77,75,75,1
77,76,77,76,76,1
77,75,77,75,75,1
78,76,77,75,75,1
77,77,76,75,75,1
77,76,77,75,75,1
79,77,78,76,76,1
77,76,76,74,74,1
76,74,74,71,71,2
74,72,72,70,70,2
74,73,73,72,72,1
72,72,73,71,72,1
74,71,71,70,70,2
73,72,73,72,72,2
75,73,74,72,72,1
75,73,75,73,73,1
75,73,74,72,72,1
74,72,73,71,71,1
74,71,73,71,71,1
73,71,72,71,71,1
74,73,74,72,73,1
75,73,74,72,72,1
73,71,72,70,70,1
70,69,69,68,68,2
70,70,70,69,70,1
72,70,71,69,69,1
71,70,70,68,68,1
70,69,70,68,68,1
70,68,68,67,67,1
66,66,66,66,66,2
67,66,66,64,64,1
61,63,61,62,62,2
65,63,63,63,63,2
63,62,63,62,63,2
64,63,62,60,60,2
61,61,61,60,61,2
62,61,60,59,59,1
59,58,56,54,55,2
53,53,51,51,52,3
52,54,52,54,54,3
60,62,59,62,62,3
64,62,60,58,58,2
60,62,60,60,60,2
63,62,62,60,61,2
62,60,60,60,60,2
63,64,63,63,63,2
65,64,64,63,63,1
65,64,64,64,64,2
66,65,65,63,63,1
65,65,66,64,64,1
66,64,64,62,62,1
64,62,63,62,62,1
65,64,64,62,63,1
65,64,65,62,63,1
66,64,65,64,64,1
66,64,65,64,64,1
66,64,64,62,63,1
64,62,64,62,62,1
64,62,63,62,63,1
64,63,63,61,62,1
63,61,61,59,60,1
61,61,61,60,60,1
62,61,62,61,61,1
62,60,61,59,60,1
60,60,60,59,60,2
60,58,59,58,58,1
60,59,60,59,59,1
60,60,60,60,60,1
62,61,61,61,61,1
63,61,63,61,61,0
63,61,63,61,61,0
59,58,58,56,57,1
59,57,57,55,55,1
57,55,57,55,55,0
56,55,56,55,55,1
58,57,58,57,57,1
57,57,57,57,57,1
58,57,58,56,57,1
58,57,58,57,57,1
60,59,57,55,55,2
57,55,57,55,55,0
53,53,52,50,51,1
53,52,52,50,51,1
53,53,53,53,53,0
53,53,53,52,53,1
54,52,54,52,54,0
54,53,54,52,54,1
55,54,54,53,55,1
55,53,53,51,53,1
53,51,53,51,53,0
51,51,51,50,52,2
53,51,52,51,52,1
52,51,51,50,51,1
51,50,51,50,51,0
52,51,52,51,53,1
53,51,53,51,53,0
53,51,53,51,53,0
55,55,55,54,55,3
56,54,55,53,55,1
55,53,55,53,55,0
55,53,55,53,55,0
57,55,56,55,56,1
56,54,55,54,56,1
57,55,56,54,56,1
56,54,54,53,54,1
54,52,53,51,52,1
52,51,51,49,51,1
50,49,49,48,49,2
50,49,50,48,50,1
49,48,48,47,48,2
49,48,49,48,49,2
51,49,49,48,50,1
50,49,50,48,49,1
49,48,48,48,49,1
49,49,49,48,50,1
50,50,50,49,51,1
52,51,51,50,51,1
51,50,51,49,51,1
50,50,50,49,51,1
50,49,50,49,50,1
50,49,50,49,50,1
50,49,50,49,50,1
51,49,50,48,50,1
50,48,47,48,49,2
49,49,49,49,50,1
50,49,50,49,50,1
49,48,49,47,49,0
49,47,49,47,49,0
48,47,47,46,48,1
48,47,46,44,46,1
46,46,46,46,48,1
48,48,48,48,49,1
49,51,49,51,53,1
53,52,52,50,52,1
52,51,52,51,52,1
52,52,52,51,53,1
52,52,53,51,53,1
52,51,51,49,51,1
49,48,48,46,48,2
48,48,48,48,50,1
49,48,49,49,50,2
50,50,50,50,51,1
51,49,49,48,50,1
50,50,50,50,51,1
51,52,51,51,52,1
53,52,51,50,51,1
52,51,52,51,52,1
53,51,51,49,50,1
50,50,49,50,52,1
52,51,51,50,51,1
51,50,51,50,52,1
52,51,51,50,52,1
52,50,51,50,52,1
52,51,51,49,50,1
51,50,50,48,50,1
49,49,49,48,49,1
49,47,47,45,47,2
47,46,47,45,46,1
46,46,46,46,47,1
48,46,47,46,47,1
47,46,45,44,45,1
45,43,44,43,44,1
44,44,44,44,45,1
45,44,44,43,44,1
43,42,43,42,43,1
44,43,43,43,44,1
43,42,42,42,43,1
42,42,42,41,43,1
42,41,42,41,42,1
42,41,41,41,42,1
42,42,42,42,43,1
43,43,43,43,44,1
45,43,42,41,42,1
42,41,42,41,42,1
42,41,40,39,40,1
39,39,39,38,40,3
40,39,39,39,40,1
41,39,40,39,40,1
39,39,39,39,40,1
39,39,39,38,39,1
39,38,38,37,39,1
38,38,38,37,38,1
38,37,37,36,37,1
37,37,37,37,38,2
38,37,36,35,36,2
35,34,34,33,35,2
34,33,34,34,35,1
35,36,35,36,37,1
37,36,36,35,36,1
36,35,35,34,36,1
34,34,34,32,34,2
33,33,33,32,33,1
33,32,33,32,34,1
33,33,32,31,33,1
32,32,31,32,33,2
34,33,32,32,33,1
33,33,33,33,35,1
35,34,35,33,35,1
35,33,33,32,34,1
34,32,33,32,34,1
30,30,29,29,30,3
29,29,29,29,30,2
29,28,27,28,29,3
29,28,28,28,30,2
29,29,28,27,29,2
28,27,28,27,29,2
29,28,28,27,29,1
29,28,28,27,29,1
28,27,28,27,28,1
27,27,27,26,27,2
27,34,27,32,33,5
32,32,32,32,34,2
33,34,32,34,35,3
34,35,34,35,37,3
35,37,35,36,38,2
38,39,38,39,40,2
40,39,39,37,39,2
39,38,38,38,39,2
39,38,38,37,38,1
38,37,38,37,38,1
38,37,37,37,38,2
38,36,36,35,36,1
36,35,36,35,36,1
36,35,36,35,36,1
36,36,36,36,37,1
37,36,36,35,36,1
36,35,36,34,36,1
36,35,35,34,35,1
36,35,35,35,36,1
36,36,36,35,37,1
36,36,36,35,36,1
36,36,36,34,36,1
35,34,35,34,35,1
34,33,34,33,34,1
34,33,33,33,34,1
34,34,34,33,35,1
34,33,34,33,34,1
34,36,34,35,36,1
36,35,36,35,36,1
36,34,34,33,35,2
34,34,34,34,35,2
36,35,35,34,36,1
35,34,34,33,35,1
36,37,36,36,37,1
36,36,37,35,37,1
36,36,36,36,37,1
37,36,37,36,37,1
37,36,37,36,37,1
37,37,36,36,38,1
37,36,37,36,37,1
38,36,37,36,38,1
38,38,38,37,39,1
39,40,39,39,41,1
41,40,41,40,41,1
41,40,41,40,42,1
42,41,41,41,42,1
42,40,41,40,41,1
42,42,42,41,43,1
42,42,43,42,43,1
43,42,43,42,43,1
44,44,44,43,44,1
44,44,44,43,45,1
45,43,44,43,44,1
43,42,43,41,43,1
43,42,43,42,43,1
44,43,43,43,44,1
44,43,44,43,44,1
44,43,43,42,43,1
43,42,43,42,43,1
43,42,43,42,43,0
43,42,43,42,44,1
43,42,43,42,44,1
43,42,43,42,44,1
44,46,44,46,47,2
47,46,46,46,48,1
47,46,46,45,46,1
46,44,45,44,45,1
46,45,46,44,46,1
46,45,46,45,46,1
41,41,40,40,41,4
41,41,41,40,41,1
42,40,41,40,41,1
41,41,41,40,42,1
42,42,42,42,43,1
42,41,42,41,42,1
43,41,41,40,42,1
41,40,41,39,41,1
40,40,40,40,41,1
42,41,41,40,41,1
41,40,40,39,40,2
41,40,41,39,41,1
42,41,41,41,42,3
43,42,42,40,42,1
41,41,41,41,42,1
42,42,42,42,43,1
43,42,43,42,43,1
43,42,43,41,43,1
42,43,41,42,44,2
43,44,43,44,45,2
45,43,44,43,44,1
44,43,43,42,43,1
43,43,43,42,44,1
44,42,41,40,42,2
42,41,41,41,42,1
42,41,42,40,42,2
41,41,41,41,42,1
42,41,42,41,42,1
42,41,41,40,42,1
41,41,41,41,42,1
42,41,41,40,42,1
42,41,42,40,42,1
42,41,42,40,42,1
42,42,42,42,43,1
44,45,44,45,46,1
46,47,46,47,48,2
49,48,48,47,49,1
49,47,48,47,49,1
49,48,49,47,49,1
49,48,49,47,49,1
50,48,49,47,49,1
49,48,48,47,48,1
49,48,49,48,49,1
49,48,49,47,48,1
49,48,49,47,49,1
49,47,48,47,48,1
48,47,48,47,48,1
48,47,48,47,49,1
49,48,48,47,48,1
48,46,48,46,48,1
48,46,47,46,47,1
47,46,47,46,47,1
47,46,47,46,47,1
47,46,47,46,47,1
48,46,47,45,47,1
47,46,46,45,46,1
48,50,48,49,51,2
51,50,50,49,51,1
51,49,50,48,49,1
49,48,49,47,49,1
49,48,49,48,50,1
50,49,49,48,49,1
50,48,49,48,50,1
49,48,48,47,48,1
48,47,48,47,49,1
49,48,49,48,49,1
49,48,47,46,47,2
47,47,47,47,48,1
47,46,46,44,46,1
46,45,45,44,46,1
46,45,45,45,46,1
47,45,46,44,46,1
46,45,46,45,46,1
46,44,45,44,45,1
46,46,46,46,48,1
47,46,47,46,47,1
47,46,47,46,48,1
48,47,47,46,48,1
47,46,47,46,47,1
47,46,47,46,48,1
51,50,51,50,52,1
52,51,52,51,52,1
52,52,52,51,52,1
52,51,52,51,52,2
51,50,51,50,52,1
51,50,51,49,51,1
52,51,52,51,53,1
52,53,53,53,54,1
54,53,53,51,53,1
54,52,53,51,53,1
53,51,52,50,52,1
52,51,52,50,52,1
52,50,51,50,52,1
51,52,51,52,53,1
54,52,52,51,53,1
53,52,53,52,54,1
53,52,52,51,52,1
51,49,49,48,49,1
50,49,49,48,50,1
50,48,50,48,50,1
51,50,50,50,51,1
51,51,51,51,52,1
52,51,52,50,52,1
52,50,52,50,52,1
51,50,51,50,52,1
52,50,52,50,52,1
53,51,52,50,52,1
51,50,51,50,51,1
51,50,51,50,52,1
52,51,52,51,52,1
54,54,54,53,55,2
54,52,53,52,53,1
54,53,54,53,55,1
55,54,54,54,56,1
56,54,55,54,55,1
55,54,55,53,55,1
54,53,53,52,54,1
55,53,53,52,54,1
55,53,54,53,54,1
54,52,53,51,53,1
54,52,53,51,53,1
54,53,54,53,55,1
54,53,53,52,53,1
53,52,53,52,53,1
54,53,53,52,54,1
54,54,54,54,56,1
55,55,56,54,56,1
55,54,55,53,55,1
55,55,55,53,55,1
56,55,55,54,55,1
56,54,52,52,53,2
54,53,53,51,53,1
52,52,52,51,53,1
53,52,53,52,53,1
54,53,53,53,55,1
55,53,54,53,55,1
55,54,55,54,55,1
55,54,55,54,55,1
56,55,56,54,56,1
55,54,54,53,55,1
55,54,55,53,55,1
54,53,52,51,53,1
53,52,52,51,53,1
53,52,53,52,53,1
53,52,52,51,52,1
52,50,50,50,51,1
52,50,51,50,51,1
52,51,52,50,52,2
52,51,51,49,51,1
50,49,49,48,50,1
49,48,49,48,50,1
49,49,49,47,49,1
48,47,48,47,49,1
48,47,48,47,48,1
48,47,48,46,48,1
48,46,47,45,47,1
47,45,46,45,47,1
50,49,49,48,50,2
50,49,49,48,49,1
49,47,48,46,48,1
48,47,47,47,48,1
48,47,46,45,47,1
46,46,46,46,48,1
47,48,47,48,50,1
50,50,50,49,51,1
50,50,50,49,51,1
51,50,51,49,51,1
51,49,50,48,50,1
50,50,50,49,51,1
51,50,51,50,51,1
54,52,53,51,53,1
53,51,52,51,52,1
