1,1,3,2
1,1,2,2
1,1,3,2
2,1,3,2
1,1,3,2
1,1,3,2
2,1,3,2
2,1,3,2
2,1,3,2
1,1,3,2
1,1,3,2
2,2,3,2
2,2,3,3
2,2,3,2
2,2,4,3
3,2,4,3
3,3,4,3
3,4,5,4
4,4,5,4
4,4,5,4
3,3,4,4
3,3,5,4
4,4,5,4
4,3,5,4
4,3,5,4
3,3,4,3
3,3,4,4
3,3,4,3
3,3,4,3
3,3,4,3
3,3,5,4
4,3,5,4
4,3,5,4
4,3,5,4
4,3,5,4
4,3,5,4
4,4,5,4
4,4,5,4
4,4,5,4
4,3,5,4
4,3,5,4
4,4,5,4
4,3,5,4
4,3,5,4
4,3,5,4
4,4,5,4
4,4,5,4
4,4,5,5
5,5,6,5
4,4,6,5
4,4,6,5
5,4,6,5
4,4,6,5
4,4,5,4
4,4,5,4
4,3,4,4
3,3,4,4
3,3,4,4
3,3,4,4
4,3,5,4
4,3,5,4
4,3,5,4
4,3,5,4
4,4,5,4
4,4,5,4
4,4,5,5
4,4,5,5
5,5,6,5
5,5,6,5
6,6,7,7
7,6,7,6
6,6,7,7
7,6,7,6
6,5,7,6
6,5,7,6
5,5,6,6
5,5,6,5
5,5,7,6
6,5,6,6
5,5,7,6
5,5,6,6
5,5,6,5
5,5,7,6
6,6,7,7
7,6,8,7
7,6,8,7
7,6,8,7
7,7,8,8
7,7,9,8
8,8,9,8
8,8,9,8
8,7,8,7
7,6,7,6
6,6,7,7
7,6,7,6
6,6,7,6
6,6,7,7
7,7,8,8
7,9,9,9
10,9,10,9
9,9,10,9
9,9,10,9
8,8,9,8
8,8,8,7
7,7,8,7
7,7,8,7
8,8,9,9
8,9,10,9
9,10,11,11
10,10,12,11
11,11,11,10
9,10,11,10
11,10,12,11
11,10,12,11
10,10,11,11
10,10,11,10
9,9,11,10
10,9,11,10
10,10,11,10
10,10,11,10
10,10,11,10
10,10,11,10
10,10,11,10
10,10,12,11
11,10,12,11
11,11,13,12
12,12,13,13
13,12,13,12
12,11,13,12
12,11,13,12
12,11,13,12
12,11,12,11
11,11,12,11
11,11,13,12
11,11,12,11
11,10,11,10
10,10,12,10
10,10,11,10
10,9,11,10
10,9,11,10
10,10,12,11
11,11,12,12
11,11,13,12
12,11,12,11
11,10,12,11
10,10,11,10
10,10,11,10
10,10,12,11
11,10,12,11
10,10,12,11
11,10,12,11
11,10,11,10
10,9,11,10
10,9,11,10
10,10,11,11
11,10,12,11
11,10,12,11
10,10,11,10
10,10,11,11
11,11,12,11
11,11,12,11
10,10,11,11
10,10,11,11
11,10,12,11
10,10,12,11
11,11,12,11
11,11,12,11
11,11,12,11
11,11,12,11
11,11,12,12
12,11,13,12
11,11,13,12
12,12,13,12
12,12,13,12
12,12,13,12
12,11,13,12
12,12,13,13
13,12,14,13
13,12,14,13
13,12,14,13
12,12,13,12
11,11,12,11
11,11,13,12
12,12,13,12
12,12,13,12
12,12,13,12
12,12,13,12
12,11,12,11
10,11,12,11
11,12,13,12
12,11,12,12
11,11,12,11
11,11,13,12
11,11,12,11
11,12,12,11
10,11,12,11
10,10,11,11
11,11,12,11
10,10,11,10
10,10,10,9
9,9,10,9
8,8,9,9
8,9,10,10
10,9,11,10
10,10,11,10
10,9,11,9
9,9,10,9
9,9,9,9
8,9,9,9
9,8,9,8
8,8,9,8
8,8,9,8
8,9,10,9
9,9,10,9
9,9,10,9
9,8,10,9
8,8,10,9
9,9,10,10
10,10,11,10
9,9,10,9
9,9,10,9
9,9,10,10
9,10,11,10
10,10,11,10
10,9,10,10
9,9,10,9
9,9,10,10
10,10,11,10
9,10,11,11
10,11,11,11
11,11,11,12
11,12,13,12
12,12,13,12
12,12,13,13
12,12,13,12
12,12,14,12
12,11,13,12
12,11,12,12
12,11,12,11
11,11,12,11
11,10,12,11
11,11,12,11
11,11,12,11
11,10,12,11
10,10,12,11
10,10,11,10
9,9,10,10
9,9,11,10
10,10,11,10
10,9,10,10
10,10,11,9
9,8,9,8
5,6,4,7
8,8,8,8
11,11,8,7
8,8,9,8
8,8,9,8
8,8,9,8
9,8,10,8
8,8,10,9
8,7,8,7
7,7,8,7
6,6,7,7
6,6,7,6
6,6,6,6
6,6,7,6
7,7,8,7
7,7,8,8
7,7,8,8
8,8,9,9
9,9,10,9
8,8,9,8
8,8,9,8
8,8,9,9
8,9,10,9
9,8,10,9
9,10,11,10
10,10,11,11
10,10,11,11
10,10,12,11
11,10,12,11
11,11,12,11
11,10,12,11
10,10,11,10
9,9,10,9
9,8,9,9
9,8,10,9
9,8,10,9
9,8,10,9
8,8,9,8
8,8,8,7
7,7,8,7
7,7,8,7
7,7,9,7
7,7,9,7
7,7,9,7
7,8,9,9
9,9,10,9
9,9,10,9
9,9,10,9
9,9,11,10
10,10,11,10
10,10,11,10
10,10,11,10
10,9,10,9
9,9,10,9
7,7,8,8
8,8,9,8
8,8,9,8
8,8,9,8
8,8,10,9
8,8,10,9
9,9,10,10
9,9,10,10
9,9,10,10
9,9,10,9
8,8,9,9
9,9,10,10
10,10,11,10
10,10,11,11
11,11,12,12
12,12,13,12
12,12,13,12
12,12,13,12
12,12,13,12
11,11,13,12
12,12,13,12
12,12,13,13
13,14,14,14
14,14,15,14
14,13,15,14
14,14,15,14
14,14,15,15
14,14,15,15
14,14,15,14
14,13,15,14
14,14,16,15
14,15,16,15
15,16,16,16
16,17,17,17
17,18,19,19
18,19,20,20
19,20,21,20
20,20,20,19
19,18,19,19
19,19,20,19
19,19,20,20
20,19,20,19
19,19,20,19
19,18,19,19
19,19,20,19
19,19,20,19
19,19,20,19
19,19,20,20
19,21,21,22
22,24,23,24
24,24,24,24
23,24,24,24
24,23,25,24
23,23,24,23
22,23,24,23
23,23,25,24
24,23,23,23
22,23,23,23
23,25,25,26
25,25,27,26
25,25,26,25
24,25,25,25
24,24,25,25
24,24,26,25
24,24,26,25
24,24,26,25
24,25,26,24
24,24,24,23
23,23,24,22
22,23,23,24
23,24,24,23
23,22,23,22
22,22,23,21
21,21,22,21
21,20,21,20
20,20,21,20
20,20,21,20
20,21,22,21
21,21,22,22
22,21,23,22
22,22,23,23
23,22,23,22
22,23,23,23
22,22,22,21
20,21,21,21
21,21,22,22
21,22,22,22
21,23,23,23
23,22,23,22
21,21,22,22
21,20,22,21
20,22,22,22
15,18,17,18
18,17,19,18
18,18,19,18
17,17,19,18
18,18,19,19
18,18,19,18
18,19,20,19
19,19,20,19
18,18,20,19
18,18,20,19
19,19,20,20
19,19,20,20
20,21,21,21
21,21,23,22
21,20,22,21
21,20,21,20
20,20,22,20
19,19,20,19
19,19,19,18
17,18,19,18
18,18,19,19
18,18,19,18
18,18,18,17
17,16,17,16
16,16,18,17
17,16,18,17
17,18,18,18
18,18,19,18
18,18,19,18
18,18,19,18
18,18,19,18
18,18,19,18
18,18,19,19
18,19,20,19
19,20,21,21
20,20,22,21
21,20,21,20
20,20,21,21
20,20,21,20
20,20,21,20
20,20,21,21
21,21,22,21
21,20,22,21
20,20,21,20
19,19,20,19
19,19,19,18
18,18,17,16
15,16,17,16
16,16,17,16
17,17,18,17
17,17,18,18
17,17,18,17
17,16,17,17
16,15,16,15
15,14,16,15
14,14,15,15
15,15,15,14
15,14,15,14
14,14,15,14
13,13,13,14
13,13,14,14
13,13,13,13
12,13,14,13
12,13,13,13
13,14,14,14
14,14,15,14
14,14,15,14
13,13,13,12
12,11,12,11
11,11,11,11
10,10,11,11
11,10,11,10
9,9,10,10
9,9,10,9
7,7,7,7
8,8,9,8
8,7,8,7
7,7,8,7
8,8,9,9
8,9,10,10
9,9,9,8
8,7,8,8
7,7,8,8
8,8,8,8
7,7,8,7
7,7,8,7
6,6,7,6
6,5,5,6
4,4,4,3
3,3,4,4
3,4,5,5
4,3,5,5
4,4,5,5
4,5,5,6
6,6,7,6
6,5,5,4
3,3,4,3
3,3,4,4
4,4,4,4
4,4,5,5
5,5,4,4
3,2,2,1
2,2,3,3
3,3,4,4
3,3,4,3
2,4,4,4
3,4,5,4
4,4,5,5
5,5,5,5
5,6,6,6
6,6,6,6
5,5,5,4
4,4,5,4
4,5,5,5
5,6,7,6
6,6,6,6
6,5,6,6
6,6,7,6
6,7,7,7
7,7,7,7
7,7,7,7
6,7,7,7
7,6,7,7
7,7,7,6
6,6,6,5
5,5,5,5
4,4,5,4
4,4,4,4
4,5,5,5
5,5,5,5
5,5,6,5
5,5,6,6
6,5,7,6
6,6,7,6
7,7,8,7
6,7,8,7
7,8,9,8
8,9,9,10
10,9,10,9
8,7,8,9
7,7,7,6
5,5,5,5
4,4,5,4
4,4,5,4
4,4,4,4
4,4,5,4
3,4,5,4
4,4,5,4
3,4,4,5
4,4,5,4
4,4,5,5
4,4,5,5
5,4,5,5
4,6,5,7
6,7,7,7
7,7,8,8
7,7,9,8
7,7,9,8
8,8,9,9
9,8,9,8
8,8,9,8
8,7,9,8
8,7,9,8
7,9,8,10
8,12,10,10
11,11,12,11
11,11,11,11
11,10,12,11
11,11,11,10
10,10,10,9
9,9,8,8
8,8,7,8
6,6,7,7
7,7,7,7
7,7,8,7
7,7,8,8
7,7,8,7
7,6,7,7
6,6,7,7
7,7,7,6
6,6,8,7
6,6,7,7
7,7,8,7
7,7,8,7
7,7,8,7
6,6,8,7
7,9,8,8
8,8,9,9
10,10,11,11
11,11,11,10
10,10,11,10
10,10,10,10
10,11,11,10
10,11,12,12
12,11,12,12
11,11,12,11
10,10,11,10
10,9,11,10
10,10,11,10
10,10,10,10
9,9,9,9
8,8,9,9
8,8,9,9
8,8,8,8
8,7,8,8
7,6,7,6
6,6,7,6
6,6,8,7
7,6,8,7
7,7,8,7
7,6,7,6
6,6,7,6
7,6,7,6
6,6,7,6
6,6,7,6
6,7,7,7
7,7,8,8
7,8,9,8
8,8,9,8
8,7,8,7
7,7,8,7
7,7,8,8
8,8,8,7
7,8,8,8
8,8,8,7
7,7,7,6
6,6,7,6
6,6,7,6
6,6,7,6
6,6,8,7
7,7,7,7
7,7,8,7
7,7,8,7
7,7,9,8
8,8,9,8
8,8,9,8
8,8,9,9
8,8,9,9
8,9,9,9
8,8,9,8
7,7,9,8
7,7,9,8
8,8,9,8
9,8,10,9
9,9,10,9
9,8,10,9
8,8,9,9
8,8,9,8
9,9,10,9
9,9,10,9
9,9,10,9
10,9,10,10
9,9,10,9
10,9,10,10
9,9,10,9
9,8,10,9
9,8,10,9
9,8,10,9
8,8,10,9
8,8,9,9
8,8,9,9
8,7,9,8
8,8,9,8
7,7,9,8
7,7,9,8
7,7,8,8
7,7,8,7
6,6,7,7
6,6,7,6
6,6,7,7
7,7,8,7
6,6,8,7
7,7,9,7
8,8,9,8
8,8,9,9
7,8,9,8
8,8,9,8
8,8,9,8
8,8,9,8
8,8,9,9
8,8,9,8
8,8,9,8
8,8,9,8
8,9,9,8
9,9,10,9
10,9,10,10
9,8,9,9
8,8,9,8
9,9,10,9
9,9,10,9
9,9,10,9
9,9,10,9
9,9,10,10
9,9,11,9
9,9,11,10
9,9,11,9
10,10,11,10
10,10,12,11
11,11,12,11
11,11,11,12
10,10,11,10
10,10,11,10
10,10,11,11
11,11,12,11
11,11,12,11
11,10,12,11
11,10,11,11
10,9,10,10
9,9,10,9
8,9,10,9
9,9,10,9
9,10,10,9
10,11,11,10
11,10,11,11
11,10,11,11
10,11,11,10
11,11,11,11
10,10,11,10
9,10,11,10
10,9,10,10
9,9,10,9
10,10,11,10
11,11,12,11
11,10,12,11
11,10,12,11
11,11,12,11
11,10,12,11
11,11,12,11
12,12,12,11
11,11,12,11
11,11,12,11
11,11,12,11
11,12,12,12
13,12,13,13
13,12,13,13
12,12,13,13
12,12,12,12
11,12,12,11
13,12,14,13
13,13,14,13
13,14,14,14
15,15,15,15
14,14,14,14
13,14,15,14
14,13,14,14
13,13,13,13
13,13,13,14
13,12,13,12
12,12,12,12
12,11,12,11
11,12,12,12
11,11,12,11
11,10,12,12
11,10,11,11
10,10,11,10
10,9,11,10
9,9,10,10
9,9,10,10
10,11,11,10
11,11,12,12
12,11,12,12
12,12,13,12
12,11,12,12
12,11,12,12
12,11,12,12
11,11,12,11
10,10,11,11
10,10,11,10
10,10,11,11
10,11,11,11
11,11,12,11
11,11,12,12
11,11,11,11
11,11,12,12
11,12,13,12
12,12,13,13
12,13,13,12
13,13,14,14
13,13,14,13
13,13,13,14
12,12,12,13
11,11,13,12
11,11,12,12
11,11,12,11
11,11,12,11
11,12,12,12
12,11,12,12
11,11,10,11
10,9,10,9
9,9,10,9
9,10,10,9
9,10,11,9
10,10,11,10
10,10,10,10
9,9,10,10
9,9,10,9
9,9,10,9
9,9,10,10
8,9,10,9
9,9,10,9
9,10,10,9
10,10,11,10
10,10,11,10
11,11,12,10
11,11,11,11
10,10,11,11
10,10,11,10
10,10,11,11
11,10,10,9
9,10,11,9
10,10,11,10
10,13,11,10
13,13,13,13
12,12,12,13
11,12,13,12
12,12,12,12
11,12,12,11
11,11,13,11
12,13,13,13
12,13,14,13
13,13,14,13
13,13,14,14
13,13,15,14
13,14,13,12
12,12,12,11
10,10,11,11
10,10,11,11
10,10,11,11
11,11,12,12
11,11,12,11
11,11,12,11
11,10,11,10
10,10,11,10
11,10,11,10
10,10,11,10
10,10,11,10
10,10,10,9
9,9,10,9
8,8,9,8
7,7,7,6
6,7,8,8
7,7,8,7
7,7,9,8
7,7,8,7
7,7,8,7
8,7,8,7
8,8,9,9
9,9,9,8
8,9,9,8
8,8,8,8
7,7,8,8
8,9,9,9
9,9,9,9
9,9,9,8
9,8,9,8
8,8,8,9
8,8,9,8
11,11,10,9
10,10,11,10
10,11,11,11
11,10,10,10
9,10,10,10
9,10,11,10
9,9,10,9
9,9,10,10
10,10,10,10
10,9,10,10
9,9,10,9
8,8,10,9
8,8,9,8
8,9,9,9
9,8,9,9
9,9,10,9
9,9,10,10
10,10,11,10
12,13,13,14
14,15,14,14
15,15,14,13
13,13,14,13
13,15,15,16
16,16,16,17
17,16,16,16
16,16,16,16
16,16,16,15
15,15,16,16
16,17,17,17
17,17,17,17
16,15,16,16
16,15,16,16
15,16,16,16
16,16,15,16
15,15,15,15
15,14,14,14
14,15,16,15
15,15,16,15
15,15,16,15
15,14,15,15
14,14,14,14
12,13,13,14
14,14,14,13
13,12,13,13
12,12,13,13
13,12,14,13
13,12,14,13
13,13,14,13
13,13,14,13
13,13,14,13
13,13,11,12
12,12,14,12
13,13,14,14
13,13,14,13
13,14,14,14
14,15,15,16
15,15,16,16
16,15,17,16
16,16,16,16
15,17,16,17
16,16,16,16
15,15,16,15
15,15,16,16
15,15,15,14
14,14,14,13
13,13,14,13
13,13,14,13
13,13,14,13
13,14,14,15
15,15,16,15
15,14,16,15
15,14,16,15
15,14,15,15
15,14,15,15
15,15,16,16
16,16,17,16
16,16,17,16
16,16,16,16
16,15,15,15
15,15,15,14
15,15,15,15
15,15,17,16
15,16,17,17
17,17,17,17
17,16,18,17
17,17,17,16
15,15,17,16
16,15,17,16
16,15,17,15
15,15,16,15
15,15,15,14
14,14,15,14
14,14,15,14
14,14,15,14
14,15,15,16
15,14,15,14
14,14,15,15
15,15,16,16
16,16,17,16
16,19,17,19
18,18,20,19
18,17,18,17
17,18,18,19
18,20,20,20
20,19,21,20
19,20,19,19
18,18,19,18
18,18,19,19
19,18,20,18
18,19,19,20
19,19,20,19
19,20,19,20
19,19,20,19
18,19,20,20
19,19,20,19
19,19,20,19
19,20,20,19
20,20,19,19
18,18,19,17
18,18,19,19
18,19,19,19
19,18,20,19
19,19,20,19
18,20,20,20
20,20,20,20
20,20,21,20
20,20,20,19
19,19,20,19
19,20,20,20
19,19,20,20
20,19,20,19
19,18,19,19
19,19,20,19
19,19,20,19
19,19,20,20
19,19,20,20
20,20,21,20
20,20,21,20
20,20,20,19
19,18,20,19
18,18,20,19
19,19,20,19
19,19,20,20
19,19,20,19
19,20,20,20
20,20,21,21
20,20,21,20
20,20,21,21
20,20,22,21
19,19,20,20
20,20,21,18
19,19,20,19
19,20,20,20
20,20,20,19
18,19,19,20
19,20,20,20
19,19,20,20
19,19,20,20
20,19,20,19
19,19,20,20
20,21,21,21
21,21,22,22
22,21,23,22
22,23,23,23
23,23,24,24
23,23,22,22
21,21,22,21
21,21,22,22
20,21,22,22
21,21,21,21
21,20,23,21
21,20,23,21
21,20,23,21
21,20,23,21
21,20,23,21
21,20,23,21
19,19,20,20
20,19,21,20
19,19,20,20
19,19,21,20
20,21,21,20
21,21,21,20
20,20,22,20
21,22,22,22
22,21,22,21
21,21,22,22
22,22,23,22
22,22,23,22
22,21,22,21
21,21,22,21
21,21,22,21
21,20,21,21
20,20,22,21
21,22,22,22
22,22,23,21
21,21,22,20
21,20,20,19
18,19,20,19
18,18,18,18
17,18,17,18
18,18,18,17
18,18,19,18
18,19,19,19
19,19,19,19
19,18,18,17
17,17,17,16
16,16,16,15
16,16,16,17
17,18,17,17
16,18,17,16
16,17,18,18
18,18,18,18
18,18,19,18
18,18,18,17
17,18,18,17
16,17,17,16
16,17,18,17
16,18,17,18
18,19,18,18
16,17,17,16
16,16,17,16
15,15,17,16
15,15,17,16
15,17,17,18
18,18,17,17
17,17,18,17
17,17,19,17
18,18,18,17
16,17,16,17
17,18,18,18
17,17,19,18
19,19,20,20
19,19,20,19
19,18,20,18
18,17,18,17
17,18,18,17
17,18,19,18
17,18,19,18
18,18,19,19
18,19,19,19
19,19,20,19
19,20,21,21
21,20,22,21
21,21,22,21
21,20,21,20
20,21,21,20
21,20,21,20
20,19,21,20
20,19,20,20
20,20,21,21
20,20,21,20
20,20,21,20
20,21,22,21
21,21,22,21
21,21,22,21
21,21,22,21
21,21,22,21
21,21,22,21
20,21,21,21
21,20,23,21
22,21,22,21
20,21,22,22
22,22,22,22
22,22,23,22
22,22,22,21
21,21,22,21
21,21,21,20
20,20,21,21
20,20,21,20
20,20,21,21
20,21,22,21
21,21,22,22
21,21,21,20
20,20,21,20
20,21,21,21
21,21,22,22
21,21,22,21
20,20,21,20
20,20,19,18
18,18,18,18
17,18,18,18
17,17,18,18
18,17,18,17
16,17,18,17
16,16,15,15
15,15,15,16
16,16,16,16
16,17,17,18
18,18,18,18
17,18,18,19
18,18,18,17
17,17,18,17
17,17,17,16
16,16,17,17
17,17,18,18
17,17,18,17
17,17,18,18
18,18,19,18
18,18,19,18
18,19,19,19
19,18,20,19
19,18,20,19
19,19,20,19
19,19,20,19
20,20,20,20
19,20,21,20
20,20,21,20
19,20,21,20
19,20,21,20
20,20,21,20
20,20,20,20
19,20,20,20
19,19,21,20
20,21,21,22
21,21,23,22
21,21,22,21
21,20,22,21
21,21,22,21
21,21,22,22
21,21,23,22
23,23,24,23
22,22,24,23
22,22,24,22
22,22,23,23
23,23,24,23
22,24,24,24
22,22,23,23
23,22,24,23
22,22,23,22
22,22,23,23
22,22,23,22
22,22,23,22
22,22,22,22
21,21,22,21
21,21,22,22
22,22,22,22
22,22,23,22
22,22,23,22
22,22,23,22
22,23,23,23
23,23,24,23
22,22,23,22
22,22,23,22
22,22,23,22
21,21,22,21
21,20,22,21
21,20,21,20
22,20,21,20
23,20,21,21
23,20,22,21
22,20,22,21
24,20,21,20
24,20,21,20
24,20,21,21
24,21,22,20
24,21,22,21
23,22,22,22
23,22,23,22
22,22,23,22
20,22,23,22
19,22,23,22
18,22,23,22
19,22,23,22
18,22,23,22
17,22,23,22
19,21,23,22
18,22,22,22
19,21,23,22
17,21,22,21
17,20,22,21
17,21,22,21
15,21,22,21
16,21,22,21
15,22,23,22
15,21,23,22
14,22,23,22
16,22,23,22
16,22,23,23
15,22,23,23
16,23,24,22
15,22,23,22
15,22,23,23
13,23,23,22
12,21,22,21
12,21,22,21
13,21,22,21
13,20,22,21
13,21,22,21
12,20,21,20
11,20,19,18
10,18,17,18
10,18,18,18
11,17,18,17
11,18,18,18
10,18,19,19
10,18,20,19
10,18,19,19
9,18,19,18
10,17,18,18
11,18,19,18
12,18,19,18
11,17,18,18
11,19,19,19
11,20,20,19
12,20,20,19
12,19,20,18
12,18,18,17
10,18,15,16
10,18,14,14
10,19,14,14
12,20,12,11
12,19,10,11
13,19,10,11
13,20,10,10
13,21,8,7
13,21,6,8
15,21,9,8
15,21,10,10
17,20,10,9
14,20,9,9
14,19,11,11
14,17,11,12
14,16,11,12
14,15,13,12
12,16,14,14
12,15,14,14
12,14,14,15
14,16,15,15
13,16,15,15
13,16,16,17
12,14,16,16
13,14,16,16
14,14,17,16
13,13,17,16
14,13,16,16
14,12,16,16
15,12,17,17
14,12,18,17
14,13,18,18
13,14,18,17
12,13,17,17
12,14,17,17
12,12,16,15
12,12,16,16
12,11,16,17
11,9,17,17
10,9,18,18
10,10,18,17
9,10,19,20
9,10,20,20
10,10,20,20
11,8,19,19
12,8,20,21
12,7,21,20
12,9,21,24
9,9,22,20
10,7,22,22
10,8,22,21
13,8,22,21
12,7,22,21
13,8,21,21
13,9,22,21
12,9,20,20
13,9,20,19
14,8,20,19
15,9,20,18
14,10,20,18
15,10,20,20
14,10,21,22
15,8,22,22
18,7,22,20
17,8,22,21
16,10,22,20
17,10,23,20
16,11,23,20
15,11,23,19
15,11,24,21
14,11,25,21
15,13,24,20
14,13,25,20
15,15,24,22
14,12,24,22
14,12,24,22
14,12,22,22
13,12,20,22
13,12,20,21
14,10,19,21
13,10,19,21
13,11,19,22
13,12,17,23
14,11,19,24
13,11,19,22
12,10,19,23
12,12,18,23
13,12,17,23
13,11,17,22
13,12,16,21
12,12,16,21
13,13,16,20
13,12,15,21
12,12,15,20
14,12,17,20
14,10,17,20
13,10,16,21
13,11,17,20
12,11,15,21
13,11,16,22
14,9,14,23
13,9,12,23
14,9,12,25
15,8,13,25
16,8,13,24
18,8,13,24
18,10,13,23
17,10,11,22
16,10,11,23
15,10,10,23
15,8,12,23
16,8,12,24
16,8,10,24
17,11,11,23
17,11,11,24
18,12,10,23
18,12,11,24
21,11,11,24
21,12,12,23
21,13,11,24
19,13,11,24
20,13,12,24
20,14,13,25
20,13,12,26
21,14,12,27
21,17,11,27
20,16,10,27
19,15,11,28
18,16,13,29
19,15,13,29
20,14,14,29
18,14,14,30
19,13,14,31
19,14,14,30
18,13,16,30
18,14,16,30
18,13,17,29
17,13,14,30
18,13,15,28
18,12,15,26
19,13,15,25
21,14,15,24
20,12,13,25
19,12,13,24
19,13,13,23
20,13,14,24
20,12,14,24
25,11,13,24
25,12,13,23
26,12,14,22
28,12,14,22
28,13,14,21
28,12,14,21
29,12,15,21
28,12,16,20
28,12,15,20
27,13,15,22
28,14,14,22
30,12,12,21
28,13,13,22
28,12,13,20
27,13,13,21
26,14,13,19
27,13,12,17
27,14,11,17
26,14,11,18
25,15,10,18
26,18,10,18
25,17,10,18
25,17,12,16
25,16,12,16
25,15,13,15
26,15,13,16
27,16,10,17
24,16,10,15
25,17,10,15
24,17,13,15
25,18,13,14
24,18,14,15
24,21,14,16
25,21,13,17
26,21,14,16
25,19,15,16
24,20,15,16
24,20,15,17
23,21,16,17
25,21,15,17
26,21,16,15
27,27,28,28
27,27,28,27
26,26,27,26
26,26,27,27
26,27,28,27
25,26,27,26
26,26,27,26
26,27,27,27
26,26,27,27
26,26,25,24
23,23,23,22
22,24,24,24
24,24,25,25
23,23,24,24
23,23,23,22
22,21,21,18
20,21,21,20
21,22,22,22
20,22,22,23
24,24,24,22
23,23,25,23
23,24,24,23
23,23,23,22
22,22,22,22
22,22,23,22
23,24,24,24
24,24,25,24
25,25,26,25
24,24,24,23
22,23,23,23
24,24,24,23
23,23,22,22
22,22,22,21
20,21,21,22
22,22,23,22
22,21,22,22
20,20,19,18
18,19,19,18
18,18,17,19
19,19,19,19
19,19,19,19
20,21,21,22
22,22,23,22
22,22,21,21
20,21,21,21
20,21,21,21
20,20,20,19
18,21,20,22
22,22,22,22
22,22,21,21
21,21,20,21
20,20,21,21
20,21,22,22
21,21,22,21
22,22,23,22
22,22,22,21
21,22,23,23
22,22,23,22
21,22,23,22
22,22,23,22
22,21,23,22
22,21,23,22
22,21,23,22
22,21,23,22
20,20,21,20
20,20,21,21
20,20,21,20
19,19,19,18
18,18,19,18
18,18,18,18
17,18,18,19
18,18,19,19
19,19,20,19
19,20,20,20
19,19,19,18
18,18,19,18
17,18,19,18
19,18,19,18
17,17,18,17
16,16,16,16
15,16,16,17
17,16,17,16
16,16,15,14
13,15,15,15
15,16,16,17
17,17,18,17
15,15,15,14
15,16,16,16
17,17,18,17
16,17,17,16
16,16,16,16
14,15,15,15
15,15,14,14
13,13,12,13
12,13,13,13
14,15,15,16
15,15,15,15
16,17,17,17
16,17,18,18
18,19,19,20
20,20,20,19
19,19,20,20
20,19,20,19
19,19,19,19
19,19,19,19
19,19,19,19
19,19,20,20
19,19,18,17
17,17,17,16
17,18,18,19
18,18,18,18
19,19,20,19
18,19,19,19
19,19,17,17
17,16,16,16
15,15,16,15
15,15,16,15
16,15,17,16
15,15,16,15
15,16,17,16
16,16,17,16
16,16,17,16
15,15,16,16
15,15,15,15
15,15,16,16
16,16,16,16
16,16,16,15
15,15,16,15
15,16,16,16
16,17,17,17
17,17,18,17
17,17,18,17
17,16,17,16
16,17,17,17
17,17,17,16
16,15,16,16
15,15,16,14
15,15,16,16
15,15,16,16
15,15,15,14
13,13,14,13
13,14,14,14
14,14,15,13
13,13,13,12
12,13,13,12
12,12,13,13
13,12,13,12
12,11,13,12
12,11,13,12
12,11,13,12
12,12,12,11
10,11,11,12
11,11,13,12
11,11,13,12
11,12,13,13
13,13,14,13
13,13,13,13
13,12,13,13
12,12,12,11
11,11,11,12
11,12,12,12
12,12,13,12
12,12,13,12
12,12,12,11
11,11,12,11
11,11,12,11
11,11,12,11
11,11,12,11
11,11,11,11
11,11,11,9
10,9,10,9
9,9,9,9
9,9,10,9
9,10,10,10
10,10,10,10
9,9,10,10
10,10,11,11
10,10,11,10
9,10,10,10
10,10,10,10
9,9,10,9
8,8,9,9
9,9,10,9
8,8,9,9
8,8,9,8
8,8,9,9
9,9,10,9
9,8,10,9
9,8,9,8
8,8,9,7
7,8,8,9
8,8,9,8
8,7,9,8
8,8,8,7
7,7,8,8
8,9,9,9
9,9,10,9
9,8,8,7
7,7,8,7
7,7,7,7
6,6,7,6
6,6,6,6
5,5,5,4
4,4,5,4
4,5,5,6
6,6,7,7
6,7,7,7
7,8,8,8
8,9,8,9
9,9,10,10
10,10,11,10
10,10,10,9
8,9,8,10
9,10,10,9
9,9,10,9
9,9,10,9
8,8,9,8
8,8,9,9
10,10,11,11
10,11,11,11
11,11,11,11
12,13,13,13
12,12,12,12
11,12,12,12
11,11,12,12
12,12,13,12
12,12,13,13
13,13,14,13
13,13,13,12
12,13,13,13
13,12,14,13
13,12,14,13
13,12,13,13
13,13,14,13
13,13,13,12
12,12,13,12
11,12,13,13
13,13,14,13
12,12,14,13
12,12,14,13
12,12,13,12
12,12,13,12
12,11,13,12
11,11,12,11
11,11,12,11
11,12,13,13
13,12,13,12
12,12,13,12
11,12,13,12
11,11,13,12
11,11,12,11
11,11,11,10
10,9,10,9
9,9,10,9
9,9,11,10
10,10,10,10
10,9,11,10
9,9,10,10
10,10,11,10
10,11,11,11
10,11,12,12
12,12,13,12
12,12,13,12
11,12,13,12
12,12,13,12
12,13,14,14
13,13,14,13
13,13,14,14
13,14,15,14
14,15,15,14
14,14,15,14
14,14,15,15
15,15,16,16
15,15,17,16
16,15,16,15
14,15,15,15
15,14,15,14
14,15,16,15
15,15,16,15
14,15,16,16
16,16,17,17
16,16,17,16
16,15,16,15
16,16,17,16
16,16,17,17
16,17,18,17
17,17,18,18
18,17,19,18
17,17,18,17
16,16,17,17
16,17,17,17
17,17,18,17
17,17,18,17
17,17,17,17
16,16,17,17
16,16,17,16
16,16,17,16
16,15,16,16
16,16,17,16
16,16,17,17
16,16,17,17
17,17,17,17
16,16,17,16
15,16,17,16
16,16,17,17
17,16,17,17
16,16,17,16
16,16,17,16
16,16,17,17
17,16,17,16
16,16,17,16
16,15,17,16
16,16,17,16
16,17,18,17
17,17,18,17
17,17,18,17
17,17,19,18
18,18,19,18
18,18,19,19
18,19,20,20
19,19,21,20
19,19,20,19
19,19,20,19
19,18,19,18
18,18,19,18
18,18,19,18
18,18,20,19
19,19,20,20
20,20,21,21
20,20,22,21
20,20,20,20
20,19,20,20
19,19,20,19
18,18,19,18
18,18,19,19
19,18,19,18
18,17,19,18
18,18,19,18
18,18,20,18
18,18,19,19
19,18,20,20
18,18,18,17
17,17,17,17
17,16,16,15
15,15,16,16
15,15,16,16
15,16,17,16
15,15,15,15
15,16,16,16
16,16,16,16
16,17,17,17
16,16,18,18
17,17,17,17
17,16,18,18
17,17,18,18
18,17,18,17
17,17,19,18
18,17,18,18
18,17,19,18
18,17,19,18
18,18,19,18
17,17,18,17
17,16,17,17
16,16,18,17
16,16,17,16
16,15,17,16
16,16,17,16
16,16,17,17
17,16,17,16
16,16,17,17
16,16,17,17
17,18,18,18
18,18,20,18
18,18,19,18
17,18,18,19
19,19,20,20
19,19,21,20
19,19,20,20
20,19,21,20
20,20,21,20
19,20,21,20
19,19,20,19
19,19,20,19
18,18,19,19
19,18,19,18
18,18,19,19
18,19,20,19
19,19,21,20
20,19,20,19
19,19,21,20
20,19,20,19
19,19,20,20
20,19,20,19
18,18,20,19
19,19,20,19
19,19,20,19
18,18,19,18
18,18,19,18
18,18,19,18
18,19,20,19
20,19,21,19
20,19,21,19
19,19,20,19
19,19,20,19
18,19,20,19
19,19,21,20
19,19,20,19
19,19,20,19
19,19,21,19
19,19,21,19
19,19,21,19
19,19,20,19
19,19,20,19
19,18,20,19
19,18,20,19
19,19,20,20
19,19,21,20
20,19,19,18
18,18,19,18
18,18,19,18
18,17,18,18
17,17,18,17
17,18,19,18
18,18,20,19
19,18,20,19
19,19,20,19
19,19,20,19
19,18,19,18
18,18,19,18
18,18,19,18
18,18,19,18
17,17,19,18
18,18,19,18
18,18,19,18
18,17,19,18
18,18,19,18
17,17,19,18
18,17,18,17
16,16,17,17
16,16,17,16
16,16,17,16
16,16,17,16
16,16,17,16
16,16,17,17
17,16,18,17
16,16,17,16
16,16,17,16
16,16,17,16
16,16,17,16
16,16,18,17
16,16,17,16
16,16,17,16
16,16,17,16
16,15,17,16
16,16,17,17
16,17,18,17
17,17,18,17
18,18,19,18
18,18,19,18
18,18,19,18
18,18,19,18
18,18,19,18
18,18,19,18
18,17,18,17
17,16,17,16
16,16,16,17
16,16,17,16
16,16,17,16
16,16,17,17
17,16,18,17
17,17,18,17
16,15,16,16
15,15,16,15
15,15,16,15
15,15,17,16
16,15,17,15
15,15,17,16
16,16,17,16
16,16,17,16
16,16,17,16
16,17,17,17
17,17,18,18
17,17,18,17
17,17,18,17
17,17,18,17
17,16,18,17
17,16,18,17
17,17,19,18
17,17,18,17
17,17,18,18
17,17,19,18
17,17,19,18
18,18,19,18
18,18,19,18
18,18,19,19
19,19,21,20
20,19,20,19
19,19,20,19
19,19,20,19
19,18,19,18
18,18,19,18
18,18,19,19
19,18,20,19
18,18,19,19
18,18,19,18
17,17,19,18
17,16,18,17
17,17,18,17
17,17,18,17
17,17,18,17
17,16,18,17
16,16,17,16
17,16,18,17
17,17,18,18
17,17,18,17
17,17,18,17
17,17,18,17
16,16,18,17
17,17,18,17
17,17,18,18
17,17,18,17
17,17,18,17
17,17,18,17
17,17,18,17
17,16,18,17
17,17,18,17
17,17,19,18
17,17,19,18
18,18,19,18
18,17,19,18
18,17,19,18
18,17,18,17
17,17,18,18
18,17,19,18
18,17,19,18
18,17,19,18
18,17,19,18
17,17,18,17
17,17,18,18
18,18,19,18
18,18,19,18
18,18,19,19
18,18,20,19
18,18,20,19
19,18,20,18
18,18,19,18
18,18,19,18
18,18,19,18
17,18,19,18
18,18,19,18
18,18,19,18
18,18,19,18
18,18,19,18
18,17,19,18
18,18,19,18
18,18,19,18
18,17,19,18
17,17,19,18
18,18,19,18
17,17,19,18
18,18,19,18
18,18,19,18
18,17,19,18
18,19,19,19
19,19,20,20
19,19,20,19
19,19,20,19
19,19,20,19
19,18,19,18
18,18,19,18
17,16,17,16
16,16,17,16
16,16,17,17
16,16,17,16
16,16,17,16
16,15,17,16
15,16,17,16
16,16,17,16
16,16,17,16
16,16,17,16
16,15,17,16
16,16,17,16
16,16,18,17
17,16,18,17
17,16,18,17
17,17,18,17
17,16,18,17
16,16,18,16
16,16,18,17
17,16,18,17
17,17,18,17
17,17,18,17
17,17,18,17
17,17,18,17
17,17,18,17
17,16,18,17
17,17,18,18
18,17,19,18
18,17,18,17
17,17,18,18
17,17,19,18
17,17,18,18
17,17,18,17
17,17,18,17
17,16,17,16
16,16,17,16
16,16,17,16
16,15,17,16
16,16,17,16
16,16,17,16
16,16,17,17
17,17,18,17
17,17,18,17
17,17,18,17
17,17,18,17
17,17,18,17
17,16,18,17
16,16,17,16
16,16,17,16
16,16,17,16
16,16,17,16
16,16,17,16
16,16,18,17
16,15,17,16
16,16,17,16
16,15,17,16
15,15,16,15
15,15,16,15
15,15,17,16
16,16,17,16
16,16,17,16
15,16,17,16
16,16,17,16
16,15,17,16
15,15,16,15
15,15,16,15
15,15,16,15
15,15,16,15
15,15,16,15
15,15,16,16
16,15,17,16
15,15,16,15
15,15,16,15
15,15,16,15
15,14,16,15
15,15,16,15
15,14,16,15
15,14,16,14
14,14,15,14
14,14,16,15
14,14,15,15
14,14,16,15
15,14,15,14
14,14,15,15
14,14,16,15
15,14,16,15
14,14,16,15
14,14,16,15
14,15,16,15
15,15,16,15
15,15,16,15
15,15,16,15
15,15,17,16
15,15,17,15
15,15,16,16
15,15,16,15
15,15,16,15
15,15,16,15
15,15,17,16
16,15,17,16
16,15,17,16
16,15,17,16
16,15,17,16
16,15,17,16
16,15,17,16
16,15,17,16
16,16,17,16
16,16,17,17
16,16,18,17
17,17,18,17
17,16,18,17
17,16,18,17
17,16,18,17
16,16,17,16
16,16,17,16
16,16,17,16
16,16,17,16
16,15,17,16
16,15,17,16
15,15,16,15
15,15,16,15
15,15,16,15
15,15,16,16
15,15,16,15
15,14,16,15
15,14,16,15
15,14,16,15
15,15,16,15
15,15,16,15
15,15,16,15
15,15,17,15
15,15,17,16
16,15,17,16
15,15,17,16
15,15,16,16
16,15,17,16
16,15,17,16
15,15,17,16
15,15,16,15
15,15,17,15
15,15,16,15
15,15,16,15
15,14,16,15
14,14,16,15
14,14,16,15
15,14,16,15
15,14,16,15
15,15,16,15
15,15,16,16
15,15,17,16
16,15,17,16
15,15,17,16
15,15,17,16
16,15,17,16
15,17,16,17
17,17,18,17
17,17,18,17
17,16,18,17
17,17,18,17
16,16,18,17
17,16,18,17
17,17,18,17
17,17,19,18
17,17,19,18
18,17,19,18
18,17,19,18
18,17,19,18
18,17,19,18
17,17,19,18
18,17,19,18
17,17,19,18
17,17,18,17
17,17,19,18
17,17,19,18
17,17,18,18
17,17,18,17
17,17,18,17
17,17,18,17
17,17,18,17
17,17,18,17
17,16,18,17
16,15,17,16
15,15,17,16
16,15,17,16
15,15,17,16
15,15,17,16
15,15,17,16
15,15,16,16
15,15,16,15
15,15,16,15
14,15,16,15
15,15,17,16
15,15,17,16
15,15,17,16
16,15,17,16
16,16,17,16
16,16,17,16
16,15,17,16
16,16,17,16
16,16,18,17
16,16,17,16
16,16,17,16
16,16,17,16
16,16,18,17
17,16,18,17
17,17,18,17
17,17,18,17
17,17,18,17
17,17,18,17
17,17,18,17
17,17,18,17
17,17,19,18
17,17,19,18
17,18,19,18
18,18,20,19
19,19,20,19
18,18,20,19
19,19,20,19
19,19,20,19
19,19,20,19
19,19,20,19
19,19,21,20
19,19,21,20
19,19,20,19
19,18,20,19
19,19,20,19
19,18,20,19
19,19,20,19
19,19,20,20
20,19,21,20
19,19,20,19
19,18,20,19
19,19,20,20
19,19,21,20
19,20,21,20
20,20,21,20
20,20,22,21
21,20,22,21
21,21,22,21
21,20,21,20
20,20,21,21
21,21,22,21
21,21,22,21
21,20,22,21
21,21,22,21
21,21,22,21
21,21,22,21
21,21,23,22
21,21,23,22
22,21,23,22
21,21,22,21
21,21,22,22
21,21,22,21
21,20,22,21
21,21,22,21
21,21,22,21
21,21,22,21
21,21,23,22
21,20,21,20
20,20,20,20
19,19,20,19
19,19,20,20
19,19,21,20
20,19,21,20
19,19,20,19
19,19,20,19
19,18,20,19
19,18,20,19
18,18,20,19
19,19,20,19
19,19,20,20
19,19,21,20
19,19,21,20
19,19,21,19
19,19,20,19
19,18,19,18
18,18,19,18
18,18,19,18
18,18,20,19
19,18,20,19
18,18,20,19
19,19,20,19
19,19,21,20
19,19,21,20
20,19,21,20
19,19,21,20
20,19,21,20
19,19,20,19
19,18,20,19
19,18,20,19
19,19,20,19
19,19,20,19
19,20,21,20
20,19,21,20
19,19,21,20
20,19,21,20
20,20,21,21
20,20,22,21
21,21,22,21
21,21,22,21
21,21,22,21
21,21,23,22
21,22,23,22
22,21,23,22
21,21,22,21
21,21,22,21
21,21,22,21
21,20,22,21
20,20,21,21
20,20,22,21
20,20,22,21
20,20,21,20
20,20,21,20
20,19,21,20
20,19,20,19
19,19,20,19
19,19,20,20
19,19,20,19
19,19,21,20
19,19,20,19
19,18,20,19
19,19,20,19
18,18,20,19
18,18,20,19
18,19,19,18
18,18,19,18
18,18,19,19
18,18,20,19
19,19,20,19
19,18,20,18
19,19,20,19
19,19,20,19
19,19,20,20
19,19,21,20
19,19,21,20
20,20,21,20
20,20,21,20
20,20,21,20
20,19,21,20
19,19,20,20
19,19,21,20
19,19,21,20
19,19,21,20
19,19,21,20
19,19,21,20
20,19,21,20
20,20,21,20
20,20,21,20
20,20,21,20
19,19,21,20
19,19,21,20
20,19,21,20
20,19,21,20
20,19,21,20
19,19,20,19
19,19,20,19
19,19,20,19
19,19,20,19
19,19,20,19
19,18,20,19
19,18,20,19
19,18,21,19
19,19,20,19
19,19,20,20
19,19,21,20
19,19,20,19
19,19,21,20
19,19,21,20
19,19,21,20
20,19,21,20
19,19,21,20
20,19,21,20
20,19,21,20
20,19,21,20
20,19,21,20
19,19,20,20
19,19,20,19
19,19,20,19
18,18,20,19
18,18,20,19
19,18,20,18
18,18,19,18
17,18,19,18
17,19,20,19
18,19,20,19
17,19,20,19
18,19,20,19
20,19,21,20
21,19,21,20
21,20,21,20
21,20,22,21
21,20,22,21
20,21,22,21
19,20,22,21
20,21,22,21
20,21,23,22
22,22,23,23
21,22,23,22
20,21,23,22
19,21,23,22
20,21,23,22
19,21,23,22
22,21,23,22
21,21,22,22
21,21,23,22
22,21,23,22
22,21,23,22
22,22,24,23
23,22,24,23
24,22,23,22
23,21,22,22
24,21,22,22
24,21,23,22
24,21,22,21
23,22,23,23
25,22,23,23
24,22,24,23
25,24,25,24
25,25,25,25
26,25,26,25
27,25,25,24
28,24,26,25
29,24,26,25
31,27,26,27
30,27,28,27
30,28,29,28
29,27,28,27
30,26,27,27
29,26,28,27
30,27,28,28
30,27,28,27
29,27,29,28
28,28,29,28
28,27,28,28
27,27,28,27
27,26,27,26
28,26,27,27
29,26,27,27
28,26,27,26
29,26,27,26
29,26,27,26
29,26,28,27
30,27,28,27
30,26,28,27
28,26,28,27
28,26,27,26
28,26,28,27
28,26,27,26
27,26,26,25
26,28,26,25
26,30,25,24
27,29,26,25
28,29,26,25
27,29,26,25
27,28,26,25
27,27,26,25
27,28,26,25
27,28,24,23
27,30,23,23
28,29,24,23
28,28,22,21
28,27,22,22
29,27,23,22
30,27,22,21
31,29,23,22
29,29,22,21
31,29,23,22
31,30,24,24
30,30,24,23
30,30,23,22
29,30,23,22
30,31,23,22
29,30,23,22
29,31,22,21
29,31,21,20
28,31,21,20
28,31,21,20
28,33,22,21
30,31,21,20
31,33,20,19
31,32,20,19
29,33,20,19
29,34,20,19
30,35,21,21
29,36,21,21
29,38,21,20
27,37,22,21
25,37,21,20
24,36,21,20
24,37,21,20
24,36,21,20
24,37,21,21
23,37,22,21
25,36,22,21
24,35,22,21
24,34,22,21
24,33,22,21
24,34,22,21
24,35,22,21
23,35,22,21
23,35,22,21
24,35,22,21
21,35,22,21
21,36,21,20
21,36,21,20
21,36,21,21
22,34,21,21
22,34,20,20
23,34,20,21
24,34,21,21
24,33,20,21
25,32,20,22
25,32,22,23
24,33,24,23
25,34,24,22
24,33,23,22
24,33,24,22
22,32,23,22
21,32,22,21
22,32,23,21
20,33,23,22
21,34,24,21
20,34,24,21
22,34,23,21
22,35,22,21
23,35,22,22
23,36,22,22
23,34,24,22
23,37,24,22
24,36,24,22
26,35,25,22
25,35,25,23
24,34,25,23
25,35,26,23
24,34,27,23
22,34,26,23
23,33,26,23
23,33,26,23
23,33,26,23
23,33,26,23
23,35,28,22
22,35,27,21
23,36,28,21
24,33,27,21
24,34,28,22
24,35,30,22
24,34,31,23
25,34,31,22
27,31,34,22
28,29,33,22
30,28,33,23
30,28,32,23
31,28,33,23
30,28,32,23
31,27,33,24
32,29,33,24
33,28,32,24
32,28,31,24
31,28,30,24
31,28,29,24
32,28,30,24
32,27,31,24
33,27,31,25
32,27,31,24
33,25,31,24
35,25,31,24
33,24,32,24
32,24,33,25
32,26,33,25
32,25,31,24
32,27,31,24
33,28,31,25
34,28,30,24
33,28,30,24
33,28,29,26
33,27,29,28
33,28,29,28
32,27,31,27
32,27,30,28
32,25,30,27
35,24,29,26
35,25,29,26
35,23,29,26
33,24,30,28
33,23,31,27
32,24,31,27
32,25,31,26
32,25,32,26
32,25,32,26
32,25,33,28
34,25,32,27
34,27,34,27
37,28,33,28
37,27,32,28
37,26,32,28
35,27,32,29
34,26,32,30
35,24,32,29
36,26,32,30
36,25,31,29
36,25,31,30
35,25,31,29
35,25,31,31
35,24,33,30
33,25,33,31
33,26,33,30
31,26,31,31
32,25,31,33
32,26,33,34
32,27,32,34
31,29,32,37
32,30,29,36
33,31,27,35
34,31,26,35
34,32,26,36
34,32,26,35
35,32,26,36
36,33,25,36
37,34,27,35
37,34,26,34
37,32,26,33
38,33,26,32
37,33,26,32
37,34,26,33
37,34,25,34
38,33,25,33
38,34,26,34
38,36,23,34
37,34,23,34
38,33,23,35
26,26,27,26
26,25,27,26
26,26,27,27
26,27,28,27
27,27,28,27
27,27,29,27
27,27,28,27
27,28,29,29
28,28,29,28
28,28,29,28
28,29,31,29
29,29,30,29
28,28,30,29
29,28,30,29
29,28,30,29
29,28,30,29
28,29,30,28
27,27,29,27
27,27,28,27
26,27,28,28
27,27,28,27
26,27,28,28
27,27,29,28
28,27,29,28
27,27,29,28
28,28,29,28
27,27,29,27
27,27,28,27
27,27,28,27
27,26,28,27
26,26,28,27
26,26,27,26
25,26,26,26
25,26,26,25
25,25,26,25
24,24,25,24
24,24,25,24
24,24,25,25
25,25,26,25
24,24,25,24
24,24,26,25
24,24,25,24
23,23,24,23
23,23,24,23
23,23,24,23
23,23,24,23
23,23,24,23
23,24,25,25
25,25,27,25
26,25,27,26
26,26,27,26
25,25,27,26
25,25,26,25
25,25,27,26
26,26,27,26
26,26,27,26
26,26,27,26
26,27,28,27
27,27,28,27
27,26,28,27
27,26,28,27
26,26,28,27
26,26,28,27
27,26,27,26
26,26,27,26
26,25,26,25
25,25,26,25
25,25,27,26
26,26,28,27
26,26,28,27
27,26,28,27
27,27,29,28
27,27,29,27
27,27,28,27
27,27,29,28
28,28,28,28
29,29,30,30
30,29,31,30
29,29,30,29
29,29,30,29
30,30,31,31
30,31,31,32
32,32,33,32
31,32,32,32
31,31,32,31
31,31,32,31
30,31,32,31
31,31,32,31
31,31,32,31
31,31,32,32
31,31,32,31
31,31,32,31
31,32,33,32
31,31,32,32
31,31,33,32
31,32,33,32
32,32,33,32
32,31,32,31
30,30,31,29
29,29,30,29
28,28,30,29
29,29,30,29
29,29,30,29
28,29,30,29
29,30,31,31
31,31,32,31
31,31,32,31
30,31,32,31
31,31,32,31
30,30,31,30
30,29,31,30
29,29,30,30
29,29,30,30
29,29,30,29
29,29,31,30
29,29,30,30
29,29,31,30
29,29,31,30
30,30,31,31
31,30,31,30
29,30,31,31
31,31,32,31
31,30,31,30
29,29,30,29
30,30,31,30
31,30,32,31
31,31,32,32
31,31,32,31
30,29,31,30
30,29,31,30
29,29,30,29
29,29,30,30
29,29,30,29
28,28,29,28
28,27,28,27
26,27,28,27
27,26,28,27
27,27,28,28
25,25,26,26
26,25,27,26
26,25,26,25
24,25,26,25
25,25,26,26
26,26,27,26
26,26,27,26
25,26,26,26
26,26,27,26
26,26,27,26
26,26,27,27
26,26,27,26
25,26,26,26
26,26,27,26
26,25,27,26
26,26,27,26
26,26,27,26
25,25,27,26
26,26,27,26
26,25,26,25
25,25,26,25
25,25,27,26
26,26,27,27
27,27,28,27
27,27,28,28
27,27,28,27
27,26,28,27
27,26,27,25
25,25,26,25
25,25,26,26
25,25,26,25
25,24,25,25
25,24,26,25
24,24,25,24
24,24,25,24
25,25,26,25
25,24,26,24
24,25,25,26
26,26,27,27
27,27,28,27
27,29,29,29
30,30,29,28
27,27,28,27
27,27,28,27
27,28,29,28
28,28,29,28
27,28,29,28
28,29,30,29
29,29,30,29
29,29,30,29
29,29,30,29
29,29,30,29
29,29,30,29
29,28,30,29
28,28,29,28
28,28,29,28
28,28,29,28
27,27,29,28
27,27,28,27
27,27,28,27
27,27,28,27
27,27,28,28
27,27,28,28
28,28,29,28
28,27,29,28
27,27,29,28
28,28,28,27
27,26,27,26
26,26,27,27
26,25,26,25
25,24,25,24
23,23,24,24
24,23,24,23
23,23,24,24
24,24,25,24
25,25,26,25
24,24,25,24
24,23,25,24
24,23,24,23
23,23,24,23
23,22,23,22
22,22,23,22
22,22,23,23
23,22,23,22
22,22,23,22
22,22,23,23
23,23,24,23
23,23,24,24
24,23,25,24
24,23,24,23
23,23,24,23
23,23,24,23
23,23,24,23
23,23,24,24
24,24,25,24
23,23,24,24
23,23,24,23
23,23,24,24
23,22,24,23
22,23,24,23
23,22,24,23
22,22,24,23
23,24,24,25
25,24,25,24
24,24,25,24
25,25,26,25
25,24,25,24
24,23,24,23
23,24,24,24
24,24,25,24
23,24,25,24
24,24,25,24
24,24,25,24
24,24,25,24
23,23,23,22
22,22,23,22
22,22,22,21
21,20,21,20
20,20,20,19
17,18,18,18
19,18,18,17
18,19,19,19
20,20,21,20
19,19,20,20
20,20,21,20
20,20,21,20
20,19,20,19
19,19,20,20
20,20,21,21
21,20,20,19
18,18,18,18
17,17,18,17
17,17,18,17
16,16,18,17
17,18,18,18
18,18,19,18
18,18,19,18
18,18,19,18
18,18,19,18
18,18,19,19
18,18,19,19
19,19,20,19
18,18,19,18
18,18,20,19
19,19,20,20
20,19,20,19
19,19,20,19
19,18,19,19
18,18,19,19
18,18,19,18
18,18,19,18
18,17,18,17
17,17,18,17
17,17,18,17
17,16,17,16
17,16,17,16
16,15,15,15
15,16,16,15
14,14,15,14
13,15,15,15
16,16,17,16
16,17,18,17
18,18,19,18
18,17,18,17
17,17,18,17
17,17,18,17
16,17,18,18
17,18,18,19
18,18,19,19
18,18,19,18
18,18,19,18
18,18,19,19
18,18,19,18
18,18,19,18
18,18,19,18
18,18,18,17
17,16,17,16
16,16,17,16
16,16,17,16
16,16,17,17
16,17,18,17
17,17,18,17
16,16,17,16
16,16,17,16
16,16,17,16
16,17,17,18
17,18,19,18
18,18,19,18
17,17,18,18
18,19,19,19
19,19,20,19
19,19,20,20
19,19,21,20
20,19,21,20
19,18,19,19
18,18,20,19
19,18,20,19
19,18,20,19
19,18,20,19
19,19,20,19
19,19,20,20
19,19,20,19
18,18,18,17
17,18,18,18
18,18,19,18
17,17,18,18
18,18,19,18
18,19,19,19
19,19,20,20
19,20,21,20
20,20,20,19
19,19,20,19
19,19,20,19
19,19,20,19
19,18,18,17
17,16,18,17
16,16,17,17
17,16,17,16
16,16,17,16
15,15,16,16
16,16,17,16
16,16,17,16
16,16,17,16
15,15,16,16
15,15,16,15
15,15,16,15
15,14,15,14
14,14,15,15
14,14,14,13
13,13,13,13
13,13,13,13
13,13,13,13
12,12,14,13
12,12,13,13
13,12,13,12
12,12,14,13
12,13,13,13
13,13,14,13
12,12,14,13
12,12,13,12
11,11,12,11
10,10,11,11
10,11,11,11
12,12,13,12
12,12,13,13
13,13,14,13
13,13,14,13
14,14,15,15
15,14,14,13
13,13,14,13
13,12,14,13
12,12,13,12
12,12,13,12
12,12,13,12
9,10,10,10
10,10,11,10
9,10,11,11
10,10,11,11
10,10,11,11
10,12,11,12
12,13,14,13
13,14,14,14
13,13,13,12
12,11,12,12
12,12,13,12
12,12,13,12
11,11,12,11
11,11,12,12
11,11,12,11
10,11,12,11
11,11,12,11
11,10,12,11
10,10,11,11
10,11,11,11
11,10,12,11
10,11,12,11
11,12,12,12
11,12,13,12
12,11,12,11
11,10,12,10
11,11,12,12
11,11,13,12
12,11,13,12
11,11,12,11
12,11,12,12
11,11,12,11
10,11,11,11
10,10,11,10
10,10,11,10
12,13,12,14
13,13,14,13
12,12,13,12
11,11,12,11
11,11,12,12
11,11,12,11
11,11,11,10
10,10,11,10
10,10,10,9
9,8,9,8
8,8,9,9
7,7,8,8
8,8,8,8
5,7,6,6
6,7,6,5
3,3,3,3
4,4,5,5
5,6,6,6
5,5,4,4
2,3,3,3
4,4,4,4
4,4,4,4
4,4,5,4
4,4,4,3
3,3,2,3
1,1,1,2
0,0,1,1
1,1,0,0
2,2,2,2
2,3,3,3
3,3,4,3
4,3,4,4
3,5,3,6
6,6,6,6
5,5,5,4
4,5,5,5
5,5,6,6
5,4,5,5
5,4,5,4
4,5,5,5
6,5,5,5
5,5,5,5
5,5,5,5
5,4,3,2
2,2,2,2
2,2,2,1
1,2,3,3
3,3,3,2
2,3,3,3
3,3,4,4
3,3,3,3
3,2,3,2
2,3,3,3
3,3,3,3
3,4,4,4
4,3,4,3
4,4,4,4
4,5,5,5
5,5,6,6
5,5,6,6
4,5,5,5
5,5,6,5
5,5,6,5
5,5,6,5
5,5,6,5
5,5,5,5
5,4,5,4
4,4,5,4
5,4,5,5
5,4,6,5
5,5,6,6
5,5,6,5
5,5,6,5
5,5,6,5
5,5,6,5
5,5,6,6
5,5,6,5
5,5,5,4
4,4,4,3
3,3,4,3
3,3,4,3
3,3,3,2
2,2,3,2
1,2,2,2
2,2,2,2
1,1,2,1
1,1,2,2
2,1,2,2
2,2,3,2
2,2,2,2
1,2,2,2
1,1,2,1
1,1,2,2
1,2,2,3
2,2,3,3
3,4,4,5
4,5,6,6
6,5,6,5
5,5,6,6
5,5,6,6
6,6,7,7
6,7,7,6
6,6,6,5
5,4,6,5
5,5,5,5
4,4,5,5
4,4,4,3
3,2,3,3
3,3,4,3
3,3,4,4
3,3,4,3
2,2,3,3
2,2,3,2
2,3,3,4
4,3,4,3
2,3,3,3
3,3,4,3
3,4,5,5
5,6,6,6
5,6,5,7
7,6,7,6
6,5,6,6
5,5,6,6
6,6,6,5
5,6,6,5
4,5,6,5
6,6,6,6
6,6,6,6
5,5,6,6
5,5,6,6
6,6,7,6
5,5,6,5
5,5,6,5
5,5,6,6
7,9,8,9
9,10,10,10
10,10,9,8
7,7,8,7
7,8,8,8
8,9,9,9
9,8,9,9
8,8,9,9
8,8,9,9
9,9,10,10
10,9,9,9
9,8,9,9
9,9,9,9
9,9,10,9
9,9,10,10
10,10,11,10
10,9,9,9
9,9,10,10
10,10,10,9
9,9,10,10
9,10,11,10
11,12,12,11
11,11,12,11
11,10,10,10
9,9,10,9
8,8,9,8
8,8,8,7
7,7,8,8
8,7,8,8
7,8,8,8
8,9,10,9
9,9,10,9
9,8,9,8
8,8,9,8
8,8,9,8
7,8,8,8
8,8,10,9
9,8,9,8
8,8,9,8
9,9,10,10
9,10,11,10
10,10,11,10
10,9,11,10
10,10,11,11
10,10,11,11
11,11,12,11
11,12,12,12
11,12,13,12
12,11,13,12
12,11,12,11
11,10,11,11
10,10,11,10
10,10,11,10
10,10,11,10
10,9,10,9
8,9,10,9
9,9,10,10
9,9,10,10
9,9,10,9
9,9,11,10
10,9,11,10
10,10,11,10
10,10,11,10
9,9,10,9
9,8,9,9
9,8,10,8
8,8,9,8
8,8,9,9
8,9,9,9
8,9,10,10
10,10,11,11
11,11,12,11
11,11,12,11
11,12,13,12
12,12,13,12
11,12,13,13
12,12,13,13
12,13,14,13
13,13,14,14
14,13,14,13
13,13,14,13
13,14,14,14
14,14,15,15
14,15,16,15
14,15,16,16
15,15,15,15
15,14,15,14
14,14,15,14
14,14,15,14
14,14,15,14
14,14,15,14
13,14,14,14
14,15,15,15
15,15,16,15
14,14,15,14
14,14,15,14
13,13,14,14
14,14,15,15
14,15,15,15
15,15,16,15
14,15,16,15
15,15,16,15
15,15,15,14
14,14,16,15
14,14,15,14
14,14,15,14
13,13,14,13
13,13,14,13
13,14,14,14
14,14,15,15
15,14,16,15
15,16,16,17
17,17,18,17
16,16,18,17
16,17,18,18
17,17,18,17
17,17,18,17
17,17,18,17
16,16,18,16
16,16,17,17
17,17,18,17
17,17,18,17
16,16,17,16
16,16,17,16
16,16,17,17
16,16,17,16
16,16,16,16
15,15,16,15
14,14,15,15
14,14,15,14
14,14,15,15
15,14,15,15
15,15,16,16
15,15,16,15
15,16,17,16
16,16,17,16
16,16,17,17
16,16,17,16
16,16,17,16
16,16,17,17
17,17,18,18
17,17,18,18
17,17,18,18
18,18,19,18
18,18,19,18
18,18,18,17
16,16,17,16
15,16,16,17
16,16,17,16
15,16,17,16
14,14,15,14
14,14,16,15
14,15,16,15
15,15,16,16
15,15,17,16
16,15,16,15
15,15,17,16
15,15,17,16
15,15,17,16
16,17,17,17
17,17,18,16
16,16,18,16
16,16,17,16
16,15,16,15
15,15,16,15
15,15,16,15
15,15,16,15
14,14,15,14
13,14,14,15
14,14,15,14
14,14,16,15
15,14,15,14
15,14,16,15
14,15,16,15
15,15,16,15
15,15,16,15
15,14,15,14
14,14,15,14
14,14,16,14
14,14,15,14
14,14,15,14
14,14,15,15
14,14,16,15
15,14,16,15
14,14,15,14
14,14,16,15
15,14,16,15
15,14,16,14
14,14,15,15
14,14,16,14
14,14,16,15
14,14,16,15
15,15,16,15
15,15,16,16
16,15,16,15
15,15,16,15
15,14,15,14
13,13,15,14
14,14,15,15
14,14,15,14
14,14,15,15
15,14,15,15
15,14,16,14
14,14,15,14
14,13,14,13
13,13,14,13
12,13,13,13
12,12,13,12
12,12,13,12
12,13,14,14
13,13,14,14
13,13,14,14
14,14,15,14
14,13,14,13
13,12,13,13
12,12,13,12
12,12,13,12
12,12,13,12
12,12,13,12
12,12,12,12
12,11,12,11
11,11,13,12
12,12,13,12
12,12,12,12
12,12,13,13
13,13,14,13
13,12,13,12
12,12,13,12
12,12,13,12
12,12,13,13
13,13,14,13
13,13,14,14
14,14,15,14
14,14,15,14
14,14,15,15
15,14,16,15
14,14,15,15
14,14,16,15
15,15,16,15
15,15,16,15
15,15,16,15
15,15,16,15
15,15,16,15
15,14,16,15
15,14,16,15
14,15,16,15
15,15,16,16
16,15,17,16
16,16,17,17
16,16,18,17
17,16,18,17
17,16,17,16
16,16,18,17
17,17,19,18
18,17,19,18
18,17,18,17
17,17,18,17
17,17,18,17
17,17,19,18
17,17,19,18
17,17,19,18
18,17,19,18
17,18,19,18
18,17,19,18
19,19,20,19
19,19,20,19
19,19,20,19
19,19,20,20
20,19,21,20
20,20,21,19
19,19,20,19
19,19,20,19
19,19,20,20
19,19,20,20
20,19,19,18
19,18,19,18
18,19,19,19
18,19,19,18
18,19,20,20
19,20,20,21
20,21,21,21
21,22,23,22
21,21,22,21
20,21,22,21
21,21,22,22
20,20,21,19
20,19,19,19
18,18,19,18
18,18,19,19
18,17,18,18
18,18,19,18
18,19,20,20
19,19,21,20
20,20,21,20
20,20,21,20
20,20,21,21
21,21,22,22
21,21,21,20
19,20,21,21
20,20,21,20
20,20,21,21
21,22,22,23
23,23,23,22
22,22,23,22
21,21,23,22
22,22,22,21
21,21,22,22
22,22,23,23
24,24,25,24
23,23,25,24
23,23,25,24
24,24,25,24
23,23,24,23
23,23,24,23
23,22,23,22
22,22,23,22
22,21,22,21
21,21,21,20
20,20,21,20
20,21,22,21
21,21,22,22
22,21,22,21
21,21,22,21
21,21,22,21
21,23,23,24
24,24,24,24
24,24,25,24
24,25,25,24
24,23,25,24
24,23,24,23
23,23,24,23
23,24,24,24
24,24,25,24
24,24,25,24
24,24,25,24
24,23,24,23
23,23,24,23
22,23,23,23
23,23,24,24
25,25,26,25
25,25,26,26
25,26,27,27
27,27,27,26
26,26,27,26
26,26,27,25
25,24,26,25
24,24,24,24
24,24,25,24
24,24,25,24
24,24,25,25
25,25,26,26
25,25,26,25
25,24,25,24
24,24,25,24
23,23,25,24
23,23,24,24
23,23,25,24
23,23,24,24
24,23,24,23
22,23,24,24
24,24,25,25
24,25,26,26
25,26,27,26
26,25,27,26
26,26,27,26
25,26,27,27
26,27,28,27
27,28,28,28
28,28,29,28
28,28,29,29
29,29,30,29
29,28,30,29
29,29,30,29
29,30,30,31
30,30,32,30
30,30,31,30
30,30,31,30
30,31,31,32
32,31,33,32
31,32,32,32
32,33,34,33
32,33,34,33
33,32,32,31
30,30,31,30
30,31,31,32
31,31,32,31
31,31,32,32
32,31,33,32
32,31,33,32
30,31,32,32
32,31,33,32
33,31,33,32
32,31,32,31
30,30,32,31
28,31,32,31
30,31,32,31
30,31,32,32
30,31,33,32
30,32,33,32
29,32,33,32
29,31,32,32
28,31,33,32
29,32,33,33
27,34,35,35
28,33,35,34
29,33,34,33
29,35,35,36
29,36,37,36
28,34,36,35
27,36,36,36
27,35,36,35
26,35,37,36
25,36,36,37
24,37,38,37
26,36,38,36
25,35,37,36
25,37,38,38
24,37,38,38
25,39,40,39
25,39,39,38
25,39,39,40
26,40,42,41
27,40,41,40
27,40,41,39
27,40,40,39
27,41,41,42
24,44,44,45
23,46,46,45
23,45,45,44
22,45,45,45
20,44,44,43
21,43,42,41
19,43,43,44
19,44,45,44
19,44,45,44
19,43,44,44
20,43,44,44
22,43,44,43
23,43,44,44
24,45,45,46
25,45,47,45
25,45,46,44
26,43,42,40
25,40,40,40
25,39,41,40
27,40,41,40
27,42,42,43
27,42,43,42
26,41,41,41
27,41,42,41
27,40,41,41
28,39,41,40
28,40,41,41
28,42,42,41
26,41,40,39
26,39,40,40
25,37,41,40
27,38,41,40
27,38,40,39
27,38,38,37
26,39,37,37
26,38,37,37
26,37,38,37
25,36,39,38
26,37,39,39
25,36,40,38
25,36,38,37
24,37,39,38
22,37,39,38
23,37,38,39
22,36,39,38
23,35,39,40
23,35,42,43
22,34,43,42
21,33,43,43
21,32,44,44
22,33,46,44
22,32,44,43
21,32,43,43
20,32,43,42
21,32,43,42
18,32,43,41
19,33,42,42
19,33,41,40
19,34,39,38
19,34,40,40
20,34,41,40
20,34,42,41
19,31,40,39
20,31,41,39
20,30,40,39
20,29,39,39
20,27,40,39
21,28,40,39
21,26,39,38
20,26,39,38
21,26,38,37
19,26,35,36
19,27,36,35
19,29,36,36
19,30,37,37
19,31,38,37
16,32,37,36
16,32,37,37
15,32,38,39
16,32,40,39
16,32,39,39
16,33,39,39
18,33,41,40
19,33,41,40
18,32,42,42
15,33,43,42
16,33,43,42
18,34,43,42
17,34,41,40
18,34,42,40
17,32,44,38
16,32,43,38
18,31,41,39
18,33,39,39
18,33,40,39
18,33,40,39
17,32,40,40
17,31,40,42
19,32,39,42
20,31,39,43
19,32,38,43
19,31,39,44
19,30,37,45
19,29,38,45
19,28,39,44
18,28,38,43
19,28,39,42
19,29,38,44
19,29,36,42
19,27,36,44
20,26,36,44
19,26,34,44
17,27,34,43
16,27,35,43
16,26,34,42
18,25,34,42
19,26,34,43
19,23,34,42
17,23,34,40
17,23,34,41
16,24,35,42
17,24,35,41
16,25,36,42
17,25,36,42
16,23,35,43
15,25,32,42
17,24,32,41
15,25,31,41
14,24,31,42
14,25,28,42
13,25,29,42
13,24,27,44
14,25,27,43
13,24,27,44
13,23,28,44
15,23,28,43
16,23,30,44
16,23,31,45
17,20,32,45
16,20,33,46
18,19,33,46
19,20,33,46
18,20,33,48
19,20,33,49
17,21,34,50
17,22,34,50
17,21,34,50
17,19,33,49
17,20,34,50
17,22,34,50
16,21,35,48
18,21,35,49
18,20,35,50
16,19,33,49
15,21,33,48
16,21,32,46
15,21,34,47
14,21,34,47
14,20,34,47
13,20,33,47
12,22,32,46
12,23,33,46
12,22,32,45
12,22,33,45
13,22,32,44
11,22,31,44
13,22,30,45
13,21,29,45
14,22,29,45
14,22,28,44
14,22,30,42
13,22,29,42
15,22,28,42
15,21,27,40
13,20,27,40
14,18,28,41
14,18,27,40
15,20,27,40
14,21,26,40
14,21,27,40
12,19,24,40
11,19,24,40
12,18,24,41
12,19,24,41
13,18,24,42
13,19,25,42
13,18,25,41
16,17,24,38
15,19,25,38
14,17,25,37
15,16,25,36
14,15,25,34
14,14,26,34
14,15,25,33
14,15,25,33
13,14,26,33
12,15,24,33
12,17,24,34
13,17,23,35
12,17,24,36
12,18,23,38
13,17,20,39
14,19,21,38
14,20,19,38
13,19,20,38
14,20,20,38
14,18,20,39
14,18,22,39
14,18,22,39
15,18,21,38
15,17,19,39
15,18,20,39
13,17,22,40
28,28,27,27
28,28,28,29
30,30,31,31
31,32,32,33
33,34,33,35
34,35,35,35
35,36,36,36
36,36,36,36
36,38,37,38
38,39,37,36
34,36,35,37
37,37,37,36
35,37,37,36
36,38,37,39
39,39,39,39
38,40,40,39
39,40,40,39
41,41,42,42
42,43,43,43
42,42,42,40
38,38,38,38
38,39,39,39
38,41,39,42
42,41,40,39
38,40,39,39
39,41,41,40
40,40,38,38
38,39,39,39
39,39,40,40
40,40,40,39
39,39,39,39
38,39,38,37
36,37,37,36
35,36,36,35
35,34,34,33
33,33,34,33
32,32,32,31
31,32,33,32
31,31,32,32
32,34,34,35
34,34,35,34
34,37,35,37
37,37,38,37
37,38,38,37
37,37,38,38
37,37,38,37
38,38,38,37
37,37,36,35
34,35,36,35
35,35,35,34
34,34,35,35
34,33,33,32
32,32,33,32
32,32,33,32
31,32,33,32
32,33,33,34
34,35,35,34
34,34,35,34
35,34,35,34
34,34,36,34
34,33,34,33
33,32,34,33
33,33,34,33
33,34,34,35
35,36,37,37
36,37,37,37
37,37,37,38
37,37,38,37
37,38,38,38
39,40,40,40
40,40,41,40
40,41,41,41
41,40,40,40
39,40,41,41
42,42,44,43
42,42,44,43
43,43,44,44
44,44,45,45
44,44,45,45
44,44,45,45
44,44,45,45
44,46,46,46
45,46,47,46
44,45,46,46
46,46,48,46
46,48,48,49
49,48,49,49
48,50,50,51
50,50,52,51
51,51,51,50
50,50,51,50
50,52,52,52
51,52,52,51
51,51,52,51
50,51,52,51
51,51,52,51
49,50,51,51
51,52,53,53
52,52,54,53
52,52,54,52
52,52,53,52
51,51,51,51
50,51,52,51
50,49,50,50
50,50,51,51
51,50,51,50
50,51,51,52
52,51,53,51
50,51,51,51
50,50,49,48
47,48,49,49
49,50,50,50
49,51,51,51
51,51,52,52
52,51,52,51
51,53,52,54
53,53,55,54
54,53,55,54
52,52,53,52
50,50,50,49
49,49,50,50
49,49,49,48
48,48,49,49
49,49,50,49
49,49,51,49
48,48,49,48
47,47,48,47
47,48,49,48
49,49,50,50
49,49,50,49
48,48,49,47
47,47,48,48
46,46,48,46
46,47,48,48
48,49,50,49
49,49,49,48
47,49,49,49
49,50,50,51
51,50,51,50
50,50,51,49
49,50,50,51
49,49,49,48
48,48,49,48
48,50,50,50
50,51,52,52
51,52,53,53
52,52,54,52
53,53,53,52
52,53,53,52
52,52,51,50
47,50,49,51
50,50,49,48
48,48,49,48
48,48,48,47
46,47,48,48
48,47,48,47
47,47,48,47
46,47,47,47
45,45,45,44
43,42,44,42
42,43,44,43
43,44,45,44
43,43,44,43
43,43,44,43
43,43,44,43
43,44,45,43
44,45,46,45
44,44,44,43
43,43,43,42
42,41,41,40
39,38,40,38
38,38,39,39
39,39,40,40
40,41,41,41
40,39,41,40
41,41,41,40
39,40,41,40
40,40,40,39
38,38,39,38
37,37,39,37
38,38,39,38
38,39,40,39
39,39,40,39
39,39,40,39
38,38,39,38
37,37,38,36
35,35,36,35
35,35,36,36
36,36,37,36
37,38,38,38
38,39,39,39
39,39,40,40
40,40,41,40
40,40,41,40
39,39,39,38
37,37,39,38
38,38,39,39
38,38,39,38
37,37,38,37
37,38,39,39
39,38,40,39
39,39,40,39
39,39,40,40
40,41,42,41
41,41,41,40
38,38,39,38
37,37,38,37
36,37,38,37
37,38,38,39
38,40,40,40
40,41,42,42
41,42,42,42
40,40,40,40
39,40,39,38
38,39,39,39
39,40,41,41
40,41,42,42
41,41,42,41
41,41,42,41
41,41,42,41
41,40,41,40
40,40,42,40
40,40,41,40
40,40,42,41
41,42,43,43
42,42,44,42
42,42,44,43
42,42,43,43
42,42,43,42
41,41,42,41
41,41,42,42
41,41,43,42
41,41,42,41
40,40,40,39
38,39,40,39
38,38,40,38
38,38,38,37
36,36,37,37
36,38,38,39
39,39,40,39
39,39,41,40
39,40,41,41
40,41,42,42
42,41,42,41
42,43,44,43
43,42,44,43
42,42,43,42
42,42,43,42
41,41,41,41
41,40,42,41
40,40,42,41
40,40,41,40
39,38,40,39
39,38,40,39
39,39,40,38
38,38,39,38
38,39,39,39
39,40,41,41
41,41,43,42
41,41,43,41
41,41,42,41
41,40,42,41
40,41,42,42
42,42,43,42
41,41,43,42
42,41,42,42
42,42,43,43
42,42,44,43
43,44,45,43
43,42,44,43
42,42,43,42
41,41,42,42
41,41,42,42
41,41,42,42
42,41,43,42
42,42,43,43
42,43,44,43
42,44,44,44
44,45,46,46
45,45,46,45
45,45,45,45
45,46,47,45
46,45,46,45
45,45,46,45
45,44,46,45
44,44,45,45
44,44,45,44
43,43,45,44
43,43,44,43
43,45,45,46
45,46,47,47
46,47,48,47
47,47,48,47
46,46,48,47
46,47,48,47
47,47,48,47
47,47,49,48
48,48,50,49
48,48,50,49
49,48,50,49
48,49,50,48
49,49,50,49
49,49,50,49
49,49,50,50
49,49,51,50
50,50,52,51
51,51,52,52
51,51,53,51
51,52,53,52
52,52,53,52
52,52,54,53
52,52,53,53
52,52,54,53
52,52,54,53
53,53,55,54
54,54,55,53
55,56,57,56
56,55,57,56
56,55,57,56
56,55,57,56
55,55,55,54
53,53,54,53
52,53,54,53
52,53,54,54
53,53,55,54
53,53,54,53
52,53,54,54
53,54,55,55
54,54,55,54
54,54,55,55
54,54,55,55
54,54,56,55
54,54,56,55
54,55,56,56
56,56,57,56
55,55,57,56
55,55,57,55
55,54,56,55
54,55,56,55
55,54,54,53
52,52,52,52
52,53,53,52
52,52,54,52
52,53,54,54
53,53,54,53
52,52,53,52
52,52,53,53
52,52,54,52
52,52,54,52
51,51,53,52
51,52,53,52
52,52,53,51
51,50,51,50
50,50,50,50
50,51,51,51
49,50,51,50
50,50,51,51
51,51,52,51
51,51,50,50
49,50,50,50
51,51,52,52
52,52,54,52
52,52,54,53
53,53,54,53
53,53,55,53
53,52,54,53
52,51,53,52
52,52,52,52
51,51,52,51
49,50,51,51
50,52,51,50
51,50,51,51
50,50,51,50
49,50,51,50
50,51,52,50
50,50,52,50
50,50,51,50
49,49,49,48
48,48,49,49
49,49,51,49
49,49,50,48
48,48,48,47
47,47,48,47
47,47,48,47
46,48,48,49
48,49,50,50
49,49,49,48
48,47,48,47
47,48,48,48
48,47,47,46
46,45,46,45
45,45,46,46
46,46,47,46
46,47,47,48
47,48,49,49
48,49,50,50
49,49,50,49
49,50,51,51
50,51,52,51
51,52,52,51
51,52,52,53
52,52,53,52
51,52,53,52
51,51,53,52
51,51,53,52
52,52,54,52
52,52,53,53
53,53,54,54
51,52,53,52
52,52,53,52
51,52,53,52
53,54,55,54
54,53,55,54
54,54,55,54
51,51,53,52
52,51,52,52
52,52,54,52
52,53,54,53
52,53,54,53
52,53,54,54
53,54,55,54
53,54,55,54
54,54,55,54
53,53,54,53
52,52,53,52
51,52,52,53
52,52,54,53
52,52,53,52
51,51,52,51
49,50,51,50
50,50,52,51
51,51,52,51
50,50,52,51
50,50,52,50
49,49,49,47
47,47,47,45
45,45,46,45
45,46,47,47
47,47,48,48
47,48,49,48
48,48,49,48
48,48,49,48
48,48,48,47
45,46,47,47
47,48,49,48
48,49,49,47
48,49,49,49
49,49,51,50
49,49,51,50
50,50,52,51
51,51,52,51
51,51,53,51
51,51,52,52
51,51,53,52
51,52,53,53
52,52,54,53
53,53,54,53
53,53,54,53
53,54,54,54
54,54,55,54
54,54,56,55
54,54,56,54
54,54,56,55
54,54,55,54
53,53,54,54
53,53,54,53
53,53,54,53
52,52,53,52
51,51,52,51
51,52,52,52
52,52,54,53
53,53,53,54
53,54,55,54
54,54,56,55
54,54,56,55
54,55,56,56
55,55,57,55
54,54,55,55
54,54,56,54
54,55,56,56
55,55,57,56
56,55,57,56
55,55,55,54
52,52,53,52
52,52,54,53
53,52,53,52
52,52,54,53
53,53,54,53
52,52,53,53
54,56,56,57
57,57,58,58
58,58,59,58
59,59,61,59
59,59,61,60
60,59,61,60
59,59,61,60
61,60,62,61
60,60,61,60
60,60,62,60
61,62,62,62
61,61,62,61
60,61,62,60
60,61,62,61
61,60,61,60
60,60,61,60
60,60,61,60
59,59,61,60
60,60,62,61
60,60,61,59
59,59,61,60
59,59,60,59
59,59,60,59
58,59,60,59
59,60,61,61
60,60,62,61
60,60,62,61
61,62,63,63
62,62,63,62
62,62,63,62
62,61,63,62
62,62,63,62
61,61,63,62
61,61,63,62
62,63,64,64
63,63,65,64
63,63,63,62
62,62,63,62
62,63,64,63
62,63,64,63
63,63,64,63
63,63,64,64
61,61,61,61
61,62,63,62
62,63,63,62
61,61,62,62
62,61,64,62
62,61,63,62
61,61,62,61
62,61,63,62
61,61,63,62
61,62,63,63
63,62,64,63
62,63,64,63
62,63,64,63
63,63,65,64
64,64,66,64
64,64,66,64
64,64,66,65
64,64,66,65
64,64,66,64
64,64,66,65
65,64,65,63
63,63,64,63
62,62,63,62
62,62,63,62
62,62,64,62
62,61,63,61
61,61,62,61
60,60,61,60
60,59,62,60
59,60,61,61
60,60,62,61
61,61,63,62
62,63,64,63
63,63,65,64
64,64,66,64
64,65,67,65
65,65,67,65
65,65,65,63
63,63,65,64
63,63,65,63
63,63,64,64
63,64,65,64
64,64,65,64
63,63,65,63
63,63,65,64
63,63,65,64
64,65,66,65
64,64,66,65
65,66,67,66
65,65,67,66
65,65,67,66
66,65,67,66
65,65,66,65
64,64,63,62
62,61,62,61
61,61,62,62
62,62,61,61
60,60,61,61
61,60,61,61
61,61,62,60
60,60,61,60
60,60,61,60
61,61,62,62
61,61,63,62
62,61,63,62
63,63,65,64
64,65,66,65
64,64,66,65
65,65,67,66
65,65,66,65
64,64,65,65
64,64,66,65
63,64,65,64
64,64,66,65
64,65,66,64
64,64,65,64
64,63,65,64
64,64,64,64
63,63,65,64
62,62,63,62
62,62,63,63
62,62,64,62
63,63,64,63
63,63,63,62
61,61,62,61
60,61,62,61
60,60,61,60
60,62,62,60
59,59,60,59
59,60,60,60
60,59,62,60
61,66,62,66
65,67,67,67
67,68,69,68
69,69,70,68
68,69,69,69
69,70,71,70
70,70,71,71
70,71,73,72
72,71,72,71
71,71,73,72
72,72,74,72
72,72,74,72
72,73,74,73
71,71,73,71
71,71,72,71
70,70,72,71
71,71,72,70
69,69,71,70
68,69,71,70
69,69,70,68
68,69,70,70
70,71,72,72
72,72,74,73
73,73,74,72
72,72,71,71
70,70,71,69
69,69,71,69
69,70,71,70
69,69,71,70
70,69,70,69
68,68,69,68
69,69,69,68
67,68,69,68
68,68,69,68
67,67,69,68
68,67,69,68
69,68,70,69
69,68,70,69
69,69,69,68
65,66,67,66
66,67,68,68
68,68,69,68
67,67,69,68
68,68,70,69
69,69,71,70
70,70,72,71
70,70,72,71
71,71,72,71
70,71,73,72
71,71,73,72
71,71,72,71
71,71,72,72
71,71,72,71
70,71,72,72
72,72,74,72
72,72,73,72
72,71,73,72
71,71,73,71
71,71,72,71
70,70,71,70
69,70,72,70
70,70,72,70
70,71,72,71
71,71,73,72
72,72,74,72
71,71,73,71
72,73,74,74
72,72,74,73
72,72,73,72
72,71,73,72
71,72,74,72
72,72,73,73
72,73,75,73
73,74,75,75
74,74,76,74
74,74,75,73
73,73,74,72
72,72,73,72
72,71,72,71
71,71,73,72
72,72,73,72
72,72,73,72
72,74,74,75
74,74,76,74
73,73,74,73
73,72,73,72
72,73,74,73
73,73,75,74
73,74,75,75
74,74,75,74
73,73,73,72
71,71,72,71
71,71,72,71
70,70,70,69
68,68,68,67
67,68,70,68
71,70,69,68
67,67,68,68
67,68,67,66
64,66,65,66
67,68,69,69
68,68,69,67
67,67,69,68
67,68,69,68
68,68,68,66
67,67,69,68
68,68,70,69
68,68,69,68
68,68,70,69
69,69,70,69
70,70,72,71
70,70,72,71
70,70,71,70
69,69,70,69
69,69,69,68
68,68,69,68
68,68,69,68
67,69,69,70
69,70,70,71
71,71,72,72
71,71,73,71
71,71,72,71
70,69,71,70
70,70,70,70
69,69,70,69
68,69,70,69
69,68,70,69
69,69,71,69
69,69,71,70
70,70,70,69
67,67,68,67
66,65,66,65
65,66,66,67
66,66,67,65
65,65,66,65
65,65,66,65
64,64,66,65
65,65,66,65
64,65,65,64
65,64,63,62
61,62,63,62
61,61,63,61
62,63,64,63
61,61,61,60
58,60,60,60
59,60,60,60
59,59,58,58
58,58,57,58
58,60,60,61
60,60,61,60
58,61,59,61
62,62,63,63
62,63,63,63
63,63,64,62
62,62,62,61
61,62,63,62
63,63,64,63
63,63,63,63
64,65,66,65
65,65,67,65
64,64,64,63
62,64,65,64
63,64,65,64
64,64,64,63
63,63,64,64
63,64,65,64
63,63,64,63
63,63,64,63
62,63,64,63
62,63,63,63
63,64,65,64
64,64,65,65
64,64,66,65
65,67,67,68
67,69,69,69
69,69,71,70
69,70,71,70
70,70,72,71
70,70,72,71
70,71,72,72
71,71,73,71
71,71,72,71
70,71,71,69
70,71,72,72
71,71,73,71
69,70,70,69
69,69,71,69
69,69,71,70
69,69,69,68
67,68,67,65
65,67,65,68
66,67,68,67
68,69,70,70
70,70,70,70
70,70,71,70
69,69,71,70
70,70,71,71
70,69,71,69
68,68,69,68
66,66,66,65
65,66,66,66
66,66,67,66
67,69,68,69
68,69,69,68
67,68,69,68
68,70,70,70
68,69,70,68
69,70,68,71
70,72,72,73
73,73,75,74
73,74,76,74
73,74,75,74
74,77,76,77
78,81,80,82
81,83,83,84
81,82,82,81
81,82,82,82
81,81,82,82
82,82,83,82
82,82,84,83
83,86,85,85
84,84,85,85
84,86,86,85
85,85,87,86
84,84,82,81
81,83,83,84
83,83,84,83
83,85,86,85
86,86,88,86
85,85,87,85
84,85,85,85
86,86,88,87
86,87,89,88
87,89,90,90
90,90,91,90
89,89,90,89
89,88,90,88
88,89,90,90
90,90,91,91
91,92,93,93
92,92,91,90
90,91,91,91
92,92,94,93
93,93,95,94
93,92,94,93
92,92,93,92
92,97,94,97
97,96,97,97
97,97,97,98
98,99,99,99
99,99,99,99
99,99,94,94
93,94,95,95
94,95,96,95
94,94,94,92
91,93,92,93
94,94,94,92
91,94,91,95
95,96,95,94
95,96,97,96
95,95,95,95
93,95,95,94
93,94,95,93
94,93,94,93
92,91,92,92
93,93,94,94
94,95,96,96
95,95,96,94
94,94,95,93
93,94,95,94
93,93,93,91
91,91,91,89
89,90,91,90
91,91,92,90
91,91,89,89
88,89,89,89
89,89,90,89
89,91,91,91
91,92,89,88
89,88,86,85
85,86,86,85
85,86,86,85
85,87,87,85
85,86,82,83
82,83,83,83
84,87,85,88
88,88,89,88
86,86,86,85
84,84,85,84
80,83,81,83
84,84,82,81
80,81,82,82
83,85,85,86
86,85,87,85
84,84,85,84
83,83,85,84
83,84,83,83
82,83,84,84
82,83,83,82
81,81,81,80
79,80,80,80
79,79,80,79
79,81,81,80
79,80,80,79
78,79,79,79
78,78,78,77
76,77,77,77
77,80,78,80
79,81,82,80
79,80,80,79
77,77,79,78
76,77,78,78
77,77,78,76
75,76,76,77
77,78,78,77
79,81,81,81
82,83,84,83
83,82,83,82
80,82,83,83
81,82,83,82
77,79,79,78
78,78,78,77
78,80,80,80
81,80,80,78
78,78,80,78
76,77,78,76
76,76,75,73
71,71,72,72
72,74,74,73
72,75,76,75
71,76,75,74
71,73,75,74
70,73,75,73
66,75,75,75
67,75,76,75
66,75,76,75
66,75,76,74
66,73,74,74
66,74,75,73
67,72,73,71
65,70,70,69
66,69,71,70
64,70,70,69
63,69,70,69
62,70,71,71
62,71,72,72
62,70,71,70
60,72,72,72
60,72,73,72
58,72,73,72
58,72,73,73
58,71,70,69
57,67,67,66
58,67,68,66
58,66,67,66
58,67,67,66
60,65,67,66
58,64,65,64
57,63,63,62
57,62,61,60
56,58,57,57
56,62,60,62
56,61,61,61
58,63,64,63
57,62,64,63
57,62,63,62
57,60,61,60
56,60,61,60
56,62,62,62
57,61,61,60
56,61,62,61
55,64,64,64
54,68,67,65
54,66,66,66
53,65,67,65
52,65,67,65
53,67,67,67
51,67,68,67
51,67,69,68
52,67,66,66
52,64,63,64
50,63,60,59
50,61,58,60
50,61,54,56
51,59,60,59
50,58,58,57
50,57,57,57
50,60,60,59
50,60,60,59
49,59,58,58
49,61,60,61
50,61,62,62
50,60,64,66
50,60,67,66
50,59,68,68
50,56,70,69
49,56,68,68
49,55,68,67
50,55,68,67
51,56,68,67
50,56,68,67
51,56,68,67
52,55,68,68
53,56,69,70
51,54,73,73
51,53,74,72
53,52,74,72
54,52,73,72
54,52,74,73
53,51,74,73
52,50,74,74
52,49,73,73
52,48,71,72
52,48,73,72
52,47,74,75
51,49,76,74
51,48,75,75
51,49,77,75
50,51,75,74
49,49,74,74
48,48,75,74
48,48,76,76
47,47,78,77
46,47,79,78
46,47,80,78
47,49,79,78
44,48,77,76
44,48,77,79
44,48,80,80
45,48,81,81
45,48,82,82
45,48,84,82
44,48,83,82
45,47,79,78
44,46,78,77
44,46,80,79
44,44,77,76
42,44,77,76
44,45,77,77
43,43,75,74
43,43,73,71
45,44,74,74
44,44,76,75
42,43,79,78
43,43,77,76
42,43,77,75
41,44,76,76
41,42,79,78
41,42,80,78
40,42,78,77
41,42,79,78
40,42,79,77
41,42,73,72
39,43,72,71
39,43,72,68
40,43,71,65
39,43,71,63
40,43,70,63
39,42,67,65
37,42,67,63
36,43,66,60
35,44,66,58
37,44,67,58
37,45,67,59
38,46,67,57
41,47,66,59
41,45,66,60
41,45,64,59
41,46,64,60
41,48,63,60
41,48,62,58
42,47,62,57
41,46,61,56
41,46,60,54
43,46,59,53
42,47,58,52
42,46,58,53
42,46,57,50
42,45,59,49
41,45,58,50
41,45,58,48
41,43,60,51
42,43,58,54
41,43,58,53
42,42,57,56
43,41,56,56
44,41,57,54
44,41,56,56
44,39,58,54
45,39,57,51
44,39,58,52
45,40,57,54
47,40,57,56
47,41,57,59
46,39,57,61
47,40,56,61
47,40,56,63
46,39,55,62
45,40,54,60
44,38,53,59
45,40,53,56
45,39,53,59
46,38,52,60
46,41,51,60
47,40,53,63
47,38,52,61
47,39,51,62
48,38,51,61
47,37,51,61
47,37,52,61
45,37,50,60
44,37,50,61
43,37,50,62
44,36,50,61
44,37,49,58
45,35,49,58
45,35,50,58
45,37,50,57
44,36,50,57
45,37,50,56
45,36,50,53
46,34,49,53
46,33,49,52
44,32,51,53
45,34,51,53
46,34,51,53
45,35,52,53
44,38,53,52
44,38,54,53
44,38,52,51
46,38,52,51
47,39,53,50
47,39,55,50
46,39,55,49
45,39,54,48
45,39,53,47
45,40,53,46
47,40,53,45
46,40,53,46
47,40,53,45
49,40,52,46
48,39,52,46
48,39,51,46
49,39,51,48
49,40,49,46
49,40,49,46
49,40,49,45
48,42,48,44
49,42,47,45
48,42,47,45
48,42,47,46
47,43,44,46
48,43,45,46
48,44,45,46
47,45,45,45
47,45,46,45
47,45,46,46
47,47,45,45
49,46,46,45
49,45,45,44
49,44,44,44
49,43,45,42
49,44,43,42
50,45,45,43
53,45,44,41
53,45,44,41
54,47,46,42
55,47,45,42
56,47,43,40
54,47,44,41
55,47,43,40
55,46,42,41
56,45,41,40
58,44,41,40
58,43,41,40
57,44,42,40
56,44,41,40
55,46,42,40
47,48,48,49
49,48,49,48
47,46,47,46
45,45,46,46
46,47,48,47
46,49,48,49
50,50,51,51
51,53,53,54
53,55,55,53
54,55,56,55
54,55,56,55
55,55,56,55
55,54,55,54
54,55,55,56
56,56,57,56
55,56,57,56
56,57,57,56
56,57,58,57
57,58,59,59
58,58,58,56
56,56,58,57
58,58,59,57
58,58,57,56
55,55,56,56
56,57,58,56
56,57,58,58
58,58,59,58
58,60,60,60
60,60,61,60
60,60,61,60
60,60,61,60
60,60,61,61
60,59,61,60
59,59,60,59
59,58,60,59
58,57,58,58
57,58,58,57
57,57,59,58
57,57,59,58
57,56,58,57
56,57,58,58
57,57,58,57
57,58,59,59
58,59,60,58
58,59,59,58
58,58,59,59
59,58,60,58
58,58,59,58
58,58,59,58
58,58,58,58
57,57,59,57
55,55,57,56
56,56,57,56
56,55,57,56
55,55,56,56
55,55,55,54
54,54,56,54
54,54,56,55
55,55,56,55
55,56,57,57
56,56,57,56
55,55,56,54
54,54,54,54
54,54,56,54
54,55,56,54
52,55,54,55
56,57,58,58
56,58,58,58
58,58,60,59
58,58,59,58
57,58,59,58
58,58,59,58
57,57,59,57
56,56,57,56
56,57,58,57
57,56,58,57
57,57,58,57
57,58,58,58
58,59,60,59
59,58,60,59
59,59,61,60
60,60,61,60
59,60,61,60
60,60,61,60
59,59,60,60
60,59,61,60
59,59,60,59
57,57,57,56
55,56,57,56
54,55,56,56
57,57,59,57
57,57,58,58
54,56,56,57
57,57,58,57
57,59,59,60
60,62,62,61
61,61,62,62
61,61,62,61
60,61,62,61
61,61,62,61
61,62,62,62
62,62,64,63
63,62,63,62
62,62,64,63
62,62,64,63
61,62,63,62
62,61,62,61
61,60,62,61
60,60,61,60
59,59,60,60
59,62,61,62
62,63,64,63
64,65,66,66
66,68,68,69
68,68,69,68
68,68,69,68
67,68,70,69
69,69,70,69
68,69,68,69
69,69,71,70
69,69,71,70
68,69,70,70
69,69,71,70
69,69,71,69
69,69,71,70
69,69,71,69
69,69,71,69
68,68,70,68
68,68,69,68
68,69,69,70
70,70,72,70
70,70,71,70
69,69,71,70
69,69,71,70
70,69,71,69
69,69,70,70
69,69,71,70
69,69,68,67
67,68,69,68
65,66,67,66
66,66,67,66
66,66,68,67
66,66,68,66
66,66,68,67
66,66,68,66
66,66,68,67
67,68,69,68
69,68,69,68
67,67,69,67
66,66,68,66
66,65,66,64
64,65,66,65
64,64,65,64
64,64,66,64
63,63,64,63
62,63,64,63
62,63,64,63
63,64,65,65
65,64,66,65
65,66,67,66
66,66,67,66
66,66,67,66
66,65,67,65
65,64,66,65
65,65,67,65
65,65,66,66
66,66,68,67
66,66,67,66
65,65,65,64
64,64,66,64
64,64,66,64
64,66,66,66
66,66,68,67
66,66,68,67
66,66,68,66
66,66,68,66
65,66,67,66
66,66,65,64
64,64,65,63
63,63,65,64
63,63,65,63
63,63,65,63
64,63,65,64
63,62,64,63
62,62,64,63
62,64,64,63
62,62,63,63
62,62,64,63
63,63,64,64
63,62,64,63
63,64,65,64
64,64,66,65
64,65,66,65
65,65,66,65
65,65,66,65
64,64,65,64
63,63,65,63
62,62,64,63
62,62,64,63
63,62,64,63
62,62,64,63
63,63,65,63
63,63,64,63
63,62,64,62
62,63,64,64
63,64,65,64
64,64,66,65
66,66,68,67
67,67,68,68
67,68,69,68
68,67,69,67
67,67,69,67
68,67,69,67
67,66,68,67
67,67,68,67
67,68,69,69
69,69,70,70
69,69,70,69
69,69,71,70
70,70,71,70
66,67,68,67
67,67,68,67
66,66,68,66
65,66,67,66
66,65,65,65
65,66,67,66
66,66,67,66
65,66,67,66
65,65,67,66
65,65,66,65
64,64,65,64
63,64,66,64
64,64,66,64
64,63,65,63
63,64,65,65
65,66,67,66
65,65,68,66
65,65,66,65
64,64,66,65
64,64,65,64
64,64,66,64
64,65,66,65
65,64,67,65
64,64,65,64
63,64,65,63
63,63,65,63
64,64,66,64
64,64,65,64
63,63,64,64
63,63,65,64
64,63,65,64
63,63,65,63
62,63,64,63
62,63,64,64
64,63,64,63
62,62,63,61
60,63,62,63
62,63,64,62
62,61,63,62
61,61,62,62
61,61,63,61
61,61,63,62
62,62,64,63
63,64,65,64
63,64,65,64
64,63,65,64
63,63,65,64
63,63,64,63
63,63,65,63
63,63,64,63
63,62,62,61
59,59,60,59
59,59,60,60
59,59,61,59
59,58,60,59
58,57,59,58
57,57,59,58
58,59,60,59
59,59,60,59
59,59,61,60
59,61,61,61
61,61,62,61
60,60,62,61
60,60,61,60
60,59,61,60
59,60,61,60
60,60,62,60
60,60,62,60
60,60,62,60
60,60,61,60
59,59,61,60
59,59,60,59
59,59,61,60
59,59,61,59
59,60,61,60
60,59,61,59
59,59,60,59
58,58,60,59
59,58,60,59
58,58,59,58
58,58,60,59
58,59,60,59
59,60,61,61
60,62,62,62
62,62,64,63
62,62,64,63
62,62,64,63
63,63,65,64
63,63,65,64
63,64,66,64
64,64,65,65
64,64,66,65
64,64,66,65
64,64,66,64
64,64,66,65
64,65,66,65
64,64,66,65
64,64,66,65
65,65,66,65
64,64,66,64
64,65,66,66
65,66,67,66
65,65,68,66
66,67,68,68
68,68,70,68
68,68,70,69
68,68,70,69
68,68,70,68
68,68,69,68
68,67,69,68
67,67,68,67
67,66,69,67
66,67,68,67
67,67,69,68
67,67,68,67
67,67,68,66
66,66,67,66
65,65,67,66
66,65,67,65
65,65,67,66
66,67,68,67
67,67,69,67
67,66,69,67
67,69,70,69
68,69,71,69
69,69,71,69
69,69,71,70
68,67,69,67
67,67,69,67
67,67,68,67
66,66,67,66
66,66,67,66
66,65,67,66
65,65,66,65
65,65,67,65
65,64,66,65
64,65,66,65
65,66,67,67
66,67,68,66
66,66,68,66
66,66,68,66
65,65,67,66
64,64,66,65
65,65,66,65
64,65,66,65
64,64,65,64
64,65,66,65
64,65,67,65
64,64,65,65
64,64,66,65
64,65,66,65
65,65,67,65
64,65,66,66
65,66,67,66
65,65,67,66
65,65,67,66
66,66,68,67
66,67,68,67
67,66,68,67
66,67,68,68
67,66,69,67
67,67,69,67
67,66,68,67
67,66,68,67
66,66,66,66
66,66,68,67
67,67,69,67
66,67,69,68
68,69,71,69
69,69,71,70
69,69,70,69
69,68,69,68
68,69,70,69
69,69,70,69
69,72,71,72
71,72,73,72
72,72,74,73
72,73,75,74
74,75,76,76
76,76,76,75
75,75,76,74
73,73,74,73
71,72,74,73
73,73,75,73
72,72,73,72
72,72,73,71
71,72,72,71
70,70,71,70
68,69,70,69
65,68,67,68
68,68,69,69
68,68,68,67
66,67,68,66
67,67,68,67
66,66,68,67
67,67,67,68
68,68,68,67
67,67,69,68
68,67,69,67
67,66,68,67
66,66,68,67
65,66,67,67
67,67,67,67
67,67,69,67
67,67,68,67
66,67,68,67
66,66,66,65
64,64,65,64
62,62,64,63
64,64,66,64
63,64,65,65
64,65,65,65
64,64,66,65
65,65,67,66
65,65,66,65
64,64,66,64
63,64,65,65
65,65,67,66
65,65,66,65
65,65,66,66
65,66,67,66
65,65,66,65
64,64,65,64
64,65,66,65
66,66,67,66
64,64,66,65
65,68,67,68
67,68,69,68
68,68,68,67
68,68,69,68
68,68,70,69
69,68,69,68
69,70,71,70
69,69,70,69
69,69,71,70
69,70,72,71
70,70,72,70
70,70,72,71
70,70,72,70
70,70,72,70
70,70,72,71
70,70,72,71
70,70,72,71
69,69,70,69
69,69,71,70
70,70,72,71
70,71,73,72
71,72,74,73
72,72,73,72
71,71,72,71
70,70,72,71
71,71,73,71
71,71,73,71
71,71,73,72
71,71,73,72
71,71,73,71
71,71,73,72
71,71,73,72
71,72,73,73
68,68,70,68
68,67,70,68
69,70,71,70
69,69,70,69
67,66,67,67
67,67,68,67
67,67,68,67
66,66,67,66
65,65,67,66
65,65,67,65
65,66,67,66
66,66,68,66
65,66,68,66
66,66,68,67
66,67,68,66
65,65,67,65
65,65,66,65
65,65,67,65
65,64,66,65
64,65,66,66
66,66,67,66
65,64,66,65
63,63,65,64
64,63,65,64
61,61,63,61
61,60,61,60
59,59,61,59
59,58,59,59
58,59,59,59
58,58,59,58
58,58,59,58
57,58,58,58
58,58,60,58
58,58,59,58
59,61,61,61
61,61,61,60
60,60,61,60
60,60,62,60
59,59,60,59
60,60,61,60
60,59,61,60
59,59,61,59
59,60,61,60
60,60,62,61
60,60,62,61
60,60,60,59
59,59,60,60
60,61,62,62
61,61,61,60
63,63,63,63
63,63,64,63
62,62,64,63
62,62,64,63
63,63,63,62
60,61,61,61
61,62,63,62
62,63,64,63
63,64,65,64
63,64,65,64
64,64,66,65
64,64,65,64
63,63,65,63
63,63,64,62
62,62,63,61
61,61,63,62
61,61,62,61
61,62,63,62
62,62,63,63
62,63,63,62
62,61,63,61
61,61,63,61
62,62,64,63
63,64,65,64
64,64,65,64
64,65,65,65
63,63,65,63
62,62,64,63
63,62,63,62
61,61,63,61
61,61,62,61
60,60,62,61
61,61,62,61
61,61,62,61
61,61,62,61
61,62,63,62
62,62,64,63
62,62,63,63
62,63,64,63
62,63,64,63
63,64,65,65
65,66,67,66
65,64,65,63
63,63,60,59
58,58,59,59
58,58,60,59
58,58,59,58
58,58,59,58
58,59,60,59
58,58,60,58
58,57,59,58
57,57,59,57
57,56,58,57
56,56,57,56
54,55,56,55
55,55,56,55
55,55,56,56
55,55,57,56
56,56,57,56
55,56,57,56
55,55,55,55
55,55,56,55
54,54,55,54
54,54,55,53
52,54,54,55
54,55,56,55
55,59,57,57
57,57,58,57
57,57,58,57
56,57,58,57
58,58,60,58
57,57,59,58
57,57,58,57
55,56,56,55
54,54,55,54
53,54,54,54
54,53,54,53
52,54,54,54
55,56,56,55
54,54,55,55
55,55,55,54
54,54,56,55
54,54,55,54
54,54,56,55
54,54,55,54
54,54,55,54
54,55,56,55
55,55,55,54
54,54,55,54
54,54,54,53
53,53,54,53
57,57,57,56
55,55,56,55
54,55,56,55
53,53,54,53
52,52,53,52
51,51,52,51
50,52,52,52
52,53,54,53
53,54,55,55
53,54,55,55
54,54,55,54
54,55,55,54
54,54,56,54
53,52,54,52
52,52,52,52
52,52,51,51
51,50,52,51
51,50,51,50
49,50,51,50
50,51,52,52
52,52,53,53
52,53,53,53
53,53,54,53
52,52,54,53
52,52,53,52
51,52,53,52
52,53,53,52
52,51,53,52
51,51,52,52
52,53,54,54
54,53,55,54
53,53,54,53
52,52,54,53
52,53,54,54
54,54,56,55
54,54,56,54
54,54,55,54
54,54,55,54
54,54,55,54
54,54,55,55
54,54,55,54
54,53,55,54
53,53,55,54
53,53,53,52
51,51,51,50
50,50,51,50
50,50,51,51
51,50,52,51
51,51,52,50
49,51,50,51
50,51,52,51
50,51,52,52
51,53,53,53
53,53,55,54
53,53,55,54
54,54,56,54
53,54,55,54
54,54,56,55
54,54,56,55
55,55,57,55
55,55,57,55
54,55,56,55
54,54,56,55
54,53,54,54
52,52,54,53
52,53,54,54
54,53,55,54
53,53,55,54
54,54,56,54
54,55,55,55
54,54,56,55
54,56,56,56
56,55,53,53
52,52,53,52
51,51,51,50
49,49,51,50
49,49,50,49
49,49,50,49
48,48,50,49
49,49,50,49
50,50,52,50
50,52,52,52
52,52,54,53
52,53,54,54
53,54,56,54
52,53,54,54
53,54,55,54
53,53,55,54
53,53,55,54
53,55,55,56
55,55,57,56
56,56,58,57
57,57,58,58
57,58,59,58
58,57,59,58
56,57,58,57
56,56,58,56
56,56,58,57
56,56,58,56
55,55,57,56
56,56,58,56
55,55,57,56
53,54,54,54
54,53,54,53
52,51,52,52
51,51,51,50
50,50,51,50
49,49,49,49
49,49,50,49
49,51,49,51
50,50,51,50
47,47,48,47
47,46,47,46
46,46,47,46
45,45,46,45
44,44,45,44
45,44,46,44
45,45,46,45
45,45,46,45
44,44,45,44
44,44,45,44
43,42,44,43
42,42,44,43
42,44,44,44
44,44,45,44
43,43,44,43
43,43,45,43
43,44,45,44
43,43,45,44
43,43,44,44
43,43,45,44
43,43,45,43
43,44,44,45
44,45,46,45
45,45,47,46
45,45,47,45
45,44,46,45
44,44,46,44
43,45,45,46
45,46,47,46
46,45,47,46
47,47,48,46
46,46,47,46
46,47,48,47
47,47,49,48
48,47,49,48
47,47,49,48
47,46,48,47
46,46,48,47
46,46,47,46
45,47,47,47
47,47,49,48
47,47,49,48
47,47,49,47
47,46,48,47
47,47,49,47
47,47,49,48
48,50,50,50
49,50,51,51
51,50,50,50
50,49,51,49
49,48,50,49
49,48,49,48
48,47,49,48
47,48,49,48
46,46,46,46
44,44,45,44
44,44,45,43
43,43,44,43
43,43,45,44
43,43,43,42
42,42,43,42
41,42,42,42
42,41,42,41
41,40,41,40
40,40,42,41
41,41,43,42
41,41,42,41
41,41,42,42
41,41,43,42
42,41,41,40
40,40,41,41
40,41,42,41
40,40,41,41
40,41,42,41
41,41,43,42
41,41,43,42
41,41,43,42
42,42,44,42
43,43,44,43
43,43,44,43
43,43,45,44
44,45,46,45
45,45,46,45
44,45,46,46
45,46,47,46
45,45,47,46
45,45,46,45
45,45,47,46
45,45,47,46
46,46,47,46
45,45,46,45
45,44,46,45
44,44,45,44
44,44,46,44
44,44,46,45
44,45,46,46
45,46,47,45
45,44,46,44
44,43,44,43
43,43,44,44
44,43,44,43
43,43,44,43
43,44,45,44
44,45,46,46
45,45,46,46
46,47,48,47
47,48,49,48
47,49,49,49
48,48,49,48
48,48,50,49
48,48,50,49
48,49,50,49
49,50,51,50
49,49,51,50
50,50,52,51
50,50,52,51
50,50,51,50
50,50,50,49
49,49,51,50
51,51,53,52
52,53,54,53
53,53,54,54
54,55,56,55
55,55,56,55
55,55,56,55
55,55,57,55
54,54,55,54
53,53,55,54
54,54,56,55
55,54,55,54
53,54,55,54
53,53,55,54
53,53,55,54
54,54,56,55
54,54,56,55
54,54,56,54
54,54,56,55
55,54,55,54
53,53,55,54
53,53,54,52
52,52,54,52
52,53,54,53
53,53,55,53
53,53,55,54
54,54,55,54
53,53,54,54
53,54,55,55
54,55,56,55
56,56,58,56
56,56,57,56
56,55,57,55
55,55,57,56
55,55,56,55
54,54,56,55
54,54,55,54
54,54,56,54
53,53,55,54
53,54,55,55
54,53,54,54
53,53,54,54
54,54,55,55
54,54,56,55
55,55,56,55
54,54,56,55
55,54,55,54
54,53,55,54
53,53,54,53
52,52,53,52
52,52,53,52
51,52,53,52
52,52,53,52
52,52,52,52
51,51,52,50
50,50,52,50
49,49,50,48
48,48,49,48
47,47,49,47
46,46,48,46
46,46,47,45
45,45,46,45
45,45,46,46
46,47,47,47
47,47,49,47
46,46,47,46
45,45,46,45
45,45,46,45
45,47,47,48
47,47,48,47
47,47,48,47
47,47,49,47
46,46,48,46
46,46,47,46
46,46,47,46
46,46,47,45
44,43,43,43
43,43,43,42
42,42,43,43
41,41,42,41
39,39,40,40
40,40,40,39
39,40,40,39
39,39,40,40
40,39,40,39
38,38,39,39
35,35,34,33
33,35,33,32
32,34,33,32
29,29,27,26
27,30,27,27
24,24,23,22
23,23,21,23
21,21,20,21
21,22,20,20
21,23,23,24
21,22,22,22
24,27,25,28
29,30,28,29
27,29,28,29
28,28,28,27
27,27,27,28
28,29,29,29
30,27,27,26
31,28,27,27
30,27,27,27
31,30,30,30
31,33,32,31
31,31,32,31
31,32,32,33
31,33,34,33
32,32,32,30
31,31,32,31
31,34,34,34
32,33,33,33
32,31,32,30
32,30,32,31
33,32,32,32
33,31,32,30
33,32,32,33
34,34,34,34
33,37,36,37
33,38,37,36
33,33,34,33
32,35,35,35
31,33,33,32
31,32,32,31
30,32,33,33
30,33,34,33
30,32,34,33
31,32,32,31
31,29,29,29
31,28,29,29
32,31,31,32
31,32,32,32
31,32,32,33
31,32,33,32
30,32,32,32
29,32,32,32
29,33,33,33
30,36,35,36
30,36,36,36
27,34,35,34
28,37,37,37
28,39,39,39
28,39,39,39
28,41,41,41
28,42,42,42
30,42,41,41
29,41,41,40
30,38,38,37
31,38,38,38
32,37,37,37
32,38,39,38
31,38,39,39
33,39,39,38
32,38,39,38
33,39,39,39
33,40,40,40
33,39,39,38
34,38,38,38
32,38,38,37
32,37,38,38
33,38,39,38
35,38,38,38
36,39,39,39
36,40,40,39
35,40,40,40
35,41,41,40
36,40,41,39
35,41,40,39
35,40,40,40
35,40,41,40
35,41,40,39
36,40,41,40
35,40,41,40
36,42,42,41
37,41,41,40
36,41,42,42
37,42,42,41
38,42,43,42
38,42,43,41
38,43,42,41
37,42,42,41
37,42,41,40
35,42,38,38
35,40,38,36
35,39,37,38
37,39,40,39
37,38,38,38
36,38,38,37
36,38,37,36
35,39,37,37
36,40,39,40
37,40,41,40
37,40,41,40
39,39,40,40
38,39,40,39
38,39,40,39
38,38,40,40
39,37,40,39
38,37,39,38
38,38,40,40
38,37,40,39
38,35,41,41
37,36,42,41
38,36,42,41
37,36,42,41
37,36,42,41
37,36,43,42
37,37,43,42
36,37,43,43
37,37,44,44
37,39,45,44
39,40,45,45
39,39,46,45
39,38,45,45
37,41,46,45
38,39,46,45
37,40,46,46
39,40,46,46
40,40,46,45
40,41,43,42
42,39,43,42
44,39,43,42
43,40,43,42
44,42,41,40
44,43,43,43
45,42,44,43
45,42,45,43
45,42,45,44
45,42,45,43
46,42,45,45
47,42,45,46
46,41,45,47
45,42,45,47
46,42,46,46
46,42,45,46
47,42,45,45
48,43,46,45
48,42,46,43
47,44,46,44
49,44,46,45
50,44,46,45
50,44,46,45
49,43,48,45
50,43,47,45
48,41,47,44
47,41,46,43
48,41,45,39
48,43,44,40
49,42,44,40
50,42,43,41
52,41,43,43
53,41,43,44
54,42,44,46
55,42,44,45
54,43,44,48
55,44,44,50
55,43,44,51
54,43,44,51
53,44,44,51
53,44,43,53
53,43,42,53
54,43,42,54
56,43,42,54
57,43,42,55
56,41,39,54
58,43,40,57
58,42,40,56
58,42,40,55
59,41,40,54
59,41,40,54
59,41,41,55
59,41,41,55
59,41,41,55
59,43,43,55
59,43,44,54
59,44,43,54
60,42,42,54
63,42,45,52
64,41,44,51
65,43,44,52
65,44,44,54
65,44,44,55
66,46,45,54
68,48,43,55
69,47,43,53
68,48,44,53
68,48,45,54
68,49,47,56
68,49,46,57
69,49,46,56
69,49,46,56
69,49,46,56
69,50,46,56
69,49,45,56
70,49,45,56
70,49,45,56
67,49,46,56
68,50,45,56
67,51,46,57
66,51,47,56
66,51,46,56
66,52,47,57
66,53,48,57
66,53,47,57
68,52,47,58
66,53,47,57
66,51,47,57
67,50,44,56
65,51,44,55
65,51,44,54
65,52,46,54
64,53,46,52
65,55,45,52
65,55,45,52
66,57,44,53
66,58,45,54
64,56,45,54
65,57,46,54
65,57,47,53
65,57,47,53
67,56,47,53
66,55,47,52
68,55,47,51
67,56,47,51
67,58,47,51
66,59,46,51
67,58,46,48
67,60,45,49
66,60,46,49
65,59,45,49
65,61,45,48
64,60,44,49
65,61,44,50
65,60,44,50
65,60,44,50
66,61,44,51
67,60,46,52
66,60,46,51
67,61,47,50
68,64,45,53
68,65,45,52
69,66,44,52
69,66,46,52
69,66,47,52
69,67,47,53
68,69,49,51
69,70,51,51
69,69,50,52
70,69,50,53
64,63,65,64
64,65,66,65
65,68,67,68
68,68,69,68
69,69,70,68
69,69,71,69
69,69,70,69
69,69,69,68
68,67,69,68
68,68,70,69
68,68,70,68
67,67,68,67
67,67,69,67
67,68,69,68
68,68,69,67
67,67,67,66
66,65,65,65
65,65,67,66
65,66,67,66
66,66,67,67
66,66,67,66
66,65,67,66
65,65,65,64
63,64,65,63
63,63,65,64
64,63,63,62
62,62,63,63
63,63,64,63
62,64,64,64
64,64,66,65
64,64,65,64
63,64,65,64
62,61,62,62
62,63,63,64
63,64,66,65
65,65,66,65
64,64,65,64
64,64,65,65
65,65,67,65
65,65,67,66
66,65,67,66
66,67,67,67
67,67,69,67
66,66,68,66
67,68,69,69
68,69,70,70
70,73,72,73
73,74,75,74
74,74,75,75
75,74,75,75
74,75,75,74
73,73,74,72
72,73,74,74
74,74,75,74
74,73,75,74
74,74,74,72
71,73,73,73
72,72,72,71
69,72,71,73
72,72,74,72
72,72,73,71
71,72,73,72
71,71,73,72
71,71,72,70
70,71,72,71
70,70,70,69
69,69,71,70
69,70,71,70
69,69,70,69
68,68,67,66
65,66,66,66
65,65,65,64
65,66,67,67
67,68,68,68
68,68,69,68
67,68,69,68
68,68,68,67
67,67,67,65
65,64,64,62
62,63,64,63
63,64,64,64
64,64,65,64
64,65,66,65
64,64,66,65
64,64,65,64
64,64,65,64
63,64,65,65
64,64,65,64
64,65,66,65
62,62,62,61
61,61,63,62
61,61,62,61
61,62,63,62
62,61,63,62
61,61,63,62
61,62,63,62
62,62,64,63
63,63,65,63
62,62,63,62
61,60,62,60
60,60,61,60
57,58,59,58
57,56,57,57
58,58,59,57
57,58,59,59
58,58,59,58
57,58,59,58
58,58,59,59
58,58,60,59
59,60,61,60
61,61,61,60
59,59,61,60
60,59,61,60
59,60,61,60
60,60,62,61
60,59,60,59
58,58,60,59
58,59,60,59
60,61,62,62
61,62,63,62
62,62,64,63
63,63,64,62
62,62,62,60
58,58,59,58
58,59,60,59
60,61,61,62
62,61,63,61
60,61,62,62
62,62,64,63
62,64,64,63
63,64,65,64
64,64,64,63
61,63,63,64
63,63,65,63
63,63,64,64
62,62,62,62
62,63,64,63
63,64,65,65
64,66,66,66
65,66,67,66
66,66,67,66
66,66,68,66
66,67,68,67
67,67,68,66
66,65,67,65
64,65,65,65
63,64,65,64
64,65,66,66
65,66,67,67
67,68,69,68
67,68,69,68
67,67,69,67
66,66,68,67
67,68,69,68
67,67,69,68
67,69,69,70
69,70,71,70
69,71,71,71
71,70,72,71
70,70,72,70
70,70,71,71
71,71,73,72
71,72,73,72
72,72,74,73
73,73,74,73
72,72,74,73
73,73,74,74
74,74,74,73
72,74,75,74
73,73,75,74
73,73,73,72
72,71,72,71
67,67,67,65
65,67,67,66
64,64,65,65
65,68,67,68
67,68,69,68
69,68,69,67
67,68,68,68
68,67,70,68
70,70,71,71
70,70,71,70
69,69,70,69
69,70,71,70
69,69,70,68
68,68,70,68
69,69,71,69
68,68,68,67
64,65,65,65
66,66,67,67
66,66,68,67
67,68,69,69
68,69,70,70
69,69,71,70
69,69,70,69
69,68,70,68
68,70,70,71
71,73,73,74
73,75,75,76
74,76,76,76
75,75,76,75
77,77,78,76
77,76,78,77
77,77,78,77
76,77,78,78
77,78,80,78
78,78,80,78
77,78,78,78
77,77,79,77
75,76,77,76
74,74,75,75
74,75,72,71
72,72,72,72
72,73,74,74
72,74,74,73
73,72,72,72
72,72,73,72
72,73,74,74
73,73,75,73
72,73,75,73
73,73,71,69
69,69,71,69
69,70,71,70
70,72,72,73
72,72,74,72
71,74,72,75
71,72,72,72
71,73,73,74
74,74,75,73
74,75,76,75
75,76,76,75
75,75,73,72
69,71,71,70
70,72,72,71
66,68,66,65
66,67,66,68
64,65,65,66
65,66,64,63
60,61,61,61
60,60,59,58
56,56,55,54
50,52,50,51
50,53,51,52
54,56,55,57
56,56,52,53
53,55,54,53
55,56,56,55
54,55,54,56
57,59,58,59
59,59,58,57
56,56,57,56
56,57,58,58
58,59,59,59
60,60,60,58
58,58,59,59
58,58,59,58
58,59,60,58
59,62,61,63
61,61,62,60
61,61,60,59
58,59,60,59
59,59,60,60
59,60,60,58
58,57,57,57
56,57,58,56
57,57,58,57
56,56,57,56
55,56,56,56
56,56,57,57
56,57,58,57
56,58,58,58
58,59,60,59
59,58,61,59
59,58,61,59
57,58,58,58
58,58,58,57
56,56,58,57
57,58,59,58
58,58,60,59
58,58,56,58
58,59,60,60
60,60,61,60
61,62,60,58
58,57,60,58
59,59,60,58
59,59,60,58
59,62,60,62
56,56,56,56
56,55,58,56
57,58,59,58
58,59,60,59
59,59,60,58
56,57,58,58
58,58,59,58
58,58,59,58
57,58,59,58
58,57,60,58
59,60,60,60
60,59,62,60
60,59,62,60
61,61,62,61
61,62,63,62
62,61,64,62
62,61,64,62
63,63,64,64
62,62,64,63
62,63,64,63
63,62,64,63
62,61,62,61
59,59,59,58
59,58,59,58
59,59,60,60
59,59,59,57
57,57,58,58
58,58,59,59
59,60,61,60
58,58,59,58
58,58,57,55
55,55,55,55
56,57,57,56
56,57,58,57
55,55,56,55
53,53,53,54
53,54,54,54
54,54,54,53
53,53,53,52
52,52,54,52
53,55,55,55
54,56,56,56
54,55,56,54
54,53,56,54
54,53,54,53
53,54,54,53
53,55,54,56
55,56,57,56
55,59,57,58
58,58,58,58
57,58,58,57
57,57,58,57
57,58,58,58
57,57,57,56
56,56,58,57
57,58,59,59
59,59,60,60
60,60,61,60
59,60,61,61
59,58,57,57
57,57,58,57
56,57,58,57
57,57,59,58
58,58,59,57
57,57,59,58
58,58,59,58
58,58,60,59
59,58,59,58
58,59,60,59
59,59,59,58
57,58,59,58
57,57,58,56
55,55,55,54
53,54,55,55
54,54,56,55
55,55,56,55
55,55,55,54
53,53,54,54
54,55,55,54
55,55,55,54
53,53,54,53
54,55,55,56
52,53,54,53
53,54,55,53
52,54,54,55
54,54,54,53
53,54,55,54
54,55,56,56
56,56,57,55
55,55,56,55
55,55,56,55
54,54,55,55
55,56,56,56
56,56,57,55
54,55,56,56
54,55,56,55
54,54,53,52
51,53,53,53
53,53,54,52
51,52,52,52
52,51,51,50
50,50,51,51
50,51,51,51
52,53,54,53
53,52,53,52
52,53,54,53
52,52,54,52
51,53,53,53
52,52,53,53
52,53,54,54
53,54,54,55
55,55,56,55
55,56,57,57
57,58,58,58
58,58,59,58
57,58,59,58
57,57,58,58
58,58,58,58
58,58,59,58
58,58,59,59
59,59,61,60
58,59,60,60
59,59,61,60
60,60,62,60
60,60,61,60
58,58,57,57
57,59,58,60
59,60,61,61
61,60,62,61
60,60,61,60
60,62,62,63
63,63,65,64
64,65,66,65
65,64,66,65
64,64,63,63
62,63,63,62
62,63,64,64
63,63,65,64
63,63,65,64
64,63,65,64
64,64,65,64
64,63,65,64
63,63,65,63
63,64,65,65
64,65,66,66
66,66,66,65
64,65,66,65
65,65,67,66
65,65,67,65
64,65,66,64
62,63,64,63
63,64,65,64
64,64,65,64
64,65,65,64
63,63,65,64
63,63,64,63
62,63,64,63
62,63,65,64
63,63,64,63
63,63,65,64
64,64,65,63
63,63,65,63
63,63,65,64
63,63,65,63
62,63,65,64
63,63,65,63
63,65,65,66
65,66,67,66
65,67,68,68
67,68,69,69
68,68,69,69
69,69,71,70
69,70,71,70
70,70,72,71
71,72,73,73
71,71,72,71
71,71,73,71
71,71,72,71
71,71,72,71
70,70,71,70
69,69,71,70
69,70,71,71
71,71,72,71
71,70,72,71
71,71,73,72
71,71,74,72
70,71,73,71
71,72,72,73
73,74,74,75
74,77,76,77
76,76,78,77
76,76,77,76
76,76,78,77
76,77,78,77
77,78,79,79
78,78,79,77
77,77,79,77
77,77,79,77
76,77,79,78
78,78,79,78
78,78,80,79
78,79,81,79
78,78,79,78
77,77,79,78
77,78,80,79
78,78,78,76
77,77,79,77
77,77,78,77
77,79,79,78
77,77,79,78
78,80,80,80
80,80,82,80
80,80,82,80
79,80,81,80
81,82,78,79
75,77,77,78
76,76,75,74
73,74,75,75
75,75,74,74
75,75,75,75
75,76,75,74
74,74,74,75
76,76,78,77
76,77,78,77
77,77,78,78
77,77,77,77
77,78,79,78
78,78,80,78
77,77,79,78
78,79,80,80
79,79,81,80
79,80,82,80
80,81,82,80
80,80,80,78
77,77,79,78
80,81,82,82
81,81,83,81
81,82,84,83
82,82,83,82
82,82,84,83
82,82,84,83
82,81,80,79
79,79,80,80
79,80,81,80
80,80,82,80
80,80,81,80
79,80,81,80
80,80,79,80
80,81,81,80
80,79,81,80
81,82,81,83
82,85,84,86
86,87,88,88
87,87,89,87
87,87,88,87
87,86,88,87
79,79,80,79
78,79,81,79
78,78,80,79
78,78,80,79
79,81,81,81
81,82,83,82
82,82,84,83
82,82,83,82
81,81,83,82
82,82,84,83
83,83,85,83
83,83,85,83
81,82,82,81
82,84,85,85
84,84,86,85
84,84,86,85
85,85,86,86
85,86,88,87
86,87,89,87
88,89,91,91
90,91,92,91
90,90,92,91
90,90,91,90
89,89,91,90
88,88,90,89
89,89,90,88
87,87,89,88
87,87,88,87
87,87,88,88
87,87,88,87
87,87,89,88
88,89,90,90
89,90,92,91
91,90,92,91
90,90,92,90
89,90,91,91
91,90,89,87
86,86,88,86
85,86,87,86
85,85,86,85
85,85,87,86
86,85,88,86
85,85,86,85
85,85,87,86
85,85,87,86
86,85,87,86
85,86,87,86
86,86,88,86
85,86,88,87
87,87,89,87
86,86,87,86
86,87,87,89
87,89,89,90
89,89,91,89
89,89,84,84
82,84,84,84
82,82,83,82
82,82,84,83
82,82,82,81
80,81,82,80
80,81,82,81
80,79,81,79
78,79,80,79
79,78,80,78
78,79,80,79
78,78,80,78
77,77,79,77
77,78,79,78
78,79,81,79
78,78,79,78
78,77,78,76
75,75,77,76
76,76,77,76
75,76,78,77
77,76,78,76
76,76,78,76
76,75,75,74
73,74,76,74
73,75,75,76
75,75,77,76
74,75,76,74
74,74,75,75
75,75,77,76
76,76,77,76
75,78,77,77
75,75,76,75
76,76,78,77
76,76,77,76
76,76,78,77
77,78,79,79
78,78,80,79
78,78,79,78
77,77,78,77
76,76,76,75
74,75,77,76
76,75,77,76
76,76,77,76
76,76,77,75
75,75,76,75
74,74,75,75
74,74,75,74
73,74,75,75
74,73,75,74
74,76,76,77
76,77,78,78
78,78,79,78
77,77,79,77
77,77,78,78
77,77,78,77
77,77,79,77
75,75,76,75
