0.4265807912365134,0.3408801454488556,0.6483301365619079,0.9873552136221551
0.1858882868075948,0.1739985271207257,0.3467217123044757,0.4746973446268785
0.10880008614574875,0.09087339788804,0.22300030131162107,0.2650898447755444
0.10828358229725299,0.08916368624443437,0.25066639505705157,0.15751367993347573
0.2063329221691368,0.1263234951216873,0.36846561261786104,0.13987841329723208
0.953907060644568,0.6395025668896572,0.863687974770893,0.8488930144537817
0.3692172641709788,0.7120042287153037,0.32515852315536287,0.4895691296050826
0.3131221295477685,0.3462913957899163,0.24679050841597805,0.3489323750475495
0.04267189668307102,0.020546914951910588,0.03864152806090271,0.06913355534469516
0.026275221139177962,0.002501623794444801,0.02229442745621691,0.03831001988972774
0.017568499892507576,0.0019809129764011444,0.018675531974383493,0.03048732216056725
0.002878019037971542,0.00033375765783459816,0.006571332369984166,0.002212226970474061
0.00013971549835720162,2.913991585470424e-05,0.0009526436391229423,0.0002460252900016318
0.0002510547251089179,0.00026174802091123207,0.0028650582532420733,0.0007605704545557672
7.374061109863956e-05,0.00017052098934938664,0.0018961958597212359,0.0004832754834116625
0.00015095838273761948,0.0007211764923480584,0.006461063920458995,0.0039205451660847025
0.001955583055807548,0.004408827382966749,0.027615335612063113,0.028334725578205638
0.0020574997200516936,0.0064093832961049785,0.023226362996172003,0.011236206973260289
0.010558298140271304,0.017559874604177753,0.08603672704766482,0.01845910345562061
0.029873440410514804,0.03177408262884235,0.10081948436413336,0.023447854000974423
0.01868432070871281,0.01200115628231182,0.04631510080292886,0.01265969855754601
0.01193933037403708,0.002993070505154723,0.01856418803770322,0.01162060449379193
0.007706519382783191,0.0031053859558249908,0.002537418226155014,0.0010403140661824288
0.0870891955180128,0.033597794111883995,0.01581384169000749,0.002269613524882941
0.7869676356855018,0.3922497108268762,0.15522415070172454,0.05868727128631808
0.2925108582913302,0.8158366971544677,0.6647967135089937,0.386584961347485
0.13459436728696295,0.3825925969412588,0.8916155439503027,0.6265315877554419
0.07644496230266197,0.1694219652111263,0.5759629344089118,0.7779523666556523
0.4576548207355633,0.4373046086368584,0.9840663386890904,0.9960079500382877
0.9505703126714452,0.8842280163371361,0.6054898287681714,0.7022551098685701
0.8985951729224282,0.9094695536131046,0.5866825477247454,0.7866203584552187
0.7216897408842463,0.9582221232441361,0.4591580932392545,0.459131031783405
0.8150001965601031,0.8162945146918154,0.4917423239060785,0.5417644394348633
0.6048105923924423,0.5595882393581488,0.37985920395831774,0.545954767863211
0.28908362006003824,0.2423743660794307,0.2797079287696009,0.3306115850037359
0.09267832138286142,0.07747876086073635,0.17430339844251697,0.16463834396813823
0.05594327552186476,0.029811837845172467,0.15567224914128508,0.1079306373237954
0.08711302853441631,0.04443752824165351,0.3287064563801234,0.14318258541255266
0.5084155024304614,0.32858496487480715,0.9830635804832097,0.46455474248704776
0.6659186022329608,0.910086152916818,0.3017847815836204,0.8994531470502352
0.42948407406322997,0.6104999813238328,0.14928501700754604,0.7419318689489389
0.07092205770989089,0.09257634917104393,0.008422328234922515,0.075641002815287
0.036890611908287727,0.025135604050377677,0.0012812858081953787,0.015374191564858045
0.03951923217087471,0.012936577675730941,0.0010213705710703871,0.019497174665793343
0.04991189755122583,0.008427989266566314,0.0025802728242647365,0.03668839669079698
0.05689602379876157,0.008878680439304334,0.007373235057263795,0.08488880044594722
0.0618269391795448,0.009719819834960968,0.014744206399251891,0.07280135553014777
0.05379621755291866,0.014542848237646788,0.025380074132023926,0.05048433006260154
0.06354992599343187,0.030517852247021707,0.041587733679850164,0.050304504481247375
0.09744088872897799,0.03131269456336427,0.04828674336905124,0.034615839461417844
0.030533230296754806,0.008463878659916092,0.012543309893342717,0.012400934547540614
0.07127956967274945,0.008981544249478064,0.018935553959796105,0.02583666303748505
0.05425174176600116,0.0019595595705636953,0.01959620025715996,0.04016022988704452
0.024851903381982603,0.0005858421912192229,0.006870281341261853,0.012837626153564407
0.007017250171854161,0.00013032501301006537,0.0006705612164447441,0.0010910531460064617
0.0021694202908961097,5.0054689163452024e-06,6.3319195090973154e-06,1.2914623721181918e-05
0.011903722946923698,8.084542402254357e-05,5.395126039020064e-05,6.225987162532301e-05
0.13003357846638364,0.0024049975986139204,0.001166498950366522,0.0015071096954026326
0.333167322694636,0.012088740240710615,0.005848834280439193,0.01744644567703013
0.3484890733752949,0.04049224322570648,0.020469068398453374,0.08037990581990852
0.8355867226962607,0.32416737258480155,0.2607165420286829,0.5684123657939334
0.8514506474968487,0.4987360325950644,0.5357591910989221,0.8565706634181647
0.8794884833345673,0.8993414730529466,0.9534794858486706,0.8469635193186505
0.7735692855742742,0.9739291536885494,0.7134420974816935,0.48535260953412074
0.7696684587259175,0.9729809964162115,0.5282165978638991,0.2697775851773041
0.4638205725369291,0.5493929805319648,0.2082994808817455,0.05676088074711336
0.26648852100430276,0.17015280051659126,0.03664400726488337,0.016003661091748538
0.15500575318954923,0.02663671883121276,0.01672794963761454,0.013667112452934553
0.19590264623969236,0.01217065019158524,0.016993251321138245,0.051151423041094275
0.3374792231830761,0.042352867055683925,0.0535997555270078,0.2711296350590769
0.19927506167248285,0.05073821315802251,0.07054572414812631,0.34181241713192556
0.23519980533831422,0.05588125338918426,0.14292983317191701,0.5273269676619894
0.3405780129337761,0.04683869069682068,0.27719013537433823,0.528282035328181
0.4630459166645958,0.03185686136078177,0.45774301135537454,0.6906713094472414
0.2220470876564933,0.007859230269572963,0.2665800580521076,0.43536395699421293
0.22260574757369986,0.010337563153124925,0.12662406472969384,0.3838241484523852
0.1598567217851073,0.006635338306456186,0.047247071484971974,0.22697045759318676
0.1943597294050406,0.0019178031103754937,0.021462096296363975,0.1114005865629663
0.4240603219843495,0.010631636632462391,0.060028960824962785,0.08609205885234691
0.22068982023652953,0.004448382404702752,0.04735865761303861,0.028230473283468942
0.8591307978731715,0.1692939664916652,0.5157804397274388,0.29629648952062737
0.8056818475938203,0.5101803270648105,0.8543840157442998,0.3992303964744649
0.8570638918261484,0.8702528193107817,0.8813731321325573,0.5475242957255637
0.6335687232568956,0.6532086521189753,0.5371889506813627,0.30767135940305845
0.7452937223083747,0.8369898148362402,0.6671899236465197,0.4903878424762419
0.7951340662777068,0.6509337376456528,0.7361666605714168,0.9255215650555499
0.14748990149167462,0.11015153063631092,0.0961025131579828,0.15666643967100435
0.07657765966774224,0.02986401847045355,0.02334363458637372,0.03599971016917873
0.07126103869212048,0.019502888678708086,0.01939496195458762,0.013221466618821306
0.03284132830458035,0.0075764216893304745,0.011104264002062658,0.00782531703639522
0.05002034419199175,0.007641725280619988,0.03213755926552601,0.012402064900831455
0.11629163340645304,0.012019102363219666,0.10204498545039487,0.02665489373214488
0.1266584726837919,0.030195263785135717,0.16517944593943362,0.03793692758806783
0.037835238257230654,0.007191776591090298,0.06628585487114369,0.009192464259931778
0.013868284704122135,0.0025274403436833875,0.03328482418645369,0.004402610186904306
0.03390992656292626,0.01826188311895853,0.11379401704273394,0.02494209818318883
0.3830994397122407,0.3197785405579123,0.727152990383485,0.37936491248665805
0.931110576579717,0.8574789264741173,0.6512567010138012,0.9936790491520695
0.5503866713074554,0.7007471808010063,0.29899860888665697,0.4343580288457978
0.10297193699264211,0.17590521185483265,0.05786063057291897,0.08630362568555774
0.10451416434356163,0.10361411817533303,0.05599759974929174,0.0735730051064998
0.20122141645666936,0.10048569240178627,0.12574553719444956,0.14612141108035478
0.39908988761817155,0.23956131558129323,0.28547204867088516,0.33724416627172926
0.20993124634908158,0.12411028266153384,0.12687196647339785,0.12927653760163277
0.10997221500929166,0.0670450288362817,0.07022952619329993,0.07736339064528269
0.15185029623956017,0.1636901827907956,0.1490291219426104,0.15346162973361166
0.33742156764615094,0.40216877604590684,0.3196813382075063,0.3804447241131096
0.23110178291860026,0.3062769313991065,0.17439013980464863,0.2707750106774262
0.22740169421125445,0.1701503895972753,0.14556917958903617,0.20618914876022823
0.8349877410199452,0.4664476392438095,0.6099642160296223,0.7335430928856509
0.8434325002539645,0.7031597337130068,0.8791494913572782,0.956596462375868
0.8789301028339617,0.6417800052675062,0.9708055442807821,0.8980162353831137
0.6911898720450449,0.28654232973366023,0.6550583937183949,0.36484995692919164
0.9688468525387204,0.5494464238245806,0.9240552932228498,0.6238007714888472
0.5981319142689732,0.8502444608289782,0.42569760665085443,0.9295802442304659
0.4540390514443179,0.8088063134481986,0.30078973853489255,0.9008446081056576
0.4806628209687479,0.7966890507198882,0.3457108718926344,0.981445406557667
0.10924104549723862,0.33522621489589943,0.1431723041502248,0.5560188400225672
0.0669938439872471,0.08720231078618741,0.20385842124239578,0.49602358617424513
0.1856369313069437,0.2853876245140678,0.8216959918265243,0.7654804905653905
0.5627011234001336,0.8411379443936049,0.45785146139299704,0.2790313999443196
0.9304414969229832,0.7987452177217718,0.23668864513275542,0.13153368961974699
0.870784617056215,0.60160721668389,0.13557166143739674,0.08897092755213447
0.43803541841579563,0.18839769007636076,0.03100443052969661,0.018421538706703718
0.0559901198012638,0.017479053127566258,0.000993258732320478,0.0006847279421883783
0.014080047706544025,0.004022031854858198,0.00019548523285198877,0.0004896377704458878
0.01707853031096251,0.002824295704495943,0.00039818937994307604,0.001441003252218225
0.0007677173392439745,0.0012712802111652585,0.0005029202699106775,0.003945350351949788
0.010191765607174882,0.0011324767021526445,0.004609215685610278,0.028780842614383524
0.036370881542555474,0.012403055570392667,0.06593486550677825,0.3134273786995144
0.05020565329583566,0.13703587483014187,0.3469168485643923,0.9711025379586332
0.0483581398121644,0.30375663122764274,0.8823494087399394,0.4835833684592302
0.08537608764126066,0.561911223103335,0.7359529830002243,0.31959074476610017
0.19834564443408778,0.8356728424624473,0.3461916117631181,0.08937731955189086
0.49065890396982437,0.4987046226245482,0.04599292780245664,0.019757890551010765
0.52155104248418,0.13784779897514018,0.02786397705479357,0.0842055324531125
0.3380459072243367,0.09952731109220664,0.028531636639019545,0.2854016298190224
0.31017054992270404,0.31641970250019946,0.019043389460463283,0.7818054389661655
0.04735589901239979,0.7933201682015607,0.11527307479500366,0.6605103855276123
0.033227492871706954,0.6767248339320805,0.3543848420995718,0.09737432052561756
0.10442850890537544,0.29336285617457014,0.9159361103761032,0.001216329182789901
0.35704045681507957,0.4491291929684872,0.3622508209515872,8.396076568075013e-05
0.39502573912039496,0.43221213142400094,0.27356279892639235,0.000839126518229692
0.19933024279213854,0.15243424221630464,0.1644620247506342,0.0014073524376550359
0.33416497160815517,0.08892654569474298,0.09944877094840893,0.0785524356584472
0.9468905924555362,0.021741167318350654,0.11327983943194082,0.6471456964060449
0.7188663831159425,0.022743075474240853,0.11524579402871292,0.7071418829934965
0.9175651484814478,0.07084124784236627,0.03050292624873314,0.48987111171986775
0.9540210268967338,0.22642156589505322,0.07477036555858138,0.4996718531198574
0.6948299892156466,0.581047413285553,0.1689976449148754,0.24361710854261148
0.7115753144729013,0.9038630991131885,0.42945726418149954,0.03286580085858967
0.37945219935747987,0.7946127674432688,0.6322563627389012,0.03802423812995402
0.6582867420132035,0.9711932921640116,0.9563877491040544,0.05777477160339016
0.6469173192946689,0.3851845320766475,0.5272737248639746,0.05549953447763052
0.8136978171079313,0.2978550430099944,0.4790683480841037,0.2394897701508893
0.5023122700788885,0.3495771151731334,0.7037194313902644,0.7923905515603005
0.6304100013772,0.3070968969758939,0.6632252150100564,0.9917764893511791
0.5413431997419256,0.11490327340866947,0.22344005991312021,0.5494742946977526
0.19264979591273132,0.07811677054607316,0.08467757058612245,0.20511534833133938
0.04718356057077199,0.03878119349058106,0.023417932656632966,0.09792824720926602
0.01672520905307506,0.015830093778831416,0.005843532193109014,0.07251590526046897
0.003889552936131372,0.009017723753829275,0.0018900949635994224,0.012591570617166889
0.04211134675864221,0.0551234981746519,0.02593974452878363,0.0326085592127272
0.6515374933087333,0.6460485582116597,0.5557212091978536,0.3469427268791184
0.7058710671544752,0.5394292168126703,0.5953160829622729,0.25926027491619247
0.26493061261326195,0.12200072343667376,0.2076467052295089,0.0596216074807978
0.3573562265805271,0.19079012347574412,0.2502000830269154,0.09747058208069144
0.6545022271962604,0.43816862093886466,0.5002239121851828,0.2552022774593796
0.7585984168679029,0.5958987702320522,0.9383521925492944,0.6173104384709842
0.8054352250474067,0.8343200032249776,0.38291565359441493,0.6389531622053077
0.5721459407627194,0.512723636829527,0.13936082527854424,0.3935157964957633
0.7562118058014341,0.5391427511543014,0.19746243901046778,0.28595169104430895
0.4937559344619942,0.8365270280412513,0.7983225156915006,0.9377676523020654
0.03195406913588684,0.15503399654374844,0.23502078345186897,0.22770278841737554
0.01823349022470777,0.19141370944426908,0.14617828433629962,0.21187222335919953
0.11038192468706168,0.7937674933226433,0.5331998615430551,0.7540822325276405
0.156251701546935,0.9288221759576819,0.5665451250192837,0.804716816326706
0.26644386069637477,0.9776992665177309,0.6449317278123579,0.9011322117326255
0.14635019273709593,0.5934656185307561,0.2922669885290093,0.4935619750757857
0.034666455489225624,0.13118885407883094,0.04757910512995041,0.11777678996010034
0.018730737138409538,0.0626959284484359,0.012095774027225276,0.06744908412632793
0.06261517772095918,0.10827421121577864,0.04345775153174751,0.15437249385935797
0.32587264234025204,0.3356753293356841,0.2170976510775841,0.50298983003613
0.7328365797380069,0.5634821482477358,0.5145911630090109,0.8463034885864525
0.5500319176583492,0.2614853310425586,0.3833482528377493,0.5680165494425845
0.22867562429926253,0.03752884194089118,0.11700118208238114,0.16517511543360616
0.12027859787297217,0.010196089342115657,0.06661572878355977,0.06798499437461801
0.037688059080607544,0.0026139477331156426,0.027377586142087556,0.02100053905669549
0.06409877419556594,0.011022848694216422,0.047850413201783445,0.033866553233545836
0.12881576485825189,0.040006821473780554,0.09914390377997301,0.08569304204961935
0.07878716460492631,0.022543970562535817,0.09290636020452978,0.07684135654106161
0.04062866647922884,0.013458942502028547,0.03893318724082147,0.030594350523999055
0.028388078630363713,0.017446103022662307,0.03174176543537862,0.032431008275303985
0.31485050088627065,0.173899048204994,0.27662461071843236,0.26383285504034193
0.9635216625145339,0.855480532713168,0.9922360151580354,0.7991986937259099
0.35365672397312686,0.40475674353088087,0.4846364245278434,0.6222224071618214
0.17461755685325364,0.13502747443607835,0.2820091411132867,0.34140644283489285
0.23510814483625403,0.2656609295449183,0.459247463809228,0.40093475274720347
0.3964669811229603,0.6027204153050283,0.6868726451321427,0.6541657851967615
0.5832299374443534,0.9255118070783597,0.9370901540297998,0.9652634602813355
0.6815498521438563,0.8550298138271234,0.7887071004498917,0.7399865173928233
0.8002814736492553,0.704577017789018,0.6716422046064852,0.6823818067216073
0.9048516728386571,0.7169884209877675,0.594946188073577,0.603420590211978
0.3810846701811995,0.2552204458775459,0.14092968596026614,0.16240524395629802
0.06410997171414942,0.04176570023586128,0.011227166791298952,0.034296025844581864
0.003783365859894527,0.00343577965353925,0.0009770939226345016,0.007012982325663029
0.000874001173151604,0.0007601001269792454,0.00037763323535341075,0.004363804963068023
0.011157171613188315,0.018747222665668698,0.007550318102483745,0.036113813888861826
0.035746506729070676,0.06517232766358134,0.02750921111972915,0.11997633214284747
0.15592609185270867,0.19954103467918072,0.1369720586375329,0.4155810474494498
0.4598467834747192,0.6110708730054824,0.5270712376326616,0.9340844036445964
0.6240088054747458,0.6385431969678629,0.6470435465257243,0.9585667650760614
0.3051451410310377,0.22647236155972714,0.32198827647396255,0.5313472959406766
0.2687119644224598,0.17701844984279982,0.2010333347501898,0.37695364035025103
0.5154740972416854,0.2738248588667676,0.3744835462960223,0.575266915572787
0.8173490050420282,0.5314203172265762,0.9203717844804798,0.9082290993384762
0.3427326451213599,0.8208822014913174,0.5942089912725577,0.7358896313376706
0.604858386734603,0.3438802313020486,0.9135583870081192,0.8582978969210292
0.9784093708335235,0.2230586318663163,0.5305984972029045,0.5377184178722254
0.7237373250157448,0.3014837687426794,0.3880811580145894,0.40077660903896506
0.7368604001594155,0.3305556299813972,0.49541653896382365,0.5034787464257691
0.8240801728059658,0.5559892953224617,0.8500978830318443,0.9181418613602255
0.30187237419409524,0.5467948604884822,0.34381370014836965,0.26043437473228204
0.1476602384935721,0.2816410111867821,0.12630246062451442,0.08565719394145557
0.16444585459020192,0.14093278639311982,0.11245157448858602,0.0808852439216252
0.19815837384033083,0.07149524801860531,0.11816445214900548,0.06862945048706856
0.1997369600265575,0.040038445695479874,0.08327610548647647,0.04409549219914401
0.054210890416859725,0.002357680870512697,0.007977498289875684,0.0034402251649735534
0.004154616904576097,0.00011992834457630639,0.0002465087401455254,0.00021306341966090267
0.005891912320556922,0.0015090524752208467,0.00036808719000288437,0.0005682545570352048
0.04525181907512556,0.021519416765530045,0.008210266133710158,0.014224516787985671
0.02027389515480564,0.007142838553553703,0.01063144106505188,0.011338913407984303
0.05819710593232987,0.009347528419671729,0.04355412918708916,0.0412306343074772
0.27023711219844737,0.05139901674115712,0.1624224427832089,0.1497076703573338
0.3946536397386087,0.06463195994647902,0.1784605321889605,0.14143631383396896
0.8740218197519851,0.2856285420316325,0.45844264788702027,0.4130809501736885
0.6852507016083932,0.6516229159880831,0.9554905725654675,0.946033301768255
0.5795128880319941,0.8081558832457131,0.7305678382663807,0.7092463584155009
0.3566472770036465,0.9726480966096378,0.36919923276803535,0.43850949622736
0.2477573873874387,0.7624676327786439,0.1877259523566749,0.27789282669289994
0.4245293127739733,0.9534650279233626,0.25785445523899464,0.3913385392598774
0.11303578544845008,0.3234574970459597,0.08861109529225945,0.11334492432639416
0.048424074653580514,0.07989220477693097,0.044539766707266254,0.04716005591785495
0.1685626183299671,0.17217937587134952,0.08900730471393228,0.09487188521396984
0.2031230749973451,0.10529229675271476,0.06279571894232065,0.054900772752333356
0.25651756383629165,0.14796534281456852,0.08442848296475895,0.08470330632303956
0.38788239548318304,0.276132720549756,0.17168773146960895,0.24194276462753822
0.16151991262072468,0.16210871810211616,0.07768204298666181,0.1805237504641699
0.3325683796501999,0.25997167585286113,0.12916018354381062,0.3039653875462847
0.9996039652826482,0.9085178865017491,0.7383865901560825,0.9870485645798438
0.7472441224924284,0.6512409472209466,0.707677630304007,0.5397872294537158
0.35269173299204837,0.28206454521028396,0.24696909693927765,0.16316653446340015
0.09301172880421137,0.054376244781021425,0.035630756295781794,0.018298540395689726
0.023773417849915317,0.007752726137271505,0.0034295606405820834,0.0012246920617122994
0.004210076104430088,0.00032889359160781625,0.00020346056604221956,4.269388832228119e-05
0.0032392172759606007,0.00033040502721631767,0.0002308410769826943,7.526589545955348e-05
0.0026863778542209195,0.0006573669179001587,0.0005680323286641168,0.0005174654888730788
0.0003211507647606617,0.00021279461606764255,0.00026422865367438917,0.0012601358813168612
0.005552854906454549,0.0008731325535896577,0.0018143567641794951,0.010843740427703624
0.09612132554282977,0.026560463356948217,0.043144944890003416,0.1580618535202324
0.19143777976543366,0.14151884341524348,0.19584738716977493,0.5196679392032062
0.1396193418793583,0.1895064239666064,0.26302323737585526,0.8297616897812151
0.06822471310041928,0.22999204791796746,0.5149752380010819,0.5116969898086805
0.08494344157734,0.25797629256125504,0.9406652658236719,0.0465655829906558
0.08270846214681245,0.2106994094891373,0.4671982969908748,0.0015342120558234028
0.08214211855600363,0.7489563947884641,0.33486817371367683,0.00022432322839502914
0.22794962897344415,0.7714372303023607,0.23517946098754708,4.9749977833809144e-05
0.2919576952474262,0.5428198394079803,0.35118560539206745,0.0015623373791235262
0.09751246512903686,0.530547513267152,0.6897482635090195,0.029180515392564763
0.011094205913006559,0.7963478274467811,0.7482828945007778,0.5431411254215683
0.00856697269476012,0.28393702634706736,0.37455634695578743,0.6557850214708152
0.009376097856296393,0.15085796361383622,0.30040344028244464,0.26492099598557817
0.02699978807713979,0.12884960893544206,0.45677464334641404,0.05123408339463942
0.16090240077908344,0.21905867544245416,0.47829059164260135,0.00562031872121542
0.6829676927025956,0.7256097852288912,0.7328869723668381,0.006033886396148863
0.5739663199932978,0.3656656307079008,0.44984284347007775,0.0011545600208256958
0.15759972930161809,0.10114751555418172,0.12890291412203161,4.175494291277797e-05
0.10117215147598542,0.045660129235211684,0.11763176790842768,4.0582319157154236e-05
0.15530782078180705,0.018393420906269994,0.08879656252858953,9.062586685997944e-05
0.5552622898767368,0.08545710148649313,0.09587719970218224,0.010484728570553213
0.8334208504297096,0.314166514649486,0.17363920360032506,0.09682342817666692
0.8122684225772511,0.6662441084655596,0.2841126676209226,0.3137803135509642
0.4195134579501151,0.7541683983968274,0.24142890962761202,0.9423902106884112
0.27897488291595984,0.4212508135577092,0.6111436027587835,0.25876934624212033
0.49912971317746346,0.7459165697881414,0.43277804466770764,0.3461278240968283
0.18798325271880298,0.4600839880009092,0.9364896648769196,0.15148847940822055
0.013795897772859137,0.1799030154993937,0.36698241802567066,0.03171032832456286
0.010509667018041244,0.14557662032097834,0.38583231446682864,0.03868426291483821
0.02745480625941362,0.08089569743812874,0.3854007688479779,0.0357818521339048
0.08991503670289579,0.12968784906600297,0.24063955021419475,0.06031316447321173
0.07903832412536771,0.08898135830479749,0.10876030109304052,0.02590910681065722
0.03273811306823509,0.03056613805627576,0.023395233693588785,0.005850360729382955
0.07137155835149568,0.07841288353589977,0.050858243291859825,0.023647673562373298
0.41914630244877804,0.3433351279803146,0.2965413316299118,0.23712931743682364
0.5689190484837943,0.3609992129680948,0.4239930706207631,0.36598141371523296
0.5835026336127414,0.980386172646692,0.7281513487149813,0.8474375513654815
0.19334496273549254,0.6082427473839012,0.32858307803284414,0.43735561617020324
0.4872593344002214,0.9766385452053599,0.6539180034941097,0.9463037614936924
0.863002221687997,0.7023267611059438,0.8125499684655056,0.6571473192465911
0.8489741379453145,0.9208518680574093,0.9654621887706466,0.8758998963857275
0.7428492854775401,0.4556402514969561,0.38307495848689466,0.4604941174755399
0.343265081975903,0.15025366167183288,0.11543122143693212,0.14026137649717577
0.34794949726772584,0.2142443302130168,0.16413663715765223,0.19705447015070485
0.6903162866021524,0.3998525319412861,0.42056399290795976,0.49929358641869004
0.6948576913829145,0.37026145422085177,0.45596564991881483,0.5291035113925112
0.7235873084431844,0.6906332420750233,0.960543442740806,0.987350446620617
0.33597710781607115,0.8889131482738343,0.5684090459359596,0.7031081977885233
0.5689799982378256,0.8538777170370746,0.7573216968398813,0.8266045350429739
0.8385054764500763,0.46985959967463287,0.7141776474737399,0.36055830167709124
0.5065590372687367,0.2918992610018271,0.4906589069082311,0.1822958433555768
0.9438107632862452,0.9888109944143475,0.6909912322090135,0.8187958401591174
0.4071297432200712,0.3921308410076729,0.21375319413673688,0.43575769561327615
0.5053931335544108,0.6196711929913409,0.4380584199296643,0.5944039329845936
0.9593629484314388,0.9668301460177009,0.9914225380957625,0.8704160821936558
0.9262583204306453,0.9256865366031565,0.873582176099552,0.9111633967246983
0.9112917340624709,0.7830179183696715,0.8124188651772778,0.8305716618834398
0.5147297487742126,0.9608726641594438,0.9491135072078356,0.8176872866294894
0.4234356672676787,0.855850412468141,0.8949243352237088,0.6808748869306143
0.6638842189975602,0.5763565377723125,0.7625075003836783,0.3700908793755282
0.8852558989692815,0.2868583977377618,0.37860564189921253,0.11464150421217409
0.5641900550361765,0.8438181421304806,0.9396419235257728,0.6470979939272986
0.17894060239918463,0.5202513708460897,0.48605735269337147,0.5410044462926025
0.23601983593782605,0.6418219464224102,0.6607086727643694,0.5471522370132482
0.5618923554385078,0.9014794397192036,0.8667743000097771,0.8805183076112182
0.6177151475829568,0.8891820019178066,0.9561748529218324,0.7255103599855295
0.6658699780073437,0.9634661195624259,0.8003573015113903,0.5044280314882286
0.9684532302974284,0.9154020450541351,0.9632297143958043,0.44749122461495006
0.833696263718517,0.8577635525894101,0.9251593021466222,0.5081535220390885
0.9214870611861964,0.8942507462665437,0.761934786118183,0.2761303001436284
0.5134948999600373,0.4838520478795151,0.34239241981557056,0.10383760021451237
0.7466862547607145,0.7025299850013829,0.5455198137717723,0.3486459198852616
0.5996949229757571,0.748565212431961,0.8679056038469148,0.9897389071486606
0.21602962299455786,0.3773938905211913,0.47737837245591797,0.4235165206114261
0.26876594564900785,0.4291661244832282,0.5352395820601703,0.3645686715844789
0.3594920265230067,0.5237394898246531,0.5740266856831314,0.39148042021876084
0.50271225216524,0.6188856902176654,0.487791689421638,0.32600977224865246
0.7847342806070451,0.8835552035599832,0.7330278385515727,0.3714952902347133
0.9502206815888008,0.8580017886103956,0.8925701707694658,0.4671137489510103
0.7793002630059692,0.9457105313716863,0.7632633684162278,0.31121943913246514
0.46658016633174726,0.7779893796652011,0.5085227284197278,0.20607411446399587
0.3814487549964465,0.6583208508320609,0.5131565317958385,0.304022534679049
0.4599795414420953,0.7376432639799875,0.6102788317026904,0.3737933904261922
0.9489771070146669,0.5131190945627255,0.582237049258239,0.9523674852396158
0.4358976251530783,0.13503088239634103,0.15264847207254162,0.23829466411098676
0.7738595366340169,0.22591959718773033,0.2514734346971941,0.45202143415226426
0.5352043255197604,0.6304486079358886,0.6164129516354775,0.9444852991843162
0.24043100974198856,0.9366513856067469,0.9472611598051828,0.7320106576031739
0.4320520889173456,0.9003267221615459,0.991497419646588,0.8625118512741339
0.7031329447740469,0.9860694567557367,0.927490838938552,0.9305741372834213
0.6129089977500104,0.7892632655086658,0.4926228190519152,0.47866954763269876
0.9358661409288951,0.9773265349986293,0.4919497759804523,0.4290135257683406
0.7124979698719196,0.729646865146202,0.6805222454236,0.6262130277407423
0.7461271482095405,0.9911221288403329,0.4865257844776111,0.4703482208537232
0.3515116521367234,0.13249681294138976,0.03070188383383922,0.0357010948667995
0.22587793724424332,0.03481402776126554,0.004373833125571581,0.0087743809375132
0.4743890226477837,0.12226733966651888,0.03944891352312516,0.06744612068212277
0.3785076097725437,0.14643332098808398,0.046101484422449504,0.06881959840063147
0.10527133272047809,0.07359482484367261,0.01631937272401409,0.020494792916732806
0.03243397450693912,0.049524177033573515,0.012974806533261062,0.014530543782080544
0.028167654658240903,0.046887992987015716,0.026298827608617466,0.031737833367914664
0.01783392834105934,0.038416181922762735,0.03347274128020124,0.0376815040021182
0.03308176279475593,0.06061655166295319,0.0722673384006665,0.07206819591190537
0.03224953855392037,0.06758914579491547,0.1100868413800148,0.09498172823076009
0.26792730488264843,0.35175817568883794,0.4486033109186922,0.4418732546908719
0.6153265504109767,0.8410082857095774,0.9386356892113938,0.9002902707047387
0.8623567686309979,0.4490250517032377,0.4189619026773961,0.44248089621114095
0.3716138358401093,0.1385596163805847,0.05661410654524761,0.11562535311493725
0.11761201093062316,0.050954493932856205,0.008658517316373815,0.023720469041332404
0.03543059003722421,0.032335993717285454,0.003318519279382402,0.012668443280570436
0.005958706774354976,0.011900044373304915,0.000836656844510906,0.003111683215612899
0.006138428076682574,0.014438537205533139,0.0010682907359218226,0.0021001930117692746
0.024509003374072424,0.03226774382356355,0.004880460463688023,0.0057037314359476236
0.023244227940168102,0.02890534040489045,0.00849198517812285,0.008493383000111503
0.10607862397374973,0.0947563526956825,0.05617678402066219,0.08661281075977426
0.1316273170768031,0.07980425019297617,0.08514626032001894,0.13913116430404956
0.1251245994385142,0.073202588502442,0.09699769658587783,0.16612204525579283
0.0462700023661558,0.034854238501618104,0.06692979718700345,0.06885913533795643
0.03803531984761379,0.044591444042836326,0.06640564865032787,0.06448836672991372
0.30411553741204084,0.4097069518204669,0.46911139204585817,0.26935441200866445
0.47999433486375953,0.4915647542233992,0.5776591269121821,0.2738840961096375
0.2642043208528203,0.20652104847247155,0.2985078570110803,0.15299202174273338
0.0961463587085617,0.08305162365343619,0.15753734398720046,0.09547069877712168
0.06411819781477092,0.03297420270996054,0.0828194364737907,0.03919932157747157
0.014975262829606352,0.007489588165273796,0.0162345366431913,0.00385977420584323
0.006092851484853418,0.005753207580253739,0.0066331396417307975,0.000837485858433852
0.0490547691136601,0.023068657934548334,0.02597781435236038,0.003443404809439601
0.47580553707968687,0.15119136888114473,0.19457267029851452,0.05976539683191857
0.5665903826447404,0.1539328650561713,0.23353239979917004,0.0720238341197286
0.09597802847319617,0.00823900940092852,0.025774402296616882,0.007285375494401033
0.09032021986597173,0.0035857269393041844,0.008507315164293467,0.0037282404800241067
0.22978028815210944,0.029114756911928424,0.04485098896424746,0.02952943761682447
0.6184967264492427,0.31093276396924163,0.2738252474276134,0.24940291832758277
0.8681112454517996,0.9668334647186623,0.7315033172310486,0.7281971038779749
0.36312055856602354,0.6083908081867851,0.9911919736585082,0.8300098773007396
0.1038822775529453,0.5155229106825108,0.7442531567235091,0.48112804530634856
0.20798447294363526,0.48412951991334385,0.690097181044129,0.25896128437756005
0.3182659482804561,0.3548294239148646,0.9613361119017758,0.22592857919268386
0.14507162233359636,0.23649495374040264,0.9249055236233736,0.20459113195273015
0.0038764192246426724,0.010295960276789709,0.41753111121590347,0.04624079668031797
0.011149507378167493,0.0012383906300567728,0.028923325005835592,0.0025373393301219606
0.08607649504657708,0.0014515332883316895,0.05795360629683235,0.019538553430437484
0.11763503384057374,0.001013752565550748,0.07976272958692039,0.05288966698940535
0.30654167257754844,0.0332723402273435,0.35194535253270354,0.18480278738645917
0.5497781010799723,0.031021835966472348,0.15805281829270565,0.3136978419868376
0.8463293008741782,0.004619294273853223,0.18561350403395413,0.5428158291984038
0.8888240901122292,0.07507871452723489,0.8638949941603514,0.3921637963605419
0.4663130353812901,0.7077874973681911,0.6805655087048672,0.051519002766460355
0.1695781500625046,0.6990054918130885,0.4334703539607604,0.05169063986377214
0.14034313447300015,0.4498145219610813,0.41790661184964917,0.11205628285142184
0.14393124287490552,0.0916526164933692,0.055448585208169275,0.009604586040458139
0.14504617633609057,0.012310977524732801,0.03266078387430684,0.02318754189402903
0.06494532312052062,0.00300479904680651,0.04214755166456415,0.01695370381696727
0.024629209796089378,0.006236573879247916,0.04527480512989946,0.03768321906328717
0.0032786406340366433,0.001589958135139411,0.005807211598053852,0.018858008993357125
0.00014803934869552304,4.5691263074802035e-05,0.0004162034196515005,0.00713348569688797
0.0003464043571990924,0.0004468522391142219,0.004197922847713866,0.011851952418956398
0.012613948391500445,0.018907903439511205,0.04266617293453704,0.04150917889053311
0.26859836930633446,0.3338858169149317,0.5609054582546795,0.4175155225083449
0.371424430951932,0.5334622924209904,0.7917022013199712,0.4791405958571091
0.6110901317418205,0.9841947198243213,0.6552114212876093,0.9250780515594966
0.9005885825789832,0.5837795405550523,0.3736978627840636,0.6470797812756479
0.9994931052376004,0.5100362206995337,0.3850122245152705,0.5444623805303018
0.9469851280245714,0.6742193341999585,0.4340634503651649,0.7687353548390943
0.5109783139708168,0.4418141815992097,0.24811274626786342,0.46022407893276274
0.09007169624001954,0.10071908249981709,0.037474041734567094,0.12081737540333715
0.03217040849055964,0.07104063867057729,0.013542478477148262,0.04200904549813811
0.09517516467986917,0.17964647953237278,0.02276835757304117,0.05564071769133954
0.5545475610338226,0.7993560530844452,0.2181985825831881,0.2607696338740564
0.8140207482823916,0.9436117751271789,0.38464361250692536,0.34707743437933924
0.8003905631004845,0.9921150444694776,0.45069410215283334,0.5007569138863042
0.8556985664537338,0.9638798949090281,0.5821670440280342,0.6694384887980449
0.8065401845928941,0.85525096686333,0.6399711377859578,0.7379325266156223
0.4903513633604535,0.49892866300906324,0.39049411875262463,0.4086728301543642
0.32698623599805243,0.25903585414010954,0.18282857337583616,0.23902232817053753
0.14605102513999552,0.09258920980574976,0.07346176247482246,0.08154606220388083
0.06608766921554592,0.025557144413679466,0.025793876411536344,0.025591022081425628
0.025518369038500147,0.012681763548635337,0.02404712744350847,0.025117041904086503
0.002747672116273685,0.0014580095973073845,0.011571297914566925,0.01980530147469377
0.001341386431560687,0.0012924504479344167,0.01871182759638358,0.041766927063236564
0.0847177024468975,0.05834572555163934,0.21975462630363518,0.24952749182606296
0.4366940569168525,0.3269301242018996,0.5229817683268988,0.5278451904304593
0.6324688901627848,0.4735583953096534,0.5829925193415184,0.6110005372543125
0.8229719117992518,0.5597479375347594,0.7653480129799761,0.7350338418102442
0.9706658426340479,0.8112689370218162,0.9656607323277666,0.8991420788096269
0.368947247135229,0.6020287211744424,0.5064481547399229,0.49076583316710065
0.13803479165784818,0.36744444481393845,0.2929245924694007,0.29381336780947476
0.16904781323511062,0.5444568002246729,0.36063481756482973,0.4349833832626979
0.18089852287557073,0.5963999203325483,0.5633218186115001,0.5426728044614242
0.24667806053684976,0.6991541748765742,0.7495731743315428,0.6846190802237353
0.8108302422664937,0.6706873307721417,0.5984181541272627,0.707866931687606
0.6239929264324704,0.30643291721869975,0.37484970726646283,0.43428508430278534
0.40146066198726993,0.1902189919182076,0.3374316261999315,0.34192259370896105
0.4781842481393199,0.3139516763579143,0.3862547832639893,0.4784205168035225
0.8341566926571526,0.6636958830468054,0.8774720211134825,0.9212643203756525
0.895121820547041,0.8831925301901117,0.9479937965568841,0.9497151463457076
0.8089995581692371,0.609079803395606,0.548264602673699,0.6022107881553425
0.2568605624640984,0.12670453929087078,0.15555847741721487,0.17651774601198367
0.2955918438941914,0.12407676836102778,0.13257804330967307,0.1697267528356501
0.42264934892253525,0.208575205489184,0.2464482337072912,0.3500959035271044
0.22932338976292418,0.11579277373575064,0.15815923892115805,0.2298959725413571
0.15455522749659095,0.0864448597937853,0.193469707750839,0.22403241269910024
0.12053397058041265,0.06150401751158147,0.21333568271351955,0.19009384367813442
0.11505916231813253,0.07697122933495679,0.19738642789577235,0.15732864679964598
0.3824282005233247,0.30648689949883035,0.5192575526340322,0.44747297759331983
0.9802772554676948,0.9105817261393817,0.8307997518539253,0.967891972475339
0.35868139214561057,0.355011696269948,0.27836487213748634,0.3877167049746989
0.02816541540367136,0.02341004830258011,0.016784402664000678,0.035266375469974014
0.024446798534831442,0.018063528819280333,0.020862373002187868,0.02282595498260858
0.06015314231956583,0.054458210726831616,0.07672211119114217,0.0760076070172099
0.03577385716179186,0.03018232101203258,0.04376629134244097,0.055606326334745146
0.009699505269939773,0.006605110441073986,0.014663611967208282,0.013385213884234701
0.007542324163740582,0.0033690422976490153,0.014979497965909312,0.010820252506147767
0.012687028109646325,0.008309027825905297,0.031542985469392375,0.011725263665516416
0.06181183249396493,0.03500578591356787,0.07351700289920438,0.04018627426210344
0.6176454074223765,0.42945772680487393,0.7304198994741754,0.5762780669327486
0.3144287133668671,0.46017884937132536,0.3028356356022631,0.40307076761646987
0.03431568096739194,0.05973816789889074,0.03110040617774849,0.06587216685904265
0.036619278621556305,0.05279483170616975,0.054289845533839254,0.06297860018008607
0.04525490445403684,0.07372532383090556,0.06614591251054115,0.06119744493782602
0.030966429939205307,0.0477248002031227,0.02651799743576846,0.046241502218285255
0.010043499664115968,0.013768070633071432,0.008158207184337272,0.014100867325949505
0.016140082895714968,0.013805809887737195,0.027528718102862226,0.03210357550233013
0.07078215195483965,0.03835878390667998,0.16116998663084103,0.10382607385058092
0.21943826299475222,0.08478735200850682,0.33817327275615405,0.20855418904432813
0.882056501489163,0.5167161725114728,0.9954587147965195,0.8270727880740594
0.20269352216953637,0.4411768099203083,0.21484512383153664,0.30744838988794376
0.03501081121757026,0.07524528048499553,0.04295129364472112,0.09581215918216986
0.04678134861759191,0.07037132369453505,0.060866774663643805,0.1267648398814892
0.031292681209065344,0.056704796336532526,0.04766070026950357,0.11900638795807965
0.05041178612256311,0.09687801111521957,0.05618515792037799,0.21518094955848205
0.18290445308126174,0.34904121929737675,0.2662418425848228,0.47254676673584783
0.4131398208092004,0.6569742939193925,0.6993872519848792,0.8980370060845584
0.8054553908132034,0.9995569618615263,0.7114879774155856,0.6850899687539266
0.6323262183880407,0.6691945605678742,0.27563940860029224,0.3262622608516883
0.1844058683373811,0.27760003023307495,0.08385890122344003,0.08474708661493549
0.024150836671158672,0.0753365615401521,0.017790885426373127,0.012261962463029972
0.022265157492151882,0.07674469898400217,0.012465644418339892,0.01516342617040015
0.00709147259957817,0.01602106841196251,0.001294568309163731,0.002782545332719831
0.000977235321698526,0.0019389457114333002,0.00013327968518505803,0.0011719340059111163
0.0018577356253299652,0.003991569977421706,0.00023461536453937823,0.0032735992643979158
0.013003546678007571,0.041824169721594986,0.004706495992909592,0.017032446373578296
0.016457760691667496,0.0659235520294819,0.00778882149929044,0.01777841712303286
0.006325771756406505,0.04828600272402896,0.005330129625031288,0.004832355665313235
0.009014409103616405,0.06087373688933622,0.018977943188660615,0.007432406426746471
0.00957085973162744,0.04857801366435783,0.023757460712474577,0.007130746755420943
0.012432577195644166,0.020349351968444455,0.014140901505538001,0.004032668760623911
0.0006721633258292365,0.0009821893476675912,0.0021319203716099874,0.00023253434600511871
0.00043335647402247164,0.00075909550386806,0.002582667180112732,0.00022940732421624258
0.004950185875142136,0.006452648789009144,0.030357860880725812,0.008047046886898517
0.05686333852920614,0.030387498995813157,0.17101755272873653,0.06618696030836409
0.19862153956477235,0.04403521065017233,0.3370327263543327,0.13510612123128357
0.5121355797939426,0.12015646789358932,0.8986288640196242,0.4412340688481131
0.8658278597394122,0.332085557704223,0.6856575648578309,0.9993856403694377
0.8605941838274628,0.2321293276793704,0.965216114031344,0.9225298369516198
0.7669580635586526,0.1405174737570471,0.7288658844783646,0.6961645214241241
0.5183451233801284,0.22504869700495905,0.9299707460608881,0.798819939322859
0.07547241166909321,0.8633845602332808,0.26601242309152395,0.5396042430450855
0.015809209062820222,0.4690306079834139,0.17422754494016718,0.5828032870443041
0.007114716284971551,0.4595387046398647,0.2074328412908423,0.7536353965119946
0.008836421949963891,0.66343694880872,0.3146419046220923,0.5554675277412553
0.008958823372909099,0.838595009035784,0.3753244932421109,0.49767625001953064
0.00632506358607051,0.5286047534081763,0.5637428868672252,0.29356918908042634
0.002051989996295585,0.1847854888804309,0.512320177874845,0.297797705050284
0.0012269751040453732,0.035234123423434675,0.16589029400234562,0.47648294094206156
0.0007952041802913794,0.0010046646785367818,0.0029136495088348023,0.8736482125677802
0.011100625946308706,0.0002802405951571058,0.003298477643820687,0.7645720434355578
0.010341135023507139,0.00032288086227054717,0.03272404864515735,0.9870429303143382
0.01654192756528696,0.00013708796599580717,0.029187169075496604,0.6123038416656992
0.20519996990422032,0.0001284379785325399,0.08608509734007096,0.5360189584427446
0.6293578384721876,9.136088241904156e-06,0.08653445853726724,0.09089368805603634
0.9782877151849629,2.3217664237324282e-07,0.15662947380430572,0.128658869952398
0.6761632202460379,3.323352634384669e-07,0.10177673851431218,0.06332520364978642
0.4404551546122789,7.480222754619785e-05,0.06778743841809083,0.053783462187289306
0.2453346720895074,0.000701928979353742,0.04232826152067068,0.09494894799648254
0.1941244599850579,0.005642378829050626,0.021815403276159516,0.05628237563168958
0.028884255048481435,0.08629969110178325,0.008642038776690389,0.013896955483715136
0.016900339577795746,0.11286261406425782,0.00018410520437978,0.00127567745238977
0.023477145460603095,0.2397163939596943,9.71901269452414e-06,0.00010278149620645818
0.03476377372654075,0.14228848228128962,4.7262374812005084e-06,9.612621515712528e-05
0.0708828671787202,0.4024784933176683,0.008081693745087923,0.001939296995752479
0.16455729378208941,0.5872160688339746,0.08252681247787451,0.019736483640468747
0.8262382346275131,0.13803614653125879,0.3060442207649783,0.1099103632135038
0.660193600793153,0.2780650571205766,0.7767792616034368,0.1775261351825583
0.3464853288821099,0.7046875184777359,0.9439457260871582,0.06173696108643014
0.17466572129973007,0.9643295556244071,0.7219984706688212,0.06524231562648596
0.05093366319898538,0.7129251525021394,0.7477869124134954,0.11521167577028131
0.018103948568957525,0.6642162057996108,0.5837072808738506,0.41369375402463426
0.021491494443957735,0.7198823367183218,0.4296781197052282,0.8252872257063447
0.15296793429664732,0.9612677933820293,0.49387267467117324,0.7026159968241641
0.43296695678827657,0.6040961364926007,0.9272607778159986,0.3665513240816721
0.8381557104107887,0.12138927298603328,0.4574393859569451,0.11802550496381409
0.6565543986464542,0.017834870339974815,0.31141745340278676,0.07699805660638247
0.7261257820192066,0.055898936919613264,0.3287427194529229,0.1682079444691549
0.7260982729444887,0.21755490888046658,0.4331164358520725,0.5176633742025742
0.4130390645782074,0.26752138165708744,0.3124408107896484,0.521024410561469
0.5125592658328947,0.6102205339275526,0.5968477390469363,0.8558397988067906
0.462242671245889,0.8654021406722949,0.7870462330990953,0.816417020323838
0.37190125203999047,0.7546749310965856,0.6801507826740549,0.5740201472740422
0.5420197790803997,0.7371255009155083,0.6938495799160841,0.6370049787611796
0.464751340884879,0.7485077128904367,0.5919691456315486,0.5132109468058998
0.3023765955537588,0.7743978815886712,0.3763395892233301,0.32909248028097693
0.07767456979166613,0.5953134475530879,0.08924247525489927,0.0945761542289414
0.02493522044199962,0.5612373855323466,0.028175112296715894,0.05198869692892207
0.04357741713264818,0.8003380797358741,0.053626839917887574,0.10913870012927829
0.20247446149593817,0.7484238504465753,0.17672648044385555,0.3770974900442723
0.05449012215657127,0.5290979533392952,0.035488692567339726,0.12073284696574375
0.03880268750113401,0.20976434944491623,0.01825370834773209,0.06927541192560381
0.057416664131337065,0.1733295620662563,0.031050267511983677,0.08022875191928397
0.09076336065856973,0.20025076321134586,0.05461996527379151,0.12383958527899241
0.26691114345666234,0.4935773201700627,0.20154507578796865,0.4394194897733512
0.5774474303652604,0.9276537800577174,0.527240141945911,0.9743724203264779
0.7239167847267072,0.9710898003526807,0.7755220768492885,0.8151642034998824
0.5705995508201097,0.6266603757966538,0.7380476600538294,0.9123425856345019
0.2941955079686121,0.27287737649552896,0.36246109540979354,0.631310135964916
0.3053326703821759,0.2291762309425948,0.39131073836149355,0.4756316438383419
0.5991097884096217,0.42990482075305336,0.8741001726755409,0.5800061870552398
0.9305343724716938,0.9731328080429635,0.6864862220985419,0.9980889388341356
0.8634859700574223,0.6590422114804666,0.5833437708690896,0.757203742931257
0.8939374423743396,0.6808654506604501,0.5436643064041365,0.7628341102953877
0.6653492772409514,0.7855763028453867,0.9655472796581501,0.6931344783601188
0.4469713465250511,0.3732689150031405,0.652401336122753,0.29147016332799336
0.9785452318427894,0.7546923907076506,0.766105531573891,0.7456669525938037
0.5069130622136152,0.8150302328117789,0.410259035415541,0.8735847351132567
0.2696377980962318,0.4934873876239476,0.20282379375028176,0.5491825169823273
0.38005047824061255,0.6186525532347288,0.3184545214823989,0.565982964330213
0.279302424856325,0.491640078325698,0.23684512437199362,0.34193576308050466
0.3067527251855893,0.6241013675098119,0.3121557014581159,0.38120920345156406
0.22288131260052402,0.748721024832475,0.416368108377979,0.4247936069865581
0.1253887622093752,0.5252971934111378,0.3370353993361792,0.25784798607972076
0.03538258089954418,0.18993631559508667,0.1020644258168028,0.07781891449047589
0.004191253181267801,0.016951480953992498,0.014091729053579789,0.005658027709427871
0.013192184265797536,0.02629048443156064,0.03248476525535025,0.017680146919465907
0.06101465018169253,0.06725301304474504,0.12124672600306054,0.06103371719488343
0.20161729704764791,0.2068071894068685,0.43048180712843476,0.22383625253896355
0.23989451556259472,0.18767362793825892,0.5849878056411091,0.31813721606647793
0.5378773902429885,0.3112222519372083,0.9354369945866596,0.5339305665702367
0.6230793971202184,0.3056725312434111,0.8529757170070369,0.49710011237869256
0.6583377054033805,0.22597694983011046,0.6194187290216701,0.39233371093399005
0.93465473949871,0.3598360897245275,0.8303184610127045,0.6357119707607473
0.7022157607735829,0.6202884569766713,0.5836925313400223,0.9742779760222378
0.19424305776234357,0.6320193181044937,0.08209495115977054,0.30436206521639897
0.3025485389260602,0.6630541534819887,0.12420483029229237,0.45383410301397475
0.38979016539206823,0.8188118891904645,0.21768855750417745,0.5601988194183409
0.6856941845142003,0.7888380724263272,0.7074371528911729,0.9830793629064435
0.5817265044964203,0.9978491922035075,0.8000813929895358,0.930674769436185
0.42423340371956253,0.6221609152721486,0.7184679462892367,0.6086973432790671
0.23484604289483393,0.3846331032509678,0.4727110449929236,0.28386170360069846
0.18808533873576802,0.31104741772624434,0.46359207486502396,0.24450848277045706
0.17918623408620601,0.27594845759239434,0.4681258639672602,0.26067451242825557
0.33661743439111447,0.39780993955121313,0.9010850369675008,0.4408988229658375
0.5725666022317046,0.5589398410904873,0.6235474762453188,0.7002953543990409
0.4998701850234344,0.48206517335580235,0.6076176181580195,0.565894766274311
0.26361211531689427,0.16259432844771388,0.8565130815766737,0.27389206236047153
0.06543636692557103,0.0260620981308121,0.42670440195437886,0.03941848922521484
0.038514084060667725,0.007884372251383453,0.3356271372920372,0.014131257190644751
0.19031792664300012,0.03846747183439901,0.5829259503860449,0.07385125974146037
0.6491632645654208,0.18982972183463975,0.9980287730835973,0.38592711896922505
0.9653393656432367,0.40201260882452305,0.9455477665377401,0.47022032699855354
0.38642825097929645,0.963206839387726,0.4580826781939128,0.9239210206038053
0.2459627343561293,0.7178320936099221,0.2990418436377821,0.8240187968508147
0.06823750259188208,0.23908477216594679,0.09345815393721808,0.3704270813727091
0.017154574350664795,0.07967090174892728,0.030212048249723972,0.1745794766251687
0.01615154371701374,0.03386025699124435,0.061921381491525165,0.14089290670443447
0.00712733194027034,0.009527905015442784,0.026171115836097898,0.032729224975447495
0.003702227083958292,0.0030093225647747556,0.011785517455174912,0.008437512993651374
0.012545972932633076,0.007569692077361927,0.02299629170728596,0.015755039442270163
0.016952619140571074,0.011127541736550327,0.024841686323812784,0.01642371062570099
0.05993218282319521,0.0385004894168128,0.06859101348858157,0.03165980280813838
0.32276730255867314,0.19501309870430011,0.2530312043207509,0.11216036794687659
0.8815556546189531,0.6348531237894743,0.7676369374818738,0.3779034715576589
0.18528768574814491,0.3689925087234882,0.24109726377057147,0.6275049927170697
0.023336117039480464,0.08485327343210482,0.059356041918740624,0.2517608143040878
0.09255017636061308,0.22612585919790829,0.4036587358669236,0.7434630159235276
0.2831143568423425,0.48250523069628093,0.8781081888361348,0.8924680077296199
0.3211595476099539,0.4800007208343533,0.7480389205366287,0.9600069513958206
0.32438522492399424,0.45132282927489387,0.5925176184133639,0.81748010177578
0.1132338183026104,0.14867721593894112,0.21276157755249592,0.30558079052230414
0.05925503684307923,0.08281180211452319,0.13175295039856427,0.1473373975930282
0.11922222747728341,0.160643793759384,0.19478464829959752,0.1866453698567752
0.2906068379260317,0.48541325266187896,0.3763472725866761,0.3121637246960078
0.9555229138414014,0.7704243249847409,0.9032881742361333,0.8396109452926481
0.31709370764207045,0.3454775481765534,0.7838922565066666,0.7753001571753925
0.36208944052499425,0.47588483785495095,0.8470014182337819,0.9532297812374814
0.5198219072460823,0.6012367968906891,0.6044732561281959,0.7840747660784914
0.4068274988389393,0.36698738984501966,0.9379728773977265,0.9404907550167783
0.18217497281921183,0.12505794522072589,0.5280255850308191,0.4145823124179402
0.06010551502243363,0.011582638655051927,0.12658784425877867,0.07559285196133082
0.032353278972000854,0.0015631594280660767,0.031130278534598547,0.011308040372546718
0.03243602714368985,0.000994673320621381,0.019930172223922956,0.0048268030070901455
0.08829578593297963,0.003801960116150479,0.024198139818958,0.0046528143558384055
0.26262307932005885,0.014164634567334581,0.04338452845241208,0.010520754766337629
0.6971230585408109,0.10250033188838865,0.13719012350876458,0.052660180298353725
0.6709772401707725,0.3794531798314714,0.33156718339089897,0.2272728766080912
0.20141188631655163,0.9855867875367349,0.7205815306662353,0.6084001617695807
0.032977640213000425,0.3610125286761525,0.6419077813033509,0.7738971071704863
0.003351931936103434,0.08018026006397133,0.23036177992071794,0.24441786782712807
0.0012821460073492946,0.009311590917128895,0.10059884084190164,0.0668419902303607
0.002534654882629379,0.0031708664970930825,0.05805964733374557,0.026944565061379218
0.0035430669494294345,0.0005856408519049679,0.017217040152567954,0.005807514793825802
0.01634032976985164,9.136783743497118e-05,0.002619765774922641,0.0007051189054729035
0.035558729540002366,2.834367978443097e-05,0.0009153630453718584,0.0002791922683029976
0.11358946525225731,0.0003543965047612473,0.006365383600530281,0.006471766465225102
0.44105382142176097,0.001216195104587699,0.03740500564410316,0.10769618738898648
0.6787365672557691,0.0029376745620925218,0.10839608372192473,0.41548310103832664
0.04746414098456632,0.013938211817977619,0.31313772278518265,0.8142831940958051
0.0008097150699913762,0.059125721329321486,0.4614316051583668,0.8042214077464596
2.6823184822092473e-05,0.2665208720880129,0.16642489042576203,0.9944416538787142
1.3604697474033162e-05,0.1609413352290666,0.02592508695053331,0.4850801634286964
0.0003884957063478463,0.3198672406132644,0.05945634068638076,0.6163464556448336
0.01664762990302423,0.8933169466719187,0.21233265086116768,0.5432949123911774
0.05569210745177276,0.30854448917494703,0.3307404281446593,0.3051989706701529
0.12343155735162192,0.05112488983742726,0.3761953764836028,0.7623133941954824
0.4793314516601126,0.00455394553527452,0.36979486878946133,0.4773211002430351
0.9376359546642611,9.63993681315822e-05,0.5991655562907616,0.2477344671799342
0.3528560942440375,0.00016903279833013123,0.5781362544201218,0.5075322870526029
0.06361523846494216,0.0010606476710449536,0.6418731259595787,0.633470993217468
0.006858762734087995,0.013577205065945305,0.8812262102852753,0.9806046702570532
0.05727262421881793,0.0025431941630184814,0.18391860827651715,0.23841401731340034
0.4665734772761242,0.002268215063593146,0.032737006358948995,0.11209692550202126
0.6783572548394614,0.009305941206009236,0.0035237754113224876,0.20159302654788758
0.15921843369788063,0.007877530860723164,6.768905685824859e-05,0.06114253086208462
0.07520762795610646,0.02918075995863572,2.8826465681175978e-05,0.01147008470374524
0.01806285079585355,0.08704609079821087,0.00012334667120350633,0.0029521883946327966
0.003721456038243278,0.07541205547388162,0.0007587096995950921,0.001267248816224944
0.00912458779176763,0.23868120727396852,0.001218391694701434,0.005479254841616117
0.010295454301371717,0.30379632029142156,0.002651547342824557,0.013439624478430686
0.011711340849589254,0.30261205479205533,0.006845577275539009,0.024261219453792282
0.07671237554565968,0.8540138204553026,0.055428249203226136,0.15281289624209962
0.3700730456999499,0.6479407761724565,0.20516995387335568,0.4651393876141291
0.7140388690894344,0.762827256208841,0.45395624019266734,0.5935385719689579
0.6111403313299849,0.354284155169337,0.6592202742192383,0.6142855762467618
0.36308200705945415,0.23904171628890894,0.15787704423375265,0.17010323912201752
0.5390470496576136,0.4778027810261073,0.24090291313841986,0.23515887846925482
0.5971229248704168,0.4722050648205153,0.2364896766486097,0.15776863096105376
0.6993996102432194,0.9004149467588994,0.40901713018658004,0.41485269383843626
0.20743028832246155,0.2996634616743064,0.8625401744870314,0.8838295527175016
0.12167167894333061,0.11389320739598996,0.5765009888219794,0.5250400610407353
0.06472460443763028,0.042779750940643374,0.3579924194455625,0.28317869253127836
0.007703266591678916,0.005060885983977683,0.11236876877473553,0.057610517091644144
0.007660689237806558,0.006826902897200523,0.09585676480894105,0.030473655819365886
0.0029577998144926306,0.00323553944354076,0.03719319468601193,0.008260358863549816
0.005383969246331337,0.004012760428980211,0.024521715951266263,0.01256980091746503
0.10774653178304762,0.058086558750965515,0.14860491718525914,0.12441224136354986
0.33076946579397437,0.1773710545594927,0.3203126953052561,0.24601843581383406
0.8879424699033407,0.5842499661556994,0.7202948071690978,0.6597763997946928
0.5290671847638948,0.7957381290920313,0.67415411721705,0.7106262156473395
0.3858165863599681,0.5833136093942135,0.5148165961401672,0.45642164697311316
0.4200897471059768,0.5367001272154965,0.5549851717517744,0.42374640764864524
0.13527293097813867,0.18812468708988228,0.25554310835948607,0.1267639576789918
0.007179412495874905,0.014493741909979561,0.027971744044163138,0.009007346895290707
0.0005456437452275678,0.0015425283734809734,0.0038826341864677673,0.001212447550164938
0.0007014688543318513,0.0017221457783767504,0.0025819042012339443,0.0033095176532365123
0.015691314537884436,0.01913667917349041,0.02529968181810623,0.03831770586919527
0.06943510496680119,0.06844737224840546,0.08832587459218702,0.10522391448107828
0.2194681612358172,0.2144896534393536,0.2557072494177631,0.27528433585294126
0.28942923531718306,0.314403206192997,0.4165877338290771,0.41303043773059933
0.411600474537117,0.3920241646878765,0.5467318332862057,0.5469345493760953
0.3196599978644952,0.35962183541154424,0.46086002960403893,0.47202944443437067
0.5420425945334075,0.4902965428646743,0.6221555322439538,0.6712112312122938
0.8887414629314719,0.8854873398194164,0.897095178969322,0.9452384136984041
0.6534983920610563,0.9998707104863611,0.6718571262333072,0.9063251791366689
0.8879909880273793,0.8537812814252772,0.8783463114312565,0.7419864959992583
0.7722467014296257,0.5674205663976024,0.7528038119901764,0.4146950402156575
0.7198436801041119,0.6204700380239323,0.6819249515534541,0.42669355107796025
0.9527576918320817,0.849423245967192,0.8498628683780528,0.7160894711418873
0.8316558592688723,0.9792362736147926,0.9845826192693012,0.9504886130184932
0.8717163939509278,0.8000737422351043,0.7658645509668471,0.7934547080607752
0.7008067860536857,0.5846009382744642,0.5614010652551269,0.5861399111488556
0.25631830889502233,0.2861171480384024,0.2069989863088438,0.2768636075525772
0.18453765119739607,0.22885141494287636,0.16762866489966707,0.24923104960692316
0.4700001161196111,0.6404174337059949,0.40940542430335636,0.7295626875253152
0.6914059838512476,0.5536196967373781,0.8135644774622232,0.39405922469290533
0.5189400684916708,0.34687815832913316,0.619561365525475,0.2030168306301221
0.4569867827814206,0.435171228759229,0.5485248779012987,0.19235357899231031
0.5587152052176203,0.6419790906127303,0.6809257238132113,0.3853902051165484
0.4483961647053193,0.5243520958740052,0.5944838728632948,0.3823239825198368
0.2827063347447824,0.4252676869099541,0.5431602052784044,0.33640537767797607
0.17467108111916033,0.2998478288999639,0.39503753929668606,0.15557513347364593
0.029465297800712095,0.09899596738097963,0.08344707147543577,0.022021851871573562
0.021558757379285677,0.043279750977687964,0.04932815321851596,0.007056371020666324
0.0466220163240172,0.0701669824124704,0.07399926121659403,0.014622316231837486
0.08123871504706907,0.08895837899319044,0.08272786533816115,0.025297374592175622
0.32074755791790943,0.30737889762145865,0.1812862083122489,0.1967946965653347
0.8884292336947123,0.6651541306688,0.5164963602022294,0.6396397104853254
0.3657626955648906,0.6871309256253231,0.764379158637157,0.7415679105306452
0.08208973638817613,0.2455209799817854,0.3059724405790373,0.310971922607701
