0.0050406703298631955,0.0009484927722712312,0.0031647853248767694,0.000696477040800563,0.0012659593070147033,0.0005620975798135636,0.008305910961640673,0.001390808783026419,0.0017316063367714314
0.000740747754062912,0.00014285418593294074,0.00049772766019653,6.180146577815612e-05,0.00017053499384032364,5.066660078667396e-05,0.002024811016512697,0.00021545508356125427,0.0002580239689489677
6.917293334729429e-05,5.991479044484538e-06,6.472700859271585e-05,2.651878251736526e-06,5.063470344765275e-05,1.3224862883578855e-06,0.0002740481029415463,1.4682476533167035e-05,1.719530233418831e-05
1.5059960518535725e-06,1.2466249570068157e-07,2.5172492927778527e-06,1.6133657609946672e-08,6.600988743042262e-05,5.999369910639112e-10,1.3722235974733892e-05,1.5060481965915354e-07,1.7338737399131097e-07
1.8730525436028736e-07,1.1263021580116719e-09,2.024505145264845e-07,1.1877263407037916e-09,0.00021394987270883693,1.9604639918618516e-12,1.0565319241180771e-07,5.603379340899355e-10,2.4752658900880012e-12
3.096962306173709e-08,1.0489713229913115e-07,1.971573967570686e-09,2.535621478288472e-08,0.0016057549647783339,2.198688560679111e-09,2.879402727497359e-10,1.1661390998871555e-07,1.9710111950914712e-10
4.8083484770059334e-09,2.454406638654149e-05,1.7691852799179046e-08,1.8092118963599485e-06,0.009081399473047886,2.784129877828251e-06,4.8571059688990565e-12,5.1872851968209584e-05,1.92671362381993e-07
0.00021625901777737224,0.0026620413936338954,3.0888203941599495e-06,0.00046511247128068305,0.12425867444892602,0.0006412187595643797,1.785924742588477e-06,0.008302189256892543,3.672604295729188e-05
0.013711099613842133,0.034070276540114366,0.00020741024032375213,0.017080922420692583,0.46149412619607755,0.011032432783365128,0.0006171944412850352,0.1270434320895009,0.0005826832817510349
0.07942472115675162,0.06833646572401053,0.002018830354163879,0.09574788753538839,0.9097384866090694,0.10011317753923703,0.006681613347000319,0.36240384060009023,0.0019792262190656586
0.16010071300104106,0.06840454652900313,0.0070287241977795905,0.2119616352854942,0.6723062923000098,0.359992648476794,0.01605428724714387,0.5535250812442207,0.004664129858943702
0.18708777884613184,0.04411338444494555,0.03680623163786791,0.40195733071666706,0.4969768384976987,0.9805063987765689,0.01629846750596477,0.7577163930972743,0.016971100498889224
0.2559910560658969,0.15375091220821713,0.28086595626779315,0.9926401771489498,0.5162688379369863,0.16160633114654793,0.03931647506018216,0.9836299864109755,0.102156054348104
0.3909319943476658,0.5637534841417446,0.7640971444878908,0.2626770414585076,0.7008737119741575,0.0026665773240105105,0.09495052564831485,0.4256333577319992,0.6317600174751972
0.8650637191031278,0.35061825648923917,0.05854281233106342,0.015712196272331037,0.9822587062444939,1.4886905749864024e-06,0.2907006158363503,0.04016422563337365,0.1563298423060343
0.7543246522772764,0.1009618405757903,0.0030695988467841287,0.015316631346208818,0.5960867062148585,5.767805932724345e-07,0.5654671816290371,0.017811344762961687,0.03730556522573678
0.4102210909196746,0.060110620487191395,0.0011301874524739912,0.02756147167960692,0.31581191026450933,7.305279211502391e-08,0.9590745087805417,0.017161835477137257,0.013072141245237557
0.8067825018266395,0.1426600500320425,0.001982268921367252,0.10495577514244854,0.16524274849821366,4.7093641277567835e-06,0.9818338154370025,0.0649853923335285,0.015135653163852576
0.9333259820322397,0.2191066770906076,0.0024894574367404832,0.2995498472302768,0.2532446727642531,8.150436016825174e-06,0.9876794819636066,0.14797654352658807,0.01144629548015181
0.49307139567992797,0.09320400997717597,0.0008462747859218214,0.33424423129391845,0.5117020651316173,1.8228512506900196e-05,0.47322138752826715,0.1303688660438892,0.0018931723048725019
0.12769122716236403,0.008341160956057903,7.983604339567061e-05,0.14602264952717803,0.8919356040108302,5.523229056029775e-06,0.05843580515408922,0.02470652789542138,8.456976019180322e-05
0.007245410468604421,0.00012183684518050164,8.400087783615494e-06,0.04198921026051472,0.4830525841909986,1.3786598904199423e-05,0.0027786492508520685,0.0018285246859594307,5.009368618670572e-07
0.001279891507039909,7.952568677349632e-06,5.053992819393844e-07,0.012603650180933668,0.22968541171247747,2.530093786280875e-05,0.0005419696606247608,3.3724891975950564e-05,9.38759587272071e-09
0.0004158284977915652,1.2030226514806826e-06,6.646282962751159e-08,0.0040551175470306565,0.06099574947625957,0.00013493080105204169,0.0001165691593095675,4.313728983422809e-06,1.05117306977623e-08
0.0005255630531659459,6.261137018657322e-07,4.752803035609282e-07,0.001020532436640957,0.014163116774503343,0.00014057266955417235,2.6367265964200204e-05,1.0632048847450273e-06,7.592384174868728e-08
0.0009994013428139667,1.5946857531796132e-06,3.193464530180692e-05,0.0002079213775606477,0.0008405192835175169,0.00019591229845280998,2.4380766626688594e-06,7.793402366428825e-07,7.539002838707008e-07
0.001965699733130111,1.0507240254656792e-05,0.0003620912826347631,2.3632212665872193e-05,3.429956643415271e-06,6.954748221739936e-05,5.847855204202256e-08,5.205933543313778e-07,2.409851905362184e-06
0.001198569741933182,1.9290488719642792e-05,0.0015677361209696125,5.092826555684812e-05,5.820103250060071e-06,2.4341793106399165e-05,5.506266090922918e-08,4.219916025152446e-06,7.068619257625252e-05
0.005079268661163321,6.246716413729345e-05,0.005873697899888836,5.978181621373875e-05,0.00010121875529693039,2.5003030986839818e-05,2.565431940345602e-06,4.3047883569658034e-05,0.0007806930123393826
0.011224651311316095,0.00032569114648682833,0.02063516480140295,0.00038762279739568324,0.0032490003316668348,7.1651601945068635e-06,5.738800733102995e-05,0.00010181657706204695,0.0034589515479395263
0.020306874914543315,0.0015018386208730547,0.055522986362754406,0.0030116341650951693,0.02797191147091351,2.3652639319652788e-08,0.000257112093050947,0.0001880018882514193,0.010084101243527877
0.014261295264718993,0.006345663408267006,0.142723259483338,0.007740155166709108,0.10843744747065232,5.1030831203390075e-09,0.0008768137505571532,0.00015199503268969295,0.010990365485120564
0.006525356372096551,0.009498175928697507,0.10417851594565071,0.006865762665663767,0.13026839470869217,2.7831428548019587e-08,0.002325574081774438,2.5294637970968658e-05,0.007807401913340192
0.002403561660213615,0.011004182892829251,0.018066518704506988,0.004771955441826265,0.14499110127349424,6.3934801370991e-06,0.004723182124074226,9.707084950645414e-06,0.005260348842090869
1.7515866036413977e-05,0.0016732885942660775,0.00038639426636437123,0.0006626016820916046,0.04524300528054843,0.00016075696470530313,0.007339141543878996,2.4190000580643803e-07,0.0033400654863087863
2.2692378190873665e-07,0.0007259118232184803,0.00013570663026980665,5.506956617632213e-05,0.010204988327046796,0.0011851084938289,0.017370413758811588,4.0941808873836715e-06,0.0049235805075731375
9.898152557745017e-07,0.0002023127335884237,0.0010722549058337846,1.4188029561885506e-05,0.006164458873549661,0.004970304874608681,0.011444970249449833,1.930317807277907e-05,8.103797785070674e-05
5.070452701437584e-06,8.229904744837717e-06,0.014251959814526148,0.00026581323751859696,0.005301960599312885,0.011995364020213953,0.0011246392545071868,0.000994952248395969,0.0009153015718618757
1.5380192046453767e-05,0.00012178409193611447,0.0706008720453735,0.0018560430916970227,0.014606693850687621,0.03487982905121774,0.003965038463863015,0.014393333145723929,0.0029125288416271054
0.00018644770200637107,0.0010790130632346076,0.2299208541315916,0.009023280673187573,0.016411275953330338,0.07104660772109961,0.09121828149330179,0.10250793975244986,0.015347540512509179
0.021568380677312652,0.03958167993138933,0.7106209723400592,0.2667648064121876,0.025226093841972237,0.13453252211106076,0.4151925244653685,0.5876610854905342,0.05364727934322834
0.27396727137831745,0.8239341074819069,0.6049384094047363,0.8255192302242441,0.06148798843005452,0.4940372229112916,0.949850877712455,0.528150191176705,0.5974771272859849
0.9228390177607504,0.45425349186940267,0.14571342829026449,0.2773545843869971,0.38675343754015135,0.1700824323519878,0.34954428773993873,0.10899617014974873,0.21303376424842635
0.3063828589576729,0.15509050301970562,0.02322308765480245,0.07563719644069543,0.7837133697411504,0.07745415450395793,0.06794072850599588,0.025930040223403623,0.07239682205582519
0.051246858738023496,0.03877801928976189,0.0018462741834069272,0.015405824308552422,0.14413980751412422,0.030348439596602772,0.007131995702194319,0.0035234292378845907,0.024392642979264273
0.010215007388244846,0.00937006958212961,0.00026502149159095766,0.0022399031964469122,0.031078974865202898,0.010475740882301977,0.007131995702194343,0.0005786375576809692,0.007182854443036025
0.0019770643153208954,0.0016143697870535758,2.948800148838834e-05,0.0003304790176415638,0.010602621454862435,0.0034223619605896786,0.005265376233440651,6.04983183654873e-05,0.002410815049008971
0.0002315912638260668,0.00016713150659336372,1.0085972451385448e-05,1.9928149973743144e-05,0.0028167134819379242,0.0006266390151637485,0.02565302391787618,1.8457093536763285e-05,0.0010808721398678693
1.1506702733179864e-05,1.1136543344255108e-05,6.903983829680722e-07,1.5433636183317011e-07,0.0004447649469201115,6.926079132277769e-05,0.02049404764135109,1.6778815222252425e-06,0.0001983716815854286
1.237088923023636e-07,4.621234380005451e-08,1.4410198609037046e-08,1.9386761888700957e-11,5.589878028485069e-05,2.074496634861913e-05,0.01479662074486557,2.3179550114264148e-08,1.5374605807788946e-05
9.054672379601614e-08,8.043857466515657e-10,2.536836080984231e-09,3.28318230100159e-08,2.215921754537399e-05,5.335084107576959e-07,0.007212792524862811,3.321363294981526e-09,1.9658039898498544e-07
3.689574386159446e-08,1.8322406448748498e-06,2.1489661109169803e-07,9.186615831540571e-05,1.9037152043037324e-05,1.735389354659885e-06,0.0036045675654265367,1.3642485318611269e-08,2.6197211058666734e-06
2.799823295755553e-09,0.000553872414507648,1.6113940998222356e-05,0.005255646561234174,2.414228201214099e-05,7.97041784193583e-05,0.001702669282692817,1.426468067796488e-05,3.1241431006706055e-05
1.0417324784782937e-06,0.027038915922336072,0.00026877868995148685,0.05932234356607543,0.00011892691639518189,0.0025261073412146764,0.0003688748946696045,0.001867807552173736,0.0003826250933764021
1.0167143319306875e-05,0.12248934574380478,0.0006918623833239056,0.09323506710586581,0.0008387290360856759,0.01596607113072587,1.939429663572126e-05,0.022494353352775,0.001151603290256257
0.000339878793319333,0.3230959258800117,0.009806893247209696,0.2237526442448839,0.025525855811352874,0.04479142274844721,3.543003894441081e-08,0.06346792531654533,0.0031018133279565583
0.002699651132452488,0.6465336299848043,0.13535472006874577,0.5318823834636481,0.2983337594691384,0.09432044675091288,2.8758372030968296e-10,0.2965631959901841,0.02253087419611433
0.01401318528364874,0.8478888120969432,0.9069672191234813,0.989048019909277,0.8118637686545805,0.19253496115330723,1.1148389510041607e-06,0.9171395401249329,0.22823345086242489
0.01609934138228822,0.4163043955286919,0.2640647811627805,0.45315837654306645,0.17439818572867294,0.29611334831289304,0.0019168294460791108,0.21031586105639447,0.9349640776567629
0.14325723018108055,0.03303905938369559,0.012475615763988637,0.09488363084977505,0.03640248136913525,0.773622425391052,0.052906871587307086,0.012595153506636939,0.19589317128906913
0.9918007269886464,0.0005601753533504047,0.0006269206499014214,0.16839414860988533,0.024478296907736667,0.0667206846661881,0.34683653082832455,0.0005513781044872925,0.010871147690316654
0.18850909604956845,2.4089420279860246e-05,0.0004859280650375901,0.44831602768379486,0.024735595021439693,0.0015640209318992444,0.75722653693459,3.800255426819326e-05,0.004157105927476459
0.023141576843057444,2.7011318137164368e-05,0.0015241086839279834,0.8538500124820567,0.016001677641120492,0.000960691779353248,0.9538147326442135,0.0004960936216079994,0.0029248392532741727
0.006092745339125744,1.2369411239991873e-05,0.0018510904862483399,0.6907613715656005,0.01074964185895006,0.0012602850891506516,0.3756432211065813,0.0021817732623098406,0.0024302293107269068
0.0012015940023276466,2.5918132209381936e-05,0.0009953865021311212,0.26843228208964526,0.010771281821674803,0.001596455622173826,0.054945156650756194,0.005460229887763577,0.003202209847830486
0.00020666809477606058,1.58115270600447e-05,0.000734033488169326,0.10417666435682119,0.016802140747911365,0.001760712297420131,0.0008462695941890801,0.00276289695965567,0.002290141324442697
2.1195448625865948e-05,1.9168908928672223e-05,0.001484880643976075,0.038662157926687944,0.02847358211217902,0.003174765851477432,5.327756592453214e-07,0.0007111338259484688,0.0007356632764366244
2.949998852582551e-06,0.0002844730025705832,0.0024671041710411885,0.00534853849848962,0.038142712045475057,0.0023908003079150114,2.9464555772271285e-07,0.00012377182361960698,9.917628839902728e-05
4.5680172395300044e-08,0.0007973286419111443,0.0020408948717684852,0.0007506511055043214,0.025286099245210095,0.001344490591417968,8.637451536240527e-06,2.1033198319594325e-05,3.667871599913727e-06
3.591003395892923e-10,0.0004473995194314074,0.0006319226527243199,5.058527266155064e-05,0.004745163434201329,0.000452197085672036,1.191964899677328e-05,3.404115534856819e-07,1.905023479014609e-08
2.3539689147307913e-09,0.00010297488558309682,1.1918787041978834e-05,8.622861140116441e-07,0.0001488234390889911,0.00011235185494281385,6.943832292437744e-06,5.062785474364673e-09,1.5415772443313276e-07
1.3312227714564639e-08,1.900744924738581e-06,4.7747591688788696e-09,2.8031798814674414e-10,2.612513955114306e-07,2.1510012329983568e-08,4.605950729110167e-06,2.409376960871326e-12,1.7975008762847826e-06
3.494472837238151e-07,2.7753818598510532e-08,9.3163691901305e-12,5.181828311924481e-12,2.7134446719115217e-13,1.4599617225805829e-09,1.7835828387586355e-06,2.1760311643345536e-09,4.526970545142585e-05
2.529147937070763e-05,5.007167054933485e-06,4.476040598837299e-07,4.696424377318579e-07,2.6180385645469236e-07,1.5682906294575213e-06,7.437740398514229e-05,3.2986942754222247e-06,0.0005651239245611425
0.0003424125548775581,0.00011508702561349511,3.87312931973118e-05,3.9179152608649566e-05,2.6541153774347092e-05,6.352828980278885e-05,0.0006869683723067824,0.00011098818502220908,0.002307615885029963
0.0018989599728580833,0.0007508186641523567,0.0005092265202974763,0.0005201109868143348,0.00039234692264008685,0.000708298857769882,0.002706077720445483,0.0010205779205983193,0.009118955409051919
0.0067804837954158455,0.003742595255244646,0.00304984517306041,0.003096659500257874,0.0022890211950408862,0.0027520355959412715,0.002789213569875928,0.004113784886290781,0.025820001685779033
0.023606001216556566,0.009528440478233481,0.029904610620733327,0.020787017604821923,0.009409810526976687,0.1323597068284285,0.036614300526903315,0.017900753875755307,0.09189105231270135
0.0748237392497084,0.027683677917631423,0.22984411173630212,0.22006860992738575,0.03180781233466612,0.994363568714593,0.5404069527198071,0.08219179938337928,0.47160673498102956
0.7832143970978755,0.0778063221924254,0.8304026518460206,0.8949563776393084,0.19536371695930252,0.313043850040967,0.6630383456029794,0.5431793465489734,0.37458582962265674
0.3485731452996782,0.19108457443363808,0.39339090141923216,0.4213638256216451,0.7330715850260257,0.08068128327900326,0.1867611591617364,0.4847447329546032,0.08799304718052643
0.07182451915747311,0.6722759646009586,0.03942387362558623,0.06336940255681879,0.41466053248872714,0.01834040359019233,0.053003423651556754,0.0503817509903404,0.016676048031960145
0.014640039132253606,0.114943797692649,0.002077498238834109,0.009182623095532928,0.02040601244525325,0.004890272214104918,0.00920011854003785,0.008576871609916813,0.007821492064273293
0.00749619292679397,0.04830876023180602,0.00045455086924589555,0.003902313041593572,0.007643414723799274,0.003149666957964693,0.004014324393487465,0.0022596183405601106,0.006303741035124706
0.0018592003006325688,0.018031965109972663,0.0002849363049448979,0.001484498697687889,0.0018752979234223231,0.0010850142680973347,0.0011526816713236746,0.0003724221892863333,0.0041361049008804655
0.00028404969401643783,0.006553859086594935,6.997344418506556e-05,0.0005956779466817149,0.00026220826255058245,0.00028490854234480655,0.00022937256692927765,2.447630569776257e-05,0.0029112180553250307
1.565637702743442e-05,0.002706059139170086,1.8454579713485903e-06,0.0002739257703718277,1.7787630623567913e-05,4.3741442385737736e-05,2.3057846462772504e-05,1.1845763758341e-06,0.0008175063728373826
6.6666859987675985e-06,0.00045112054010956775,5.4858953436119113e-05,0.002259002542605927,2.0169956036196687e-06,0.004147381569933796,0.0006935839462245088,3.0107151540435136e-08,0.0033873894754816026
6.00864045771251e-06,6.559682848174869e-05,0.004620913083733272,0.10860984577988449,1.2313393250949526e-06,0.16610689609622228,0.07715133514949621,9.353114138085333e-08,0.02882376495736177
0.00379746809491034,9.481406855448052e-06,0.16807251571448434,0.8185579749893526,0.0038315497070859844,0.8740574271191563,0.6325956651191156,5.8987651734845694e-05,0.5421656417583552
0.15489257824927297,1.4638603751949474e-05,0.7739918511233168,0.48106595899670257,0.11328585854560498,0.32772682075884385,0.46735501463399765,0.012901247736541952,0.6052638542041495
0.7749082375421217,0.00042692518128807075,0.5879423131095555,0.25001477806604544,0.581860735343976,0.10639425152916138,0.24773020601336088,0.19418704326108008,0.12991229419212855
0.5909037205071543,0.02848939813023894,0.17987559979629922,0.16249693281200275,0.8490460816001519,0.03449705120778216,0.12526781607602652,0.6920156256584166,0.06695874572163878
0.3884763728115379,0.16435301246050205,0.05187019256215345,0.06298861400842112,0.7474582732989512,0.020884073246482882,0.05095032267266651,0.8440531260231505,0.053352456986803035
0.10660597332693922,0.5765629995576178,0.03655189812605962,0.01702006402929768,0.3212019716035799,0.005034741184326601,0.011018708000182143,0.41011895702465384,0.03355718949375951
0.013920314133842579,0.8573147595726767,0.012846312299697179,0.004472918755673587,0.04517625538480851,0.0008235201574398396,0.001250701337140376,0.10899272221442258,0.022979917190664736
0.00011444107253907873,0.2644300833249132,0.00019417528323527344,0.0016169338486308686,0.00040217036677454794,5.134942172257338e-05,3.912527121145251e-05,0.0008844158615307574,0.004001470345360711
2.3380557260694705e-05,0.02198981119742059,1.678357579502966e-05,0.0009374688136128828,3.3573667266944125e-06,0.0006370019257532412,0.00019664605837490425,3.796039363312643e-07,0.002275532409622155
5.965380274258012e-06,0.00043575089362280097,1.872496324856267e-06,0.0006473123999122721,6.559094337538743e-07,0.002814046640679227,0.0008103652409135381,8.529074642147115e-08,0.0018651570279930685
4.298835592711896e-05,1.5661723138920585e-05,1.7079109742324647e-05,1.1121069033580787e-05,1.804420829572557e-05,0.007100984665076725,0.0022372417579748713,3.1472339338103155e-07,0.003458672143627164
0.00022673051620607994,2.0402181037093196e-05,0.0001744297069981648,1.0875673566499211e-07,0.00021515822941005195,0.006484568068992982,0.0010499753062113179,3.656906744438201e-05,0.005943104617181283
0.0010842478152612153,0.00019359787547295362,0.00127107695265733,1.5449826254509247e-05,0.0014416485534238359,0.01876371867320282,0.005879680463119917,0.0005482277034245929,0.0034334314811876937
0.00521387577715777,0.0017895316892015804,0.005637004038171633,0.00021537064767461868,0.0045491038099452945,0.054073075063261776,0.0206348265654625,0.0036388114500484382,0.01259097974569356
0.01408433575768095,0.005625693150714314,0.02289523199932704,0.0016282814675120368,0.014047893547999674,0.10442318811019843,0.06064031701209189,0.011925585065739595,0.020521466928887046
0.036699585670589924,0.01294611697394983,0.042569424072256994,0.006345948426009689,0.04511014717653123,0.2534420854292118,0.11761958300815062,0.023076804634375423,0.04125297481502705
0.07342994525531046,0.03166461090349542,0.264995366746611,0.020406970447646746,0.41177601387126705,0.7960378282169529,0.32721321901338696,0.056164177724222775,0.07638356163455537
0.4184460808004681,0.755745295706475,0.74449201018619,0.7459913063164594,0.43663368426777316,0.24604908383254182,0.5195883679149156,0.8134366195456983,0.5476445842829771
0.42232855455451923,0.32535602308298084,0.15496905190866014,0.23465077521473404,0.10240068639996952,0.13572281964754435,0.20230048593304878,0.29462585937227015,0.1928126477063392
0.1418464484123448,0.11113469998043375,0.031946245475167216,0.08611831320038722,0.03283845767634004,0.05942913942867666,0.09408963157422723,0.09659629961083593,0.0745712939916514
0.057116187359132035,0.03953256143604256,0.009843748084255302,0.029501328335071283,0.011528417611746219,0.023013661013393194,0.0760059168512987,0.028178411470995614,0.031951983606202064
0.02034433350464892,0.013242251152227463,0.0023947918351646708,0.009519058675746928,0.00577363780376102,0.00874676880087363,0.03230098949938283,0.009044022213761372,0.010520384355757823
0.005951933625504935,0.004389883338919586,0.00038919424313483696,0.004644385442739868,0.0015980757433988776,0.0023333869692924968,0.010540729753259767,0.002049229362065361,0.0026853098351269237
0.001445172311163724,0.0010787351364350763,2.6479187555071234e-05,0.002203756987582403,0.0003051362457307308,0.0005038331105052096,0.002532613814828133,0.00028065728054823543,0.0005722683825867095
0.00019886881373035246,0.00015186047942625103,6.18417889484443e-07,0.0010937622040055356,1.9210375947835147e-05,7.969888123966987e-05,0.0004689154801902728,1.4055640247043992e-05,0.00013921504386135375
1.0877132774004415e-05,1.0420075756333307e-05,2.2118446739058055e-10,0.0008954734971137586,1.6115221795064957e-06,5.4798203169751094e-06,4.0292010349601614e-05,7.409424952086373e-08,2.0843081347678468e-05
4.826271234745284e-08,2.966087229082441e-07,1.8916207744800004e-11,0.0005116566944398342,2.5015346801520037e-05,1.0806264970166734e-06,1.1860183398118801e-06,4.0719687897715667e-13,3.913738916166741e-07
8.126258918571637e-10,6.91561869180353e-07,2.0414697656769105e-08,0.009815599157504757,0.007209764004341822,9.801321759265853e-05,4.0595011778083765e-09,1.8095998067555164e-07,6.250131345844437e-06
1.3561343120582193e-06,0.00013113409649257287,8.113999003931387e-05,0.1650549034628364,0.2761847312009275,0.007750761252113102,3.973992101227104e-09,0.00014958702411319212,0.0007356121076032441
0.00030191803088862947,0.015397955506855698,0.0035176552748258936,0.7580971825222678,0.9431514495219209,0.12417969878486299,3.7966791949078316e-08,0.011345325691298326,0.019805578527938305
0.021428373368469568,0.15598406108325552,0.05282024722867547,0.45610150564634855,0.5232221194936195,0.732632560674876,0.00018242954202181161,0.1335525933180051,0.2230669250931315
0.16748946304891008,0.5839478830744766,0.36262782800467297,0.11842270092186412,0.44186071158429485,0.9635745636679891,0.003944118876959581,0.4784485580938518,0.6709352433117685
0.45072749835948545,0.9842367184248424,0.6237621960468704,0.08221608094910972,0.2505478391430899,0.5854295658723362,0.022165884494359963,0.9550706219106677,0.8182370964167032
0.6772413568829262,0.6592761806607108,0.9397130365641202,0.10054285990555432,0.17783893130170364,0.36537502773782915,0.05491819037245193,0.5217472491899202,0.5753228346298553
0.9298110020054771,0.30208741190718436,0.5793155713324059,0.25815996405458996,0.19296352629135693,0.17778087564315917,0.10251561864082571,0.12381027570753973,0.5985935222381495
0.45894912043273584,0.09803979395084551,0.2560211964615342,0.5983815503419215,0.4285500730527766,0.04268445972668702,0.12527718246685762,0.006452537409558196,0.5823254115662444
0.05355505131551024,0.010832856081799697,0.08899552970042644,0.9169822262685714,0.9557679043047755,0.018348276628720246,0.16332239904941598,1.303801799245429e-06,0.2718555923851031
0.003629688258091053,0.00328454041617791,0.1382016272798853,0.5789238507728469,0.3386871085787607,0.033425943870116985,0.07576694910808249,6.0892008364863577e-05,0.33540553448946686
0.004877485118240987,0.002622265639749526,0.25389463306576615,0.3201063397344513,0.03772710427030452,0.08884918699321923,0.060061056786613394,0.0046420542307146016,0.5900171577661358
0.018046163451076232,0.001143582802244165,0.5628395905341936,0.09578965173878787,0.001326490024141277,0.2503651062140734,0.36620916152142613,0.0702560840763083,0.8670057481169314
0.031211503642494687,8.781529535425121e-05,0.6165851203778419,0.009976007731952846,0.00015126776011976597,0.9547634776868662,0.5150572852657465,0.5769135371248838,0.7029658949352363
0.030473991817341114,1.2282559816813923e-06,0.0761204969574777,0.0008380407782350769,4.08293505060066e-05,0.7781207137261933,0.8323930749032088,0.9596547726264479,0.6733180894696242
0.007606636691440312,3.647527422350269e-05,0.1263771715966648,0.0019048341453652832,0.00018726105834017604,0.40090755719946936,0.6488859656428436,0.983039624881648,0.9257203471290123
0.0016063777785054493,7.906128932405893e-06,0.35120220541306735,0.0277079085822297,0.00206683699225944,0.09901928500160301,0.18582200435514473,0.9569521806756335,0.488922027080689
0.0008072367692105655,2.0590993350006566e-06,0.9915361438206569,0.3826619851052201,0.03758988266446459,0.046929207555601475,0.04321748906833224,0.9335976176918434,0.07124884434301285
0.0014438188122027223,1.7554144734877262e-07,0.6961575509610517,0.7564150683098139,0.28685339717833785,0.06685751665446027,0.006631334584004781,0.8353535332321996,0.005217445452581751
0.002211362845178311,2.4873403144081537e-05,0.5144010859121673,0.16202575176867132,0.9918052951836516,0.01938898571408644,0.0009656673811296646,0.7018816789353812,0.00043452112201656715
0.000674336763210332,0.0005389919721601869,0.2182534988798006,0.015697261985524395,0.2544767123297704,0.0060770873293741375,3.0663995756831416e-06,0.8320288341736222,3.285034754752662e-06
0.00011247556609885526,0.003938582859166063,0.080114620945152,0.017087392592629383,0.028232735870789907,0.0003161977293123296,3.931471278190775e-09,0.1303042037758891,6.96896715199263e-08
9.252168412499111e-06,0.016246116632521228,0.016890685748973483,0.006873475032670305,0.0004914560674343812,5.1342347259422034e-06,2.0432727627344366e-09,0.011184353760115342,8.543824625344411e-09
1.501919958186809e-06,0.009013631890680216,0.0007030669113837701,0.0016220870025672953,1.616139712026575e-05,4.363009001736439e-09,5.707183741656032e-08,0.0001542109481209636,1.5272345724293876e-08
2.5467612571796383e-08,0.0027674307288272416,5.8827316260926194e-06,0.0003283009321230564,3.6346207779900397e-07,8.872931031744297e-10,3.92878771380598e-07,8.23834032142945e-05,6.486870668152953e-07
1.4037846388416918e-10,0.0006614352123348622,9.904715046403991e-06,0.00036653065624068533,2.53067234181683e-06,1.1401618440017005e-07,3.474628831321694e-06,0.00012928615519443515,4.146102549569598e-05
6.821092896721066e-10,0.00044652437162107425,0.00021288042895736305,0.0018880564133469224,3.0225829152464972e-05,2.843790067671549e-06,1.0191070248639865e-05,0.0002835269168638615,0.0006621882400671283
1.2731989778934762e-08,0.00012104111639319369,0.002235843854172237,0.007293544683662114,0.0004500687937207966,5.677330862093279e-05,2.90906937604189e-05,0.0007189551994615911,0.0037990984161731084
2.696878574617709e-06,6.362794229182669e-05,0.0009974809212458906,0.0065629673003165055,0.0028635055869695013,0.0002297471178097414,0.0002913783361392167,0.00015471954602236114,0.004497161799436706
6.417586028766818e-05,0.00028680080572650784,0.00023397658252833197,0.0016438470451259166,0.01060444420232923,0.0012649231095239665,0.0015129062279835598,1.9118269109483082e-05,0.004005079075200052
0.0004672802070766016,0.0003558956912198314,5.925565914722722e-06,3.831056558498208e-06,0.017673228740365015,0.004475734525945061,0.0021505755040449512,4.931405400771175e-07,0.0009670897905038948
0.002246278893345818,0.0003421515544548929,4.49131532099604e-05,4.330158712291696e-05,0.030883075069929513,0.012017842250806649,0.002368888933384572,5.423226605221697e-06,0.002323972376583297
0.0077057440923434094,0.00038154232846630685,0.00016862736244730562,0.0005090171725574747,0.025436446613098688,0.02486591100513849,0.00475662577513689,7.243535982388006e-05,0.004612864121270819
0.023196806349281406,0.0018985588587312045,0.0007670950698138206,0.0024426898193104646,0.04318821851111166,0.024198561082690036,0.015295969640400232,0.0002826144001392982,0.009390800430195028
0.04653222181130609,0.004293268511585873,0.0038635923675332203,0.007840425847574158,0.002202374740706095,0.010994376247551493,0.036805325166750134,0.0019377889518836352,0.02961413571692055
0.0590644897608789,0.004559058006371316,0.04005187846365202,0.026673399021349832,0.008030094182827805,0.017017425265542323,0.08898250958168934,0.025876087672799808,0.06041231025791295
0.10691246601602533,0.010920635647043521,0.125046064435203,0.04976729845493756,0.5047466691632878,0.03338988300563947,0.1847032036385541,0.10513365731445284,0.08833609652597293
0.770917657632081,0.006232741981749015,0.38281560534509973,0.07606574990264212,0.5746991124585588,0.08406062671451704,0.8029300213262281,0.359455606979887,0.14911090060438414
0.24302452959724546,0.021244993635421136,0.7310727841922446,0.9897429341575736,0.22793351213391735,0.13966489773124774,0.2482277709332772,0.6843790676076635,0.5462934622963378
0.08818225287018915,0.9013681507209055,0.14005312684969917,0.2735650646315053,0.11180121286729885,0.4556534858385035,0.11076610247406506,0.14511235443393578,0.3529309757263632
0.0824144926607215,0.2868730574006563,0.014938509638159077,0.08342957773034525,0.047549687752737,0.1529579840568564,0.1027552647085699,0.029817115146174047,0.09114711678102577
0.05346754288569818,0.09281896578942479,0.003696125748566892,0.03474145730604572,0.018143548531782804,0.06524308631046288,0.05340495742796938,0.009701078195490882,0.04693766103902083
0.022570943145763727,0.031285649683570865,0.0006247941297743049,0.011347387817955395,0.004772697107816864,0.06524308631046287,0.02000826508275432,0.0024869612690719416,0.019252472547699576
0.006926067863474347,0.023528721293922594,5.3918477011666245e-05,0.0029136472196106817,0.0016092922924602754,0.02617132313304549,0.005987996509928315,0.0011485520947213104,0.0061276338261275955
0.00171406520654107,0.016154582925750192,9.777260990255079e-07,0.0005121178907155507,0.00026228036855303124,0.024700374474658796,0.0012379899533313573,0.00013350435733844353,0.001595334584558025
0.00023704232979654947,0.005847347851644683,1.2189790435713487e-07,3.7845888040517716e-05,2.050221784651163e-05,0.011486744495960077,0.00014241033573790158,3.93802776391242e-05,0.00028207791791404327
1.6797291227487752e-05,0.001226374882645567,5.949438193170202e-09,2.2808376846423595e-06,3.974375502334568e-06,0.003577337425362777,7.568500283240661e-06,3.5981489835295995e-06,2.0520347635503297e-05
9.297379137074359e-06,0.00022486167511909987,2.808107791540505e-07,2.279306351533346e-06,1.2315467890233356e-05,0.0007591007974761877,9.746728808004824e-07,6.606512130842062e-06,1.1382529717400514e-06
7.408634105792331e-06,2.088317148860645e-05,5.1331441226637455e-05,0.00016297016184031984,0.00028739964732224304,7.400156620731978e-05,5.962427198605784e-07,0.0002216612925672815,1.886575985005214e-08
9.91209936691844e-06,1.1564903886064271e-05,0.0034757396437185466,0.011000247511902895,0.011002443859084662,0.00013662042034060271,2.2074766147807638e-06,0.017322914629874016,1.7987477581195535e-07
0.0005283219053881448,1.749997585891192e-05,0.08269547891207175,0.12950369193335565,0.18147862573235646,0.0002493893284754863,0.0010962920821794128,0.2531570179610098,1.557769783566159e-05
0.024876035903791796,3.054767310719308e-05,0.4859146062111842,0.5688493774565323,0.943428940406011,0.0005443878313840184,0.049248386951162446,0.9950629324849871,0.0009669776603792689
0.24164466581361962,0.00013425752960386192,0.6937827965054002,0.7985878564899759,0.30550090877099895,4.331943770752626e-05,0.33870172640178164,0.47780558318278377,0.019557919575238978
0.7587500078605295,0.0054483291767599765,0.20560010010722868,0.22164958300125762,0.14869479899174515,4.08706282261275e-05,0.8282935637312498,0.3742093514155844,0.16288542270693596
0.4130499895524419,0.15174716736849864,0.008553989626610097,0.015241670953967666,0.027437985281071543,0.006727429093385624,0.47769531339483606,0.08229397050499385,0.7827758144125347
0.04307681392608236,0.8210546471630293,0.00011188602327533554,0.00011688303599751996,0.0018700014726712613,0.14096788867972046,0.0911170014513507,0.0048272019890041535,0.3836222739077755
0.0029140154770872445,0.515652200600218,4.355154448208677e-07,2.056517007598476e-06,0.00022539935097460343,0.7258774428589436,0.011700637436521517,0.00010156743036841922,0.07581687832077175
0.0015050597488827666,0.30119046456247894,3.2990279930740356e-06,2.056517007598476e-06,0.00032369237551257654,0.9731645321954416,0.0028470398263126745,9.563983835325044e-05,0.017853583213907877
0.0008990137490581575,0.1328102598380767,5.872810731483779e-05,3.9259663657857874e-05,0.0012358394469238736,0.49902786586465864,0.0011113263518442672,0.00048027245821485816,0.0014493105504845138
0.0006359619079316788,0.08329383598533616,0.00053226455989296,0.0005048112360651567,0.004966526255381009,0.3278300953258182,0.0007889105698576334,0.0026475108172776774,0.0007952682517337152
0.00271153095104201,0.06140835683357256,0.0023835019097661857,0.003045416261554471,0.014986839249088158,0.2814179688867355,0.003521104447120861,0.008974660746265925,0.001813879264467108
0.029878660338514197,0.06696482072991504,0.03174940557847762,0.011867175113034745,0.04211720027172017,0.4995711181123783,0.011440594716416402,0.0721456011173942,0.015383060319969484
0.259235975758187,0.12514296313091045,0.3568299753031293,0.04167615602149624,0.26241882001120953,0.7383020583853448,0.05348604600129446,0.4571667259184439,0.13895455384852057
0.966612071008035,0.3875666517677553,0.7519115395995514,0.2933141881117544,0.8573171326267071,0.328095314998041,0.21591208627199682,0.989596408466946,0.8055206524067177
0.26389735657120117,0.8315931485707517,0.17391507976402026,0.801463638705429,0.22201548093014115,0.08902377642271389,0.4481407068578185,0.3226065169931712,0.30730717874944397
0.021647498870643867,0.2919141212639411,0.027946746028124927,0.11396010983721908,0.03678713037332862,0.03141549269110563,0.6319262347713058,0.036750989541063615,0.018843089384365172
0.0019552078729628925,0.004672414336117887,0.004990445692116328,0.019886055266120525,0.012092590388502576,0.016727035788155063,0.40968693394727695,0.0028736616830632626,0.00171724419396973
0.0006845393496466102,0.006122649354640096,0.0009643297128948897,0.006480398611065407,0.00326136219735256,0.016873539644651242,0.16275171986562406,0.0004977992611198989,0.00046127530576761536
0.00023557612393829995,0.008863610951318967,8.493449477865291e-05,0.0014048994604427504,0.0006352039703682623,0.017574261352605553,0.0637109065810515,3.709900186573443e-05,8.633677688362703e-05
3.6075081360775284e-05,0.006074975046095476,1.1156849172489824e-06,0.00017466013407261622,5.0505405749273114e-05,0.009998859518602968,0.027279348741120993,7.003722836722221e-07,1.3927868117209455e-05
2.665693603417092e-06,0.0031792699862940397,1.898969395345703e-10,7.318983489745918e-06,4.8390599662891125e-06,0.0038346273084735815,0.012714137173587561,5.577701892536005e-11,7.475792471815508e-07
0.00010092180273864834,0.013791411402588636,7.485945118070784e-08,1.883339425336668e-08,0.00012614069429218617,0.00313181112981857,0.0011598555757351928,9.779812097178198e-09,3.319257118397929e-06
0.002462661594820047,0.05684144672708742,2.1801242125084237e-05,1.2214990891517357e-13,0.0027383204277465927,0.049338695750924054,6.081040093074836e-06,2.0385365028678332e-06,0.00011041339275473745
0.04646431866598801,0.20151444116845807,0.0035780802975127466,8.136852568560842e-08,0.08607712620606826,0.2703543977463499,1.3003794187893905e-10,0.000819982260787848,0.010548822728911122
0.2857116816873155,0.1443550248528892,0.0607876464230403,0.00016002034483312617,0.5050605519823755,0.7936246771841544,7.460188287758118e-09,0.023511529860458045,0.131286990429925
0.8609337973644718,0.5162470298884656,0.20615084696863975,0.005602356239890963,0.9584458198391638,0.7789151198616784,1.97080949169092e-05,0.16682264052726806,0.492948203883644
0.6330831213026722,0.8510509171422463,0.41129675086940787,0.03371328707525798,0.9513738063712822,0.5358980763403184,0.0040667941948846825,0.3595748273767212,0.7195659782948456
0.49345362244801483,0.5321916245470396,0.6686622118149884,0.05866679723863024,0.5620372286925348,0.43433844838042335,0.08329470375079022,0.5906953807785102,0.8098515267572265
0.3610625148020803,0.10499491700133377,0.9950928062637422,0.15788721166442643,0.13284922077211087,0.27437529726470583,0.34560592550224134,0.9906407228783589,0.2939496516224339
0.15127275735633028,0.008617498422599566,0.4787259681869499,0.3817229070640321,0.0065177030657060375,0.3154913247517334,0.7356998760702307,0.4678406411724143,0.12367262931262435
0.04717563368416297,0.001364799799167163,0.20127496611263113,0.9357849129949761,0.0016726588315904825,0.622726850258352,0.8640594697444444,0.030825291414544792,0.05470171113505065
0.047743491989669026,0.0003874938489170034,0.3282916522449346,0.2758216200297496,0.010202046083877307,0.8046846886640984,0.3626454767503635,0.015711997447696614,0.023194580600642164
0.018216010322810026,2.145737922958795e-05,0.5372537450096577,0.002826710447207145,0.04395787738931517,0.6025917728770068,0.043332875155729096,0.00812900730757876,0.007167095383132518
0.004952445033042639,1.7502826852353426e-06,0.7702120304530208,0.0009682424103588358,0.2074427616543767,0.3824572310189659,0.0007085239500414574,0.013734545585241722,0.0031162239815393047
0.0012676766863692175,4.7586133913671696e-08,0.8152873241297766,0.0012326135225851954,0.4182953955497698,0.2079955186151429,0.002520189130889952,0.01321849797768022,0.0011641568168802951
0.0003281166095179208,5.931850521674335e-06,0.5972689418275567,0.0011675196541193033,0.3885601541436601,0.039915059034626256,0.03832164658750044,0.013941840541382733,0.0003290689951402972
4.6729359114912306e-05,6.855741938711205e-05,0.3401721232087922,0.0008244172111947272,0.15969075768754773,0.0014005644789982451,0.3690206383915813,0.003654308665207411,8.118852601395266e-06
4.676595478160613e-07,0.00021471222805701605,0.06795203495545518,3.691775453798309e-05,0.07594295202369614,0.0001665645141029926,0.8586120912241885,0.00017819694358467113,2.0132618761928976e-08
1.266796619955349e-09,0.00020892598653846276,0.006143064115354726,1.606836127105838e-06,0.03644195030710011,1.1012770807530964e-06,0.30263708913723103,1.1148663319022435e-06,9.916927696972673e-15
8.64663357246711e-09,0.00018535253318104975,0.000819972596133459,2.8098098549472135e-08,0.02847283251425618,3.9333399725077756e-08,0.11157793559948145,4.315336398919441e-08,3.005923915599577e-07
2.6653257920150075e-07,0.0005261217249699279,8.148791960087342e-05,2.8956316838791825e-09,0.010508741538560119,1.8544007226624576e-09,0.047503677558681213,1.4468527764824967e-07,3.0312953241345956e-05
2.0213324200018308e-06,0.0012049491900336699,3.3324615589168475e-06,2.946430091843633e-09,0.0005407616606075724,1.2882415987803966e-07,0.014495474077645048,3.032662686017763e-07,0.00046445107930698925
8.850149092584947e-06,0.0019025901590860497,9.272109107263438e-08,3.755558205765052e-09,1.3576285080828166e-05,4.140809154170757e-06,0.002807274460185403,9.459967947426751e-08,0.0014936109934599545
4.078993500787452e-05,0.0024932779531960715,8.714621228312363e-08,9.837882827721233e-08,4.196069893142123e-09,2.3410901031498735e-05,0.0005753324627553577,5.345902524933185e-07,0.004422248267530076
0.00019033102427943842,0.005339488850489073,4.48675226994795e-06,5.939656723576586e-06,5.317124934815632e-07,5.933597472809737e-05,0.002130962736292235,3.2754272233334093e-06,0.01163231410821463
0.0009220400482641692,0.007375886626732668,7.204601769913897e-05,8.413335936140592e-05,2.2737660657409922e-05,0.00046343314579368194,0.003373740513566546,4.7451378572757896e-05,0.01798618086041878
0.0027759625595243143,0.0015310596032346816,0.0004024469022281833,0.00044825674145464243,0.0001706456639912035,0.0013375643415240541,0.002385845407010923,0.0005308666419073269,0.0345144933865541
0.004314260104234571,0.00010753390810320063,0.0013785182828116986,0.0009707480940736904,0.0005480275902143859,0.006215556934974136,2.8704092861640213e-05,0.0019595986959859294,0.0509249141518156
0.003162037189370088,1.3235955774870192e-05,0.002923030632207249,0.00211735878126131,0.0020145828903419564,0.016607373013024694,4.616512099435999e-07,0.003124531341797549,0.0003752968836021308
0.007135097137330856,1.9411752869684466e-05,0.008047129855678462,0.004322510056246028,0.008462848200929551,0.03712870226337705,4.078971323262304e-05,0.007623447435487255,0.0008065150783974593
0.0723632774227829,0.0002507627328954601,0.03039032409140097,0.008784168859789448,0.026423693594723643,0.029554307059973046,0.000941498390739179,0.026375472707933643,0.002381744250982252
0.39387254906067315,0.0017582285994444799,0.11079411136833231,0.018402751925227025,0.06926069658937196,0.06521250758103038,0.007785880665363293,0.07884650501073706,0.006523260881711885
0.3552882730436705,0.006876470738124765,0.780098308169591,0.8711135784966267,0.6651121144394202,0.8118149303144677,0.768215874520243,0.5918988607832945,0.06882401800024511
0.13977488253219905,0.6931278609465275,0.18086056251181928,0.26329034350581176,0.25810946030543824,0.2447537260238795,0.3454514931139411,0.3251299415007679,0.4281871475319582
0.06292578193056664,0.5464323587503848,0.07243839388010692,0.09898521480121594,0.10402440256405134,0.11011481959364817,0.1396957474866844,0.08269990235992375,0.4074592708639453
0.02414120858920152,0.20543795870537693,0.025831434724443443,0.03490909215679014,0.037474235156281746,0.05887898528443644,0.05014821996363143,0.030780609113112423,0.12254681564957129
0.007386373625522482,0.07320549944527635,0.007219593756790796,0.009901668859775567,0.012342611272347969,0.025669767884374365,0.01719142402841971,0.015109759765202188,0.06287447299854766
0.001985434242509038,0.02485901624062606,0.0014940276718617615,0.0020822628500243513,0.0036622845531453043,0.009331037119485564,0.004280469470492637,0.00460633204752359,0.025752167583848084
0.0003252265366154376,0.007482644457194776,0.00018355975306186007,0.0003283912961285122,0.001239853035428266,0.002243995458992371,0.0008320040470817681,0.0009362695468428777,0.00792730507622362
2.4530860309826824e-05,0.0016056426877051498,1.315215255204044e-05,8.174390185936397e-05,0.00019447809217583076,0.0003872738588629164,0.0003162265024673726,0.0001100081958300981,0.0018297072335030128
1.1577495261781442e-06,0.00020676673494408754,2.570022379859309e-06,6.8810672530320405e-06,8.529853651651504e-06,4.795845592715988e-05,7.66066830650343e-05,4.468143979446592e-06,0.000257607527268249
3.965860369942298e-09,9.64408727649674e-06,4.236453136521231e-08,1.6672756539890698e-07,5.283528526116189e-08,2.1464169259815907e-06,4.455626408978495e-06,9.742720134079952e-09,1.461345124910584e-05
4.431618012355651e-09,3.2565694610304785e-08,5.150829630760564e-07,3.455808880840479e-05,9.489377793153332e-07,3.7329591292829743e-07,1.7361182694989895e-06,1.7549096392824966e-11,2.759611476258992e-07
5.612524888514522e-06,1.6049664002454147e-09,4.49779319028808e-05,0.007418117118578313,0.0001382775408921676,3.91727614442739e-08,3.951833039305093e-05,9.826342690712194e-09,4.5051956772564313e-11
0.0011549330296869676,6.797318975571883e-08,0.002271390414310894,0.097003110065274,0.0029347775737005814,3.3600151421332274e-06,0.0013199535911980064,3.3030259615532433e-07,2.274823227508152e-10
0.021981126613364294,5.0863810902346755e-06,0.028132984093127165,0.5193123979937337,0.016931153652814276,0.00041084776301725343,0.02631265102524418,3.1621805644521433e-05,3.4426230910334645e-08
0.06781590170227333,0.0006664828373902017,0.14853786642452618,0.8281362812900865,0.01807799189364438,0.004306117126433039,0.21799848732818866,0.002222792898426148,2.9860539287871482e-05
0.08716328086335254,0.018000293159996378,0.44991314484202316,0.2645583956614921,0.022566961124303567,0.01722211508762178,0.8519154173955137,0.020362380153419093,0.002374086171471861
0.18036062033803674,0.15902677303832216,0.9449664055804898,0.04764619670825891,0.03877157208095426,0.03423337006728445,0.5552939786983077,0.10304187527788727,0.0606375101913099
0.49803230875968574,0.5771554994110059,0.6157079461538884,0.015745112538775724,0.09248995453956584,0.07131809783218748,0.387933565694521,0.28166350726303935,0.24942852958371375
0.8640315251370415,0.7680765530467479,0.4691308626928897,0.0020470779504407357,0.3396721082269031,0.09526916175921882,0.21827067051657206,0.6334530531857863,0.6770303804421287
0.3395214555385321,0.17681424583792865,0.15212246012588543,9.628739981884107e-05,0.9831434280712239,0.1522638614179262,0.06376490505541492,0.4544811837770403,0.7668818446479566
0.11773060547616009,0.004319421904243289,0.08948152970660544,0.0002477233246904255,0.5733699183521467,0.28193444074118645,0.013178044518368449,0.03406985172046723,0.2350258272715108
0.05996961854925192,2.2640116935625815e-05,0.03969247352867366,0.0027369603077476734,0.17589756380813568,0.5083884711302578,0.005231853641784331,0.0046447623221815395,0.01914234108708957
0.03130202097095136,6.0273747136163596e-05,0.029134376948149236,0.006660437115714466,0.0369805113307351,0.7920861799213348,0.00275284184915901,0.00020444058059830133,0.0012676982354259947
0.008415497292244757,0.000664777291196699,0.014430513794403136,0.007925499979521425,0.003638217286362354,0.5153303462464272,0.002145306141819593,0.00011726304722671541,1.0856709143221428e-05
0.00013398166539152717,0.0014624762814608807,0.0012997401615680293,0.005824678479775548,5.1413814862781916e-05,0.08648421982212132,0.0007414935452645614,1.4783446437425157e-07,2.1994382029257217e-08
9.730413919105627e-08,0.001613613998361268,0.00022418227869272628,0.022576441458140778,7.957101074081798e-06,0.007383557996518157,0.0009680391729066221,1.971084289831993e-07,7.875980356065044e-08
2.510731529496486e-09,0.0026058260059199636,0.0002535188140596276,0.263366139898446,2.687634396636115e-05,0.0006740951385407346,0.00119535322027983,7.271927141084996e-07,0.00011211310551015982
1.6339529827665687e-06,0.013009974557072503,0.0007430949988469527,0.8698727837738129,0.00010904186153414142,0.0008586298905119947,0.0030303337560389503,2.5867726084806105e-05,0.0015815729396025044
7.228131624509482e-05,0.022644931191827797,0.0003347733870523931,0.8106859179195482,0.0007215517942886688,0.0005865060015962205,0.007473303008732029,6.624434087812123e-05,0.010433985311253764
0.00036786947273897286,0.021980649499965955,0.0006214703795029687,0.8568812685837931,0.003348733075382871,0.0008612708503554,0.008045645482925532,0.00021399039106838967,0.024614435633735565
0.000943273477665206,0.008530853659068619,0.003477885877616515,0.9295419560787437,0.01002509176798068,0.0014366166279659092,0.003784008306485525,0.00024002037396543189,0.03982413988150402
0.0010964496786317439,0.0011627806525123683,0.010962162050092001,0.6346507030047812,0.027468564899144735,0.0025438472283717205,0.000555181497541653,0.00015712563485680703,0.03966521756795741
0.0013955975943423916,4.8423252641739296e-05,0.010665629746531971,0.5246364688843614,0.03851215999799794,0.003260674079005723,1.7401890508795693e-05,2.7303061743213084e-05,0.024931934276137366
0.0017009727703619277,3.7543207774498906e-06,0.003424727454935908,0.3366403750096355,0.03948333946552707,0.005442326536126384,1.2235586795339238e-06,1.0762774603338474e-05,0.007957811024373354
0.0005640612896031664,2.3677494309719468e-06,0.0003223538901808169,0.17348993675963106,0.0025349273357131055,0.004046743124425109,9.222452604344835e-06,9.218811049876932e-07,0.000759436739672085
3.9544346710461406e-05,1.6938072459552497e-07,4.701308271669841e-05,0.0182762708353317,1.5784987167186287e-06,0.0002308487079075569,9.38004787922962e-05,9.461526437600684e-07,4.581095523705242e-05
5.261783024176466e-06,4.386552419043392e-07,0.0015566280873355904,0.00040497042278925586,3.445743670772369e-05,5.300652535089089e-06,0.0008155706046219379,7.578166381171916e-06,0.00010485664999660239
6.126811188424556e-06,6.07606881595624e-07,0.010626453429858554,1.8906977457965102e-07,0.00014734186686042472,0.00040201505263976573,0.002404120594929311,9.635741967906804e-05,0.0004528240060437288
0.00027277874449738155,1.3624927417621748e-06,0.025422049558630092,5.427154232506162e-07,0.0006322937857481675,0.001005079635211912,0.005628369858794242,8.179877654586872e-05,0.0002313338969644461
0.0007080915919300136,5.918502334784529e-05,0.029833642632754794,4.0307564725627845e-05,0.00115549698427378,0.0008039253926490532,0.01854735408108895,5.139835324370887e-05,0.00023722234679793272
0.000530311513517658,0.0004167285328918813,0.007300360505838768,5.233010989116236e-05,0.0008660941551084911,0.00042241013696797116,0.051632030584623484,1.2226032082764423e-05,0.00017050770442731845
0.00010379922134674517,0.0003204518758149108,0.0009999609229195128,3.747404744544646e-05,0.00016827824208776013,9.894138440301692e-05,0.1043247491057724,3.088335478563108e-07,5.3610688882139866e-05
1.8285410362289006e-06,5.3080685017763054e-05,0.00011037739040595542,3.512029675217967e-05,2.6459438413664098e-05,0.0005434511253976292,0.1659158476855414,6.34159974412898e-06,0.00015716962871086256
1.8911952303751758e-05,2.3317261674456592e-05,5.834337044527004e-05,5.795651078842332e-05,2.1380951798745168e-05,0.002763039186598403,0.05070860600811107,7.158722994038964e-05,0.0004755069935114581
9.375522567204863e-05,1.4519535858618516e-05,0.00011498454113519053,0.00048819253435916676,4.1510344039924385e-05,0.009134883081760255,0.0535230204226725,0.00046982846159427386,0.001445498830765258
0.0005136176038463511,2.6904161112109336e-05,0.0005005069532202369,0.0010157985815215957,4.2456384346070346e-05,0.012556424342440928,0.010000735485165616,0.0024954291745295054,0.001511533452369303
0.0028375923470868973,0.0002286768439630808,0.0013322382491421528,0.0023079711044359723,0.00046093174546594113,0.02770409141872576,0.02939029157227455,0.009980139783663335,0.005791009746122392
0.010540183611161403,0.0011343811723593478,0.002929513985109442,0.0036295569143087324,0.00281205297755958,0.027616110033803345,0.02939029157227469,0.02496793433041358,0.013891326177213456
0.01590030098522465,0.003596004268430242,0.007756879511267266,0.013605911705301446,0.009362781757330253,0.06462173517257958,0.029390291572273866,0.06550899300840295,0.04012944747102178
0.040904780054013025,0.009929083078923961,0.02167646372319505,0.02478794997151444,0.026885084154928587,0.14825657841018725,0.028338068023351204,0.15083141095913724,0.09825118637640445
0.0998480954552241,0.023810407717378912,0.05702118723483308,0.06438299213806778,0.06982046544997549,0.3242774310636698,0.027111061650346557,0.3299723193099965,0.21617683734792398
0.21833311107037237,0.06154428032181246,0.11628669572283,0.1402419641362846,0.13750980629378493,0.17815796533955972,0.061386586859757786,0.09195125092285811,0.21212905614688635
0.05435982288456806,0.1280374341014452,0.14680355633490955,0.2829179568798068,0.22728547138395988,0.17815796533955244,0.14268917522953137,0.09195125092281542,0.09233793048237257
0.11856307718358634,0.25265713037488097,0.1910836811525638,0.3305649312781844,0.3305649312781842,0.1781579653395526,0.31185466643572385,0.09195125092281542,0.19624300766447642
0.19970445208995072,0.3305649312781843,0.26431159501107143,0.228852512771285,0.228852512771285,0.17815796533955683,0.06990211826276962,0.09195125092284098,0.2518259603564631
0.2000704226945094,0.3305649312781842,0.2643545718370416,0.3305649312781842,0.3305649312781842,0.21306626571497714,0.06990211826276771,0.0919512509228389,0.07793873666623091
0.03636686214053939,0.3305649312781842,0.037066233701179487,0.3305649312781842,0.3305649312781842,0.33056493127818554,0.06990211826276771,0.0919512509228389,0.07793873666623091
0.05832771249146077,0.3305649312781842,0.07793873666623204,0.3305649312781842,0.3305649312781842,0.3305649312781842,0.06990211826276771,0.1659488402303582,0.07793873666623091
0.09471564951202924,0.3305649312781842,0.15300410166573408,0.3305649312781842,0.3305649312781842,0.3305649312781842,0.06990211826276771,0.33056493127818654,0.15300410166573353
0.4153849802682481,0.3305649312781842,0.8443961222048602,0.3305649312781842,0.3305649312781842,0.3305649312781842,0.16059708092657946,0.3305649312781832,0.3305649312781843
0.3298585423466619,,0.2833270274307713,,,,0.33654229131266666,0.25701347091048693,0.3305649312781843
0.14980919420621416,,0.14657955998639938,,,,0.15111561879664917,0.12103728887503544,0.1509505726219406
0.08193152437634159,0.3305649312781843,0.08554077685239894,0.3305649312781843,0.3305649312781843,0.3305649312781843,0.06618978463631124,0.27236267247210405,0.06517503459102836
0.03365090504731376,0.5587410697841182,0.039769372468796964,0.15100646359084802,0.5587410697841182,0.5587410697841182,0.0482703651108844,0.12480978176095711,0.02477266629870561
0.011335701100177788,0.33056493127818487,0.2732552515194262,0.32766352595363446,0.3305649312781844,0.3334178633188096,0.048270365110884686,0.21584779306388407,0.024577337922986796
0.004248484480178349,0.27798113093251875,0.18543217712143825,0.18578725266618212,0.20764414184608498,0.7201581904052676,0.04827036511088354,0.1643675651442475,0.0630727057949894
0.004248484480178385,0.16797471042541282,0.15787986804584342,0.08749508886594629,0.09692527120953154,0.6746383696479232,0.06666732126864357,0.09281426358611725,0.1571064779677843
0.004248484480178345,0.09711807422188068,0.09473722729960721,0.042447777433951846,0.05745683780679934,0.330564931278185,0.2735423638810781,0.04451891053438698,0.08529217828193718
0.004248484480178466,0.048016165057166264,0.04137215037244498,0.015189421904249056,0.022069200973196056,0.1511343216210672,0.1256525680453449,0.017888598071928843,0.04779405036741855
0.0042990424420987555,0.021972086152564314,0.01824728472144206,0.004177676971881681,0.0067243242412372084,0.06942822180989879,0.0697927972632987,0.005328336984533156,0.024803430547041882
0.031786213550755345,0.007217238992980114,0.00558238674771099,0.0009594987469286311,0.0024635563103430616,0.05795618900754045,0.035537868051497834,0.0010970962974037963,0.010507351030508061
0.13051749037021274,0.0016876967102247493,0.0012186807906706602,0.00010784567141266834,0.0011823687572898188,0.023917004171342196,0.014663390645504865,0.00013160230899610803,0.0031945757219195682
0.6476400564983729,0.000254592641558673,0.0001427275351957067,3.7385192489907713e-06,0.0005009113646564155,0.007997208741565369,0.004307928230450355,8.166011425660058e-06,0.0005735988592777844
0.6180483715050515,0.0001063123414753903,8.79826833145166e-06,3.4199048652461977e-09,0.00013208129754136612,0.007997208741565396,0.0008993108733682845,1.0737370385145654e-07,5.618472014464007e-05
0.20803854741592143,7.976063573264103e-06,2.1655836780158585e-07,1.3745631228868185e-10,5.614767818792721e-05,0.007997208741565422,9.230183683245408e-05,3.761524638618834e-09,2.0928042365478285e-06
0.004248484480178308,1.3292657286714982e-06,3.3513819312156658e-09,1.6977576584909184e-07,0.0005759518110569192,0.007997208741565445,3.3454782162297998e-06,1.0349809154840653e-06,1.3480486369510037e-08
0.004248484480178349,3.921169957079685e-06,7.524258241176143e-08,1.4836304855829921e-05,0.0038049687953247984,0.007997208741565422,2.2195763841508615e-08,0.0003214277313457794,8.789858278199957e-09
0.004248484480178284,0.00015630767192634465,4.4163759124117866e-05,0.0015383017554208886,0.12959374067855897,0.032774083674181026,4.774259331566377e-07,0.01935009806241015,1.7140980867521802e-07
0.004248484480178466,0.0076928679841936345,0.0019014395707271207,0.025386768663437222,0.5949922693081917,0.09146949364082314,7.413377768273704e-06,0.24375124104300605,2.626356047944014e-05
0.004283074292381476,0.11975586012126974,0.05093592745247155,0.07682112345555499,0.7774142633949119,0.27002641982761116,0.0010116035657075774,0.7818866694123223,0.0021874750906397296
0.012364811007405234,0.6131525318229216,0.32580066231888904,0.0907738160879433,0.7384284991133443,0.9125709492307663,0.04346492203975258,0.6805198346862634,0.05075960898761676
0.02950796624879887,0.565359818664718,0.9266745513762497,0.15004252552467984,0.8316437124192106,0.20742945871430166,0.42549007293472096,0.2564385702724835,0.431061379298759
0.07549686503875827,0.17529500561574993,0.24136623775827595,0.30532337593517367,0.8506404891912017,0.00799720874156538,0.7118207904070113,0.050426173941551695,0.7968705746888581
0.17027571388073368,0.11904594147104103,0.04874467242599905,0.9964398040080173,0.7490869565247875,0.007997208741565396,0.23093899465560636,0.0031370980113077833,0.24148716355871647
0.3305649312781901,0.020104591631914467,0.0034403056784876296,0.17259417372064548,0.3553791020703376,0.007997208741565455,0.02508564906812726,9.607456840693303e-05,0.03763660742627243
0.33056493127817377,0.001914169022165428,7.852560460932274e-05,0.03209074520131203,0.2884394017924753,0.007997208741565467,0.0009946962910971952,0.0004256674049383024,0.0025588990278064736
0.27015660873693303,0.00031168313673792945,1.678305598953001e-05,0.007026712580109139,0.20561060781958426,0.007997208741565433,1.0921700637857792e-05,0.0052734862905122895,0.00040301455662689257
0.14587375677150133,0.0002524065140232287,0.00014446972763037348,0.004469184572421673,0.7266505532912308,0.02172393945096431,6.241107725014112e-06,0.0879353125949981,0.0004031749412383713
0.06614755872654982,0.0014409834225547415,0.0014866855706189425,0.04284414939329102,0.6646585778262023,0.04498994834360929,7.928233988114577e-06,0.5804907483398223,0.0009746155866317403
0.027852218929711754,0.0015313030313947535,0.0023499897879667407,0.01415598786444798,0.40593770111609195,0.09321914299586223,4.041175566019179e-05,0.6446295647089673,0.0006897859057576618
0.020181124980938128,0.0020205511160381025,0.004582157723759063,0.001451782207226316,0.8508681602624594,0.23136201057854539,0.0001412846771448289,0.5400248598193849,0.00047369812686188833
0.013171461332991307,0.000914625621749355,0.009482412930226973,0.00015625721232801737,0.21537036155309527,0.5157941482328959,0.0001575242846189513,0.4760572381986067,0.0008894345432539923
0.009612006825883953,0.0018147547133853335,0.025974675481311344,0.00011498172195958454,0.04136151875520527,0.04213258360224686,0.00038835839518433816,0.5622631730184955,0.013640290300653071
0.0027654018485491552,0.003123757739233749,0.0697157142291708,0.0006887637585382477,0.013046344676887091,0.04213258360224683,0.005607948013600269,0.7058370036196766,0.09618475801167538
0.0005543860995840831,0.017179051092559232,0.14600154269353366,0.004522522568129935,0.059405046515800426,0.04213258360224936,0.03182888561309966,0.8611061359293491,0.2849927907242452
0.0005630758708822547,0.1011512731626378,0.10617053814726467,0.005426074205868993,0.05031494181526306,0.0421325836022493,0.12771578601973654,0.5460625797549075,0.260077203769789
0.015089965078856241,0.11207781657901424,0.04607914397870148,0.002094832210735435,0.030765300118339407,0.042132583602247614,0.15139816814886237,0.16889421654765654,0.11147582395052269
0.2969271954689757,0.05869469065305084,0.003504159977402714,0.0001336406287636315,0.0011406649869575144,0.7241715978257366,0.09694964571781682,0.008435114316687642,0.020755313966962712
0.9154876546723493,0.012599068818840346,2.0038497151901383e-05,1.7659551825667865e-06,4.092072711892965e-05,0.5339500838229468,0.02844116661863066,1.5030241804510595e-05,0.0014189199389118355
0.5340763925622307,0.0030049611144797503,3.8077481106432523e-06,1.0363018962783207e-06,3.0603731607835296e-06,0.18856542969310214,0.007335641425283047,4.3395675453189834e-05,0.003380287974240837
0.4356501663853255,0.0012099105641268726,6.342326418722726e-05,5.516995364731332e-05,1.920654172003452e-06,0.04213258360224709,0.008106065280172645,0.00026868061282880727,0.004116452058785663
0.3263444900957042,0.00012743065400054064,8.924605191342444e-05,6.651330523347259e-05,6.528294187389816e-07,0.042132583602246906,0.010091025902320827,0.0005437205997599377,0.004469387851518084
0.26099809417579733,0.0005320888395030622,9.53345672482154e-05,5.9263528882939666e-05,5.29401956912234e-05,0.04213258360224642,0.007900481476358375,0.00043783030945047024,0.0017988954912775575
0.06449333877195078,0.0019772847435829155,5.4709031866339903e-05,1.587852033961384e-05,0.00015545573783209648,0.042132583602246386,0.0011171836833496387,0.00018329480660881901,0.00036328381408690525
0.008002580890958105,0.005123230040616944,0.00022387271201877376,2.0177550755513173e-05,0.00014915814234071353,0.04213258360224805,0.00011137527802857908,7.868558443533668e-05,0.00040762911634367727
0.006100027144101417,0.0037251552525755503,0.0012841457007952343,0.00022938584378852486,0.0007549202833628509,0.04213258360224787,0.00012535365363719648,0.0005807299049640115,0.0022681547328295215
0.021296509615960343,0.007111168130872612,0.005152266091626232,0.001069185213571892,0.0038079585998972106,0.04213258360224702,0.0009701753842163663,0.003313013249742447,0.007953264909015434
0.05934862124871412,0.011498085935113918,0.011035426953482842,0.0017643977668412006,0.007977971812596808,0.07223839011305784,0.00331319411988978,0.008080859631446478,0.016472227309447002
0.022152896521108113,0.0055267959802634175,0.002829358782191434,0.0007314165633392036,0.006115194849249801,0.1510760335692303,0.005859376835366745,0.0016351920032712374,0.0048289962929082605
0.0015469646315662451,0.012809584782034195,0.00040595934268133747,0.0006410364409591417,0.002016606036353212,0.330564931278182,0.010720249758403902,0.007355395077383356,0.021953101118578577
0.0034785328925709784,0.03291680140190856,0.0027099327555442122,0.0026543014322131836,0.002518064187585179,0.8068679914681416,0.0713485274915788,0.0382443856072403,0.0970047966281575
0.009232404011529296,0.01642415901096188,0.010159733433226811,0.01219340272874083,0.00013805864110166138,0.8990470845090675,0.3243681209621442,0.18967682538879585,0.38562422874264546
0.018077325213360855,0.054546186342602075,0.02680828193867146,0.03988739799396634,0.0011779016808152515,0.3842926388798499,0.6420160315223242,0.5353341771329603,0.8610808259362918
0.052655558295513154,0.8939965838281492,0.3766025666565065,0.632191689337221,0.01824239485971347,0.3113918884400617,0.7595275629806901,0.5572802446724123,0.05240638656178831
0.16344844651927484,0.3909970757680037,0.8319453932808442,0.3287872427673658,0.9704821911164863,0.330564931278183,0.041388087028569255,0.017322473395088883,0.006406302050441515
0.27261757378277024,0.16482016952233075,0.2982823690228698,0.12201676202410039,0.31157347211594066,0.15101093619708958,0.017557300951431938,0.0037182679217080492,0.0010294243547226938
0.3194447523395671,0.05077562061996378,0.13840864074929937,0.040155010655785105,0.11994959601608705,0.0651988671194352,0.004242126867915799,0.0022797546259004852,7.599025031928011e-05
0.37961304154835807,0.013316247687708529,0.06105083208180893,0.012471471192045377,0.040575429621864834,0.06519886711943582,0.0006851787498916761,0.0022797546259004887,1.5438200126544855e-06
0.8012191593002174,0.002956839521696263,0.02629863662769339,0.0034012119255324613,0.013892530538928829,0.06519886711943511,0.009631222946198996,0.0023399029553351435,6.125741448083208e-06
