0.00021795238459148788,0.002033679151797176,0.00013247864207984462,3.9459626190764464e-06,0.35548603764032105,0.0004655231702024827,0.0032335509398175957,0.016071287582409263,0.40577151452572646
5.826079316776696e-05,0.00036976805001711195,9.451270927898634e-07,3.0674161967835783e-06,0.16803888158567581,0.0007474381674872849,0.0005932287618366596,0.012015055845322949,0.03410482966046448
8.359663245032082e-05,5.513056161591867e-05,7.032066708759508e-07,1.144722941851813e-08,0.010475049663688368,0.00012957293978932055,0.00011463751481153919,0.011058586374981291,0.0010713633008135818
1.5063192973017109e-05,2.016680164328912e-05,4.63467434728402e-06,2.7974322047131555e-10,3.997515543101782e-05,1.6912224654294262e-05,7.841505995466018e-06,0.010644697781623145,2.096660437835434e-06
7.392257410517325e-07,4.230732522715462e-05,3.02530451017096e-05,6.58689844935061e-08,1.2043095024770403e-06,2.512068083401762e-05,2.459171001055951e-05,0.020834898708781236,7.516895804341673e-10
3.3688126275184884e-06,0.00041798515282747366,0.0002994263027742803,8.538386668816046e-06,3.585038481504432e-05,0.00019480389107764883,9.390006685214873e-05,0.053940460750167334,2.098182004794576e-09
6.427992365914738e-05,0.0032806921178354102,0.0020294018267819056,0.00013245682954927463,0.00033333305155387575,0.0005876568556020713,8.736224404956606e-05,0.09285647654795452,5.522257195125933e-07
0.0003322504704878041,0.13740504948555965,0.0075856789544195505,0.0007458491570542729,0.002004438700211925,0.0009211730311808003,0.0001352066600799892,0.0434461842716955,3.886017930865037e-05
0.0029763904277819594,0.8444204280358608,0.02312741996918005,0.002713952229816111,0.007797713143986107,0.0034890411964459108,0.0007440427937035898,0.008100080071471857,0.0004505150903689785
0.017305756722548943,0.4911293976418547,0.052559241730460476,0.010671287369487352,0.015411036430376305,0.01438104046121196,0.0015582939129721524,0.026595837968359362,0.0026557314197462934
0.048770599857639665,0.34166567129651115,0.05370111464446781,0.030805004227747537,0.029000060670837526,0.038966406828838306,0.007828012979253169,0.06264315224419616,0.01055459083350292
0.10657413860463955,0.26194481218897075,0.07815403483719431,0.08154675742061182,0.07010120052989391,0.09601521245553485,0.026259772287995795,0.04682722120291119,0.02670483907838376
0.17522472316033721,0.19422477602528743,0.17632732667135217,0.1774826181603351,0.15791873551086483,0.2226421777993631,0.06690605371579002,0.10626388850121517,0.06596259065257272
0.34202473690780677,0.13446183366000317,0.4106512821885403,0.04994411896002474,0.28552724647436756,0.6656249515903729,0.10978874127227344,0.245762439341199,0.12664686670680558
0.27771104705267435,0.10788580046452878,0.8437327615757145,0.07041500939921301,0.42677011490698413,0.11068467534868559,0.2776899973669602,0.6020438589235464,0.19534593166519898
0.16955957262451857,0.09604537036303087,0.06344190650465774,0.17350535978694714,0.17138548647548807,0.007002399177998787,0.6903222196869545,0.416820721433489,0.23764307080887226
0.19048679109474417,0.12218805650498346,0.019857295733359037,0.20393303588894482,0.639042390977709,0.024921960749296968,0.9995868058971623,0.11590653771970803,0.7728656492226439
0.12172406154939526,0.8997366890710372,0.022293171814882492,0.44821216487381077,0.9381708388981692,0.05739523359235261,0.7691881955421944,0.2632437644335655,0.6195781527888254
0.07011275932519287,0.2006198753206902,0.18447131520686222,0.771337458939888,0.6391985739266072,0.418407839337434,0.3165169252364209,0.7147356378454037,0.17757176634797023
0.06884193794948407,0.06126951787030684,0.6955592816015888,0.679403129286758,0.4723062771151738,0.4805874284662146,0.7187452175582328,0.35273636546185205,0.035940850618762975
0.0782993815426968,0.0871537404138725,0.4020044683741263,0.9462650801683257,0.6740067873703286,0.43531104385369224,0.7310322169587243,0.730049793826999,0.012088679737192621
0.0516260519816467,0.13322941921071207,0.1484298739367467,0.6031908583248162,0.6163716193202817,0.22591736028582626,0.4872825396581014,0.8053509756105752,0.0026326280275651482
0.08777995022570287,0.16241409965725137,0.06228073865626427,0.34918314936412975,0.5752517989076678,0.10045875929468509,0.4546149967645343,0.8142435279096076,0.00038993801695800265
0.35420901958467266,0.1671596182983647,0.16453348132410725,0.0073488469560087175,0.20597915174858078,0.2668687085206243,0.18848580723609618,0.5946362391890749,2.253498500193456e-05
0.38554345168249937,0.20909179860477572,0.28266015219276935,0.10103699151563877,0.29745388148081936,0.1417014340290388,0.10484352215177993,0.24478879192666075,0.0009497906070061694
0.124028604691232,0.30970118709421596,0.16771498054386028,0.09612472967588101,0.18682862323760047,0.0772532488665997,0.08185390376398179,0.14115067172377213,0.0061552712228002395
0.06564336417774876,0.5408951486198537,0.09273572045669236,0.04919728261933831,0.08394083336880714,0.03121808703762778,0.03931946643883522,0.06742246609117689,0.008702939271451512
0.022651999138116566,0.655172873242942,0.0377936765244662,0.021366628961062704,0.03319772237406216,0.009535041927634862,0.012440829543435453,0.0276447384231847,0.006217177917242422
0.007788264261813354,0.01574451885801054,0.017772653085857376,0.008189144224240406,0.02814627133282289,0.0020677870733216627,0.003416142177787129,0.007587963652228584,0.017248339738490152
0.003796719745851155,0.0004127726554968257,0.015083493692783672,0.0019280508568467606,0.01334632622702069,0.0003135289373747083,0.0013936361316859958,0.0020764823176735807,0.029915686367331412
0.0009499338875380022,0.0004896850314613047,0.014515428517916094,0.00038893109640305207,0.003864372917464699,5.730415042966393e-05,0.0004609287701502996,0.0004611775994609774,0.016723679622175313
7.72531620882389e-05,0.000704908562224656,0.014083072242263756,3.710951196649452e-05,0.0007613429505260309,6.1403568298484616e-06,5.626162526772211e-05,0.0755463731945461,0.006541753123786117
3.83523390140445e-06,8.236729017096726e-05,0.01345764662172772,7.779364917609335e-07,0.00010967209047757578,1.5994181148202736e-07,9.429839387166161e-07,0.11070534384631753,0.001508308370691934
1.2400791905428934e-06,1.0002223196920572e-06,0.013983451623558841,4.823104920918063e-10,4.857066290764968e-05,4.213742083141762e-05,9.25801959890665e-09,0.07839022157485825,0.0003872469501794714
8.999305332370249e-07,6.668847153740113e-08,0.05397591558544707,2.950062726482869e-10,0.000521897938975421,0.0038776204068529155,1.397956822794601e-08,0.032965828574941555,0.0001159718741918524
3.7839574530539396e-05,6.4592544306763094e-06,0.3753621700215485,6.4081365753386725e-06,0.03704264512089042,0.10726295516346189,4.09860838933262e-05,0.014817634732045433,0.00025833538878623346
0.004980600157505278,0.0003290403510428688,0.5563514882888978,0.0035346320977414393,0.34150828188752214,0.4880327075272538,0.006911757109456653,0.012633070577411311,0.0008838597378223093
0.037480941766412416,0.0035228805433053316,0.09543406382556634,0.06591840820433334,0.9346446189433775,0.693557861273457,0.08037998014629917,0.014188260383502842,0.0018368531393980127
0.04849339781841705,0.008391879189157986,0.0237735517354043,0.20619769972183336,0.990987429288751,0.17805757404618042,0.15768154362526338,0.015797417048026393,0.016451271542839426
0.04881431696826313,0.023238155853886888,0.018558746690656554,0.5513739035979213,0.8364389749336822,0.025357814164778836,0.3472627141669268,0.017539713187446484,0.23136921929505816
0.10518665351825263,0.08898078666419139,0.017448895608923223,0.923336040281227,0.2663395398076414,0.006141425012789192,0.8728463453090259,0.01910825838578652,0.9647860441795815
0.44413538134439523,0.6895781221152187,0.016487112985472827,0.3110440802600326,0.02866670243141292,0.0007984336804632552,0.45927643985351796,0.05032104790316838,0.1808146844976631
0.827050792225488,0.5359359027139566,0.015285672227400031,0.041678282085045724,0.003309714011619461,2.4650033241639573e-05,0.040593208958421924,0.3040728054457727,0.018901299024420382
0.04734277437957908,0.039780793755138245,0.014617981627496227,0.00022974983245550238,0.0015184129498018325,2.7584730875997434e-05,0.0003502132556405389,0.6774639691722473,0.0026396474738009518
0.0007482263656900243,0.008080188208473955,0.028021700800765617,5.385993683076271e-08,0.0037043828086690384,2.101117661352658e-05,6.2063805085252e-07,0.09913033076213203,0.00021513254732721086
0.0006431746243143906,0.01341717149436003,0.0682777388251941,1.1841392337305547e-08,0.016798551221236992,1.8193835531858358e-05,1.6845061500762457e-06,0.017893970614524767,0.00027131721626744783
0.0024541449559410196,0.019044007551136322,0.11661307044927098,2.1822287055153157e-07,0.05557077531126338,0.00011386077106386916,1.0275255516285575e-05,0.011875370109421851,0.0005290860942369143
0.0024502283571434112,0.021344054559363168,0.14932810293729998,6.73494186652632e-07,0.14737916707574736,0.0002486637203656535,0.00025547579766434063,0.012141386509930458,0.0005596937326818951
0.0006024807403905455,0.0041115858181907505,0.001870733138795487,4.556577295656799e-06,0.1555490158035168,0.0004419918306272324,0.0004555365652458377,0.01279395447872455,0.001974756385037626
2.5111313493267814e-05,0.0005342916484398451,0.00011456468626502903,1.790183803480613e-05,0.10613958833501144,0.00020058494944277957,0.0014513940930634094,0.013564793922833503,0.006221265676639369
1.548597340627368e-05,1.0211123229449163e-05,0.000491258328008977,9.25126948954984e-05,0.06643540447313284,0.00021681201941334567,0.005801254964626092,0.01413000064439599,0.012971477073156582
8.104540963356087e-05,8.447813082661749e-07,0.0015875668144380028,0.0004255270654984393,0.005785159929176227,8.7261187830708e-05,0.012651347785301416,0.024673201905724598,0.011558084574409244
0.00039392734996535875,2.006860878774879e-06,0.005916528737100853,0.0016964900909333719,0.004006253942930919,0.00028380873918637024,0.015314879441881616,0.06179741302498957,0.008809290702399133
0.0004809825877756527,4.5511575891508016e-05,0.01343505433457075,0.0040368525849231235,0.010634856833268858,0.0005186356598281365,0.032398489612467773,0.12659394509753757,0.016994573394254527
0.00025460632808930225,0.0006324707708263903,0.012026600821873037,0.00188325245719965,0.01854845582490534,0.0002721099763303471,0.006778750213363775,0.20050023449585577,0.0002607243924469429
0.0006689850503154263,0.0027606105405357404,0.0028994334694895044,0.00259896321820292,0.025068394026142637,0.0003762725304796702,8.028493559238071e-05,0.16833269697288678,0.0014164484038888202
0.001957226348285047,0.013597003502871824,0.004134806192561492,0.009364730806543145,0.03127662518602118,0.0022425942729354864,1.362915211907372e-07,0.031164301706103348,0.007225013056425122
0.00538253805688388,0.04768519967300021,0.01289624280853689,0.022939117305027297,0.0354645953206825,0.008419158545406069,2.6021329889338117e-06,0.016054205977773364,0.011243645927523251
0.018226505579573803,0.1407007724477724,0.026666575520619493,0.06009224201878397,0.042360324833277486,0.023962144756599746,9.94619561703197e-05,0.04379303816198224,0.042214606384561544
0.02943616998547688,0.3637968837913954,0.20568246793361258,0.12499893465787326,0.10224887038885423,0.06471560049975372,0.0008512535149338823,0.10897697179288898,0.07089381155482798
0.23520692540839594,0.9803465573439278,0.884508296840536,0.28998047515858055,0.22539485963127942,0.1520169032412314,0.003345156247769363,0.21336912274212647,0.0962656777704484
0.8915430909624559,0.30468799983748285,0.17202385308562676,0.7350472018441032,0.350059096496659,0.1505234581631709,0.011327463019474395,0.28164471546828407,0.13894067277608205
0.3728811724212425,0.031482192888060534,0.06680386510684386,0.3565087525525966,0.34177677182576405,0.36129661910966326,0.04258238731235424,0.9317958790425516,0.4831460127746118
0.15876007329542924,0.012187734081507137,0.04540099441114783,0.2525219965298183,0.1294917312581389,0.29879369048017107,0.09138022646751723,0.29879369048017107,0.4332678929080772
0.08784345734141719,0.007354204343232077,0.014054097534582989,0.15832857128938096,0.04762187156590176,0.05175629938941822,0.32101346570226297,0.05175629938941822,0.21259330627929637
0.06723624049738157,0.06934681147971992,0.011019534200628461,0.773498681425186,0.03896961814791487,0.011381784429111643,0.8435170240113512,0.011381784429111643,0.1056627577527646
0.015591416736930593,0.6530113764853601,0.007922663507936998,0.8814399692127204,0.0301378904868783,0.1280405960170454,0.03275228514098409,0.12804059601690918,0.04063206522426995
0.0023492600057529863,0.707930009085487,0.007229190675632346,0.8921051165278392,0.31840554781368036,0.06662954836456485,0.015140846733516889,0.12320128773087945,0.012273243754487882
0.00046746420055349065,0.6238477313322337,0.005434553466393163,0.9589534001337414,0.2898386059831534,0.025058241418274382,0.005754950868229952,0.10123800245754809,0.0032620121868851023
0.006856311155415388,0.6257897687960547,0.10971359909630304,0.5087094819405494,0.13627314327934373,0.009013164885571592,0.0017930611649940682,0.08524132946427813,0.0004250977801307625
0.09094628945596182,0.7174141585388112,0.5682531020805051,0.21955028355712472,0.05663103572341699,0.0024443294032236015,0.0015012626950647173,0.07068823878731553,2.062365759549777e-05
0.16403616276082686,0.9766422958404419,0.6884831105260454,0.09407992021136626,0.019111034430516507,0.0015388703143786049,0.00020589516795497617,0.05164797828439879,8.903111721793591e-07
0.3148820644646472,0.97860151537975,0.6755013903641508,0.0941069883465771,0.005436464909874961,0.001439936150132898,0.000697513680357926,0.05231284450224717,3.0952286466107146e-07
0.32072816259635395,0.6041828899889445,0.5935691082647903,0.10732812773647521,0.09067449616056321,0.0003442052321899681,0.0014022263817919276,0.07809867740097631,0.0002660094981414725
0.23435766666030614,0.1409239856807911,0.06325574876409326,0.1306767332394698,0.48425234129233685,6.784213532457019e-05,0.009671494993934757,0.13665180271790822,0.009240568505857073
0.18811662221341652,0.20898792629275537,0.05097981622540221,0.0641710200412094,0.5274519826597475,3.3447490050044204e-06,0.0969421812667874,0.18075592636849008,0.11345236313075302
0.39867793459128553,0.5374574388190639,0.033239872989015824,0.08067329956316871,0.6066956492839054,0.000444309987460105,0.2249923222949132,0.8625403575676062,0.8969659811770565
0.6749532425154968,0.7302410966682784,0.14016474320859534,0.08896818710182884,0.36821441883261363,0.00485982291691415,0.14954418431888744,0.5103099017216984,0.44032153400663965
0.9934672881657742,0.705994638126523,0.6903409245101697,0.10068275081232766,0.4078017610925374,0.08779443162677539,0.32259768115036447,0.2915455757369571,0.14149075956443807
0.8044822761698434,0.6977040645363142,0.774920669773654,0.23229163231532862,0.7588565110891832,0.4626722227476594,0.5856315504373453,0.34506859862499506,0.024887203066169834
0.3572259705514873,0.9492818922146394,0.3226089344100408,0.6609087126790962,0.8708870702613867,0.8642609478603,0.34368835707083434,0.38820573836271477,0.001586999278726112
0.063603708150642,0.576878327716402,0.17762872707292604,0.6214653780380905,0.5292882958898159,0.8636976764369081,0.49044589047330356,0.23302334935965904,2.33438724223587e-05
0.03127665405364307,0.3817201681638742,0.17451552407089035,0.29850979841532477,0.30443560661964675,0.3748995160355315,0.36909139296091265,0.1067411740646326,8.056581224881843e-07
0.020380627098122342,0.594924381533915,0.07628662608007769,0.15957912528804846,0.555329376078605,0.39726646202978666,0.924232561872411,0.036104726159287094,2.4509890962994468e-05
0.008658827742305206,0.91847217141964,0.004941849811533128,0.09059844004342116,0.8781909063690878,0.8381210123086356,0.5116350829258013,0.008900954286196588,6.488325997478588e-05
0.0959257052992569,0.6327245924745575,0.0006774353031482338,0.08383298673780314,0.9586567861569071,0.9648910852211812,0.8282871996452131,0.024085022982729142,9.972443522957022e-05
0.9917012972743287,0.27392116523841503,0.0006210760563298368,0.02522332985007573,0.3924910835168627,0.38674379866583075,0.6614983328017089,0.24965134436136205,0.5070788447212999
0.3136928830672815,0.08804723283247437,0.05313613624115391,0.013733294316626322,0.19451808517389782,0.19526928414671452,0.29386785711178853,0.17370247925929222,0.2457351142291965
0.11330402632643351,0.0462701614061377,0.07589034662102492,0.0067683834539176875,0.09421669023392407,0.07779342721059256,0.09984681567191475,0.08081052193902638,0.1350855995212493
0.04544444057516779,0.035620109334508,0.04893524284853797,0.003310494051681492,0.07250253737744997,0.028474490305753122,0.03594029352452757,0.03219025107213327,0.06838987066158585
0.012020624498761701,0.028176298315567855,0.02157216276443791,0.0012346137979700113,0.03175427599139074,0.007811353149297706,0.01669378093047467,0.013762730311422887,0.027465386976377203
0.002160823450784046,0.012367820438765024,0.006056122004326415,0.0026507183709828922,0.012056257412229503,0.002882494268752644,0.006963973827127372,0.005621155954329821,0.008920103175089239
0.002530735354566079,0.0027757730770512235,0.0012678586862616835,0.002151406261429875,0.0034258139430052917,0.0010195581388396946,0.0018110581052670543,0.0026572014359597003,0.002139891057660865
0.00333249599592383,0.00030062621497626755,0.00030431402438713584,0.0006899515956613949,0.0005642258607262242,0.00044964708373696367,0.00010969785245003305,0.0016262968104943118,0.00031530331281332446
0.0013385219156595426,8.448164309169021e-06,2.881137976376694e-05,0.00010550253659386436,0.002367111457793398,3.425225638804218e-05,2.0436745260564485e-06,0.000981230970375076,1.8748977632085235e-05
0.0036054122740953576,1.2868377779886097e-06,7.161342897108078e-07,1.7252941352985978e-06,0.004402030634430303,0.0012571052313933284,1.77613533698057e-08,0.0004926916466259727,1.3120434373340344e-07
0.03051933013726421,3.642842852914637e-06,4.4531542332733225e-09,1.6096308375982346e-07,0.002478812679290592,0.0022015924472815877,7.992644507403444e-09,0.002673931521629707,2.376405754388288e-11
0.03588609296496948,0.00131753883741155,1.4795245456837325e-08,1.0409838062194553e-07,0.0007725015413705835,0.0011484672162413853,2.425382211761164e-07,0.09238443941909708,2.8978748921823844e-13
0.015881693281103205,0.0016245229914950265,8.379453809936761e-08,8.971864723964317e-08,0.0004966093256734513,0.0008028422382817691,1.8538602549270587e-06,0.5511904012248287,2.332430249860688e-09
0.006461359386123144,0.0014719922290504185,2.2351208126290025e-06,1.3109728779214342e-07,0.00034168399968280243,0.0009560852554752297,2.6916060873241212e-05,0.8662249543941957,3.17839624461282e-06
0.005715451256162151,0.0007440690909687883,6.352411516285574e-06,9.125571816799776e-08,0.00014863102868776249,0.001064729340364082,0.00011628108552238024,0.5497260508372808,0.00010522204239985285
0.005684121335198213,0.000302795109282576,4.3618402880246935e-06,3.0396774875265196e-06,4.9319653258222744e-05,0.0017399370454183778,0.00043282930401864216,0.3395727033898239,0.0009846578404350732
0.007623156428412738,0.00010230003803337248,2.2841218479933957e-05,4.119245153464123e-05,1.5223896609828539e-05,0.0036634547204871413,0.000863490873044122,0.2553514577949694,0.00490793469540191
0.008296463099480882,2.3939515236998017e-05,0.0007047672882769018,0.0004183936133262281,5.827331805635847e-06,0.007260454662391588,0.0009499308328615329,0.27479044496731386,0.016868515138164484
0.004055620526084836,1.7487191364987347e-06,0.0038760978768001713,0.0018399714466421505,0.00012809538483624843,0.008648696064349091,0.000846082857854879,0.284713371203561,0.04535396165047131
0.003723472518165077,1.8880219634863004e-06,0.015039472397755889,0.003535508377069679,0.013443183965100388,0.1254380951133627,0.001084699152000018,0.3072358495525148,0.1313872030224105
0.01412636513706042,6.79269590218295e-06,0.11456907118270625,0.04495999043898813,0.2439104830995163,0.9203541325712816,0.021296765274225717,0.29860241356112716,0.7729558713587068
0.13041382036166763,0.0007089900199140483,0.7799845328944885,0.6193844934263912,0.7696924811695904,0.22199397561998527,0.6650252861942709,0.21732861554642174,0.2190488630433145
0.5815425727779806,0.009424386660717467,0.13109400428550036,0.4363593452866722,0.9621337953138667,0.09093757027949048,0.43200646148964106,0.1863951587749174,0.05991685287673654
0.9640780051801093,0.2145251579875878,0.02321652323383248,0.0828639632033203,0.36389347330396504,0.05537985239101129,0.12082532771806873,0.4686848393267158,0.02378858330310478
0.964609601818804,0.5257711942151531,0.0025742465502146647,0.020564960795005676,0.05782767132403761,0.03478365878966749,0.036979145023842974,0.5886219527912853,0.007570119558055164
0.9273910701305177,0.9998657332514622,0.00013398845699747662,0.007700741856633786,0.002326872838221592,0.024247335164067064,0.010606680220048847,0.06513589016933909,0.0017475621431403336
0.9198510439424736,0.6159506287111342,4.502372343884999e-05,0.0038000068721279023,0.0002829781075070874,0.021022601812769683,0.004468469637720434,0.012754089587910558,0.0002388714747165958
0.8208420937674814,0.3446012449719692,5.0426682490125844e-05,0.0022448885314908552,6.150016223875584e-05,0.009409155738961719,0.0016945158506678807,0.012047248026509949,1.2221255482109806e-05
0.4305829116655857,0.15560092929019528,8.83443741089143e-06,0.0001329783908464855,7.625279834813341e-06,0.001716143674440552,0.00010841495102839008,0.01023795928238421,5.459226313914695e-08
0.0660111564426126,0.016326828793562585,1.1982979686180603e-07,7.812639955020956e-07,3.3345545830083487e-06,0.00047994497730190764,1.881556118290225e-06,0.008884527751449921,3.367309865976789e-12
0.004858918546746875,0.00027870058997604637,1.3839454254409137e-09,3.583842843049232e-10,3.519922233803473e-07,2.113934527592287e-05,6.727945601071056e-09,0.009177360712643983,1.0467157158136964e-12
0.0012568905273515078,1.2069594173341275e-06,3.386775065271483e-09,9.78705139048271e-10,1.2219454037316956e-05,3.4449248792337376e-07,5.733139483239143e-11,0.011084520531810358,8.920602233135014e-09
0.002722206456461164,1.65876008850776e-08,1.0309442235437921e-06,9.358715644255094e-07,0.00011823686955886306,1.5961239384858702e-05,2.285057267100426e-08,0.017803138151446046,5.403950953597087e-06
0.008944244055449366,7.188164739188862e-06,4.815423108486902e-05,6.289583767782981e-05,0.0011385952334989633,0.0002215663607287627,2.2001022864890344e-06,0.04896682873640987,0.00014667573504032987
0.012056480752614422,0.0001314818089222895,0.0006163324284776717,0.0010465171528261461,0.005014758343186765,0.0012488843331464614,6.950818054799385e-05,0.1102090468901662,0.0012502432776814573
0.014478925072004354,0.001047953814441591,0.00396435361924635,0.00701536922739001,0.01051542634645154,0.005178118029377919,0.00047341364636203334,0.12940891884417646,0.005914813504191861
0.016773778104843956,0.0040757226452727315,0.017061111328701032,0.023961764301141435,0.034586018588354965,0.014624577261841312,0.0019039918005599075,0.038033105768603415,0.01957088206715375
0.025606972175572836,0.011381830238786791,0.04946208023730638,0.0361270939574492,0.0873527456275423,0.0447915365016755,0.00804805905891974,0.09852170976050875,0.05122719216327258
0.0606457402774491,0.02707074193210274,0.11495067679843682,0.04409411718035011,0.18970819092311883,0.10170213699639612,0.023253073976990973,0.2659762691376169,0.10882421159965147
0.13694634435401992,0.06981842912830113,0.2612766421397624,0.03894642958238095,0.3625662477775149,0.19611236574170907,0.053501502613304865,0.7291165551394716,0.1919222983981344
0.2335600248431865,0.1513196936532154,0.729909686260214,0.023182249697835017,0.6215831000312583,0.25665540454379326,0.08138241206994183,0.3321917240712301,0.3316807308157549
0.36644039587349053,0.3070678777591925,0.13429164126836357,0.02818075903459638,0.7659826223488134,0.6004237562515589,0.09769144902247531,0.09710430343168285,0.45889510404422773
0.12561443520627205,0.54990384228287,0.03145928610425783,0.039709127748433666,0.5261573875313886,0.7542186218708079,0.2798582851842213,0.6571835410414917,0.15755799614651325
0.023973898050295237,0.4761811580714488,0.14381582644799717,0.06692138304046208,0.1963907657819727,0.5112178544108539,0.8810514494342842,0.3759010458373746,0.004176884475755265
0.25063445044989163,0.6098789626783083,0.6114849117021544,0.04003478768256328,0.021824877946784248,0.18287107816845227,0.7504306689301974,0.17665061098338689,0.011618455465958407
0.12983659582966683,0.792912925449315,0.5436033920273238,0.03190362479954399,0.00032873484500606313,0.08543425598707047,0.10487297704723109,0.1894283407343318,0.06245575184912152
0.057348241170327226,0.3075778690666304,0.5044090862114714,0.0403070171559139,7.568743889294995e-05,0.147223471748272,0.0002515529648141695,0.21057262168622543,0.29355655377538764
0.05082574476335643,0.06060342608960057,0.9596693844215244,0.16090005185145262,0.0007501744791633046,0.3850512224301109,4.900695029756218e-05,0.36022236165390487,0.8417826324455356
0.04725661205341065,0.010033312327645075,0.7906394403850998,0.44836359704359297,0.11726710663405114,0.3333092983866104,4.4847665912908635e-07,0.23596291767770805,0.2979297166090014
0.031143895812339863,0.004634999113603933,0.34423502071689516,0.25938475632929664,0.41616809635799756,0.140020501892483,0.00031501248227305947,0.28492945376706463,0.1405697873477676
0.01673960872129983,0.0008393633368595508,0.30478049634827126,0.062354359900575786,0.8628449804123937,0.06679515119988631,0.0012436530198557728,0.21860134432707667,0.04354041437976939
0.008733424759273134,0.002418273347297313,0.11413409851824338,0.014984660999742308,0.2089162414514722,0.018289946581697854,0.0020719888630993254,0.49404574898454945,0.007041111991644183
0.004926568131797379,0.0015539125890160336,0.0426182573244578,0.001387847738418559,0.04767726026054599,0.0034182917089285087,0.002123503028794541,0.8481137647409052,0.0008344532706812558
0.004028375300596413,0.00018400990043094368,0.02961569552867092,0.0014138085440325728,0.0177229074836059,0.0011616381333835713,0.0018044461604614017,0.13666289034301282,2.0693274197835217e-05
0.133596829885414,3.0544032558777015e-05,0.013729271660882806,0.00017295551576442038,0.0034006644480627495,0.0003162446573127757,0.0005552842884103513,0.041380501975636974,0.0006632795703599537
0.6939285212664664,1.658083092334458e-06,0.0033377832105238067,0.008198465687377237,0.00040134787896170727,0.0003162941454588161,0.0016120108082150835,0.030035301926553928,0.01547254402908433
0.5370307554698159,2.8936777104236956e-05,0.0010124280945746117,0.01781049478943926,8.473434615864281e-05,0.0010473974447003929,0.00037979293658449225,0.03913200941576137,0.014679370276073266
0.7188196547358596,5.179801283116307e-05,0.0003493416228457753,0.008642200152575434,0.0003208078721989236,0.0007014803054611577,3.627875529751655e-05,0.0342504057503844,0.008538208372312948
0.9850197683701478,0.0005078180407776444,6.246995230957984e-05,0.0018722434075618018,0.0005857861156684625,4.212290033966441e-05,6.341592403862804e-06,0.019270305846442282,0.005152126449842593
0.8608609026263068,0.005405105111481944,2.6198216082298978e-05,0.002300173814278315,0.00015044409458535413,6.349864075608786e-05,0.0007212181059857289,0.018153870826493314,0.010781665441901888
0.9512849665976082,0.0032414946650288394,0.014374585174921139,0.000987559405918441,0.00010012794165174811,3.5712162714302966e-06,0.0007247089459027613,0.007096288697312887,0.006643693848983232
0.9580313018494835,0.02350767380003883,0.006544797521079671,0.00038296031993650427,4.5706735347268624e-05,1.7137614579602262e-05,0.000724044587022932,0.0019077503595901946,0.0026583992382587735
0.950842972923271,0.010636645676897184,0.0029356434553770567,4.657335693588675e-05,6.719834551939173e-05,7.57998853064201e-05,0.0008414443217958364,0.00029244068081428097,0.0006543901709322429
0.9720042723946214,0.01860036294009806,0.004218219775968603,6.600598564790722e-06,0.0005552936556198675,0.017246669804825882,0.001271077019449504,8.431292537751709e-06,0.0005356386375978993
0.48971406368302617,0.06075029342027082,0.0076521888639041035,7.645202482060107e-07,0.0025425560680881966,0.1512905477791911,0.0002466147509942461,6.396411914654513e-07,0.0005655390162100007
0.16339515455005144,0.02770897218878808,0.01649759326054891,0.0001519811700830306,0.006511069240401819,0.47063920242767854,5.8123940090322054e-05,9.10346814140823e-06,0.002571138709572679
0.02284156994810369,0.008466250288491503,0.03199940549284789,0.03968283610444319,0.008831859536615158,0.4195764667826616,0.00011944683520281528,0.006355939751463104,0.01571889571718166
0.2734691402290288,0.0028362033674783067,0.053968557899508815,0.14815738789249747,0.24681833307209597,0.644027314974371,0.000825964398241852,0.18286886062991836,0.05119465020648533
0.7900233723199985,0.003942668169438316,0.09496371649383219,0.23624546362141083,0.907533728121499,0.8640591735245935,0.0011790397769266174,0.447632074493,0.07718261409282019
0.0893145378399415,0.0061582954839034774,0.2013438523209271,0.3613207547132652,0.12842240974400815,0.4575526317423304,0.2466179955779965,0.7517801974362815,0.5719012021759131
0.038955578967664314,0.012128600786705895,0.8207537691848635,0.9348432603490057,0.08225737785659498,0.04639025103647107,0.9004576182374251,0.9162064022892341,0.45708550758359623
0.004859555378735996,0.019505279953795328,0.12383481602677517,0.6298855675540156,0.013161639890606798,0.0010186979964223399,0.6531563627795232,0.4338321976393611,0.030378706846658946
0.0005467476084334067,0.04277603440933236,0.006187624946166141,0.295823286587377,0.001649299772017248,0.00043442638726495417,0.4711322755368951,0.07716447614538602,0.0018385965425268137
0.000157045454392599,0.16519835086981616,0.0027868796950913897,0.15303983765850873,0.0001470294407882913,0.0058534853453746745,0.3453247712820148,0.003174224003818603,0.0009910687508588635
6.412061101650282e-05,0.9694549193966275,0.0022039930944273657,0.054855247255120886,8.102049324265204e-05,0.015948325540228115,0.06148366283613285,1.3607498438573678e-06,0.0004398385601087102
5.063779278076922e-05,0.22649626869287412,0.002570082702993789,0.03796794907104482,1.6021597882732077e-05,0.008813136996540094,0.011173138138783175,1.2662123546063964e-07,0.0005265650391694171
5.696849915415408e-05,0.01514757096560143,0.003446591564528786,0.07312225900650708,8.469622845067288e-06,0.0024024804429097412,0.0002751950568615901,6.423884777873706e-07,0.001102173706493492
0.0001295279596584519,0.0012175077994416908,0.005650406282496837,0.010330432061980973,4.627604855355569e-05,0.0014475259260620598,2.841816051778743e-06,2.1527410950861142e-05,0.0029255876326450343
0.0007206462892564984,0.0012321922758980496,0.009748800236290345,0.0006986122088715217,0.00016471637886822686,6.309424334832942e-05,1.4724313945803226e-06,0.00027526045032497896,0.004209245094496371
5.2713985659593964e-05,0.001416529844525348,0.019182048687852053,0.0009686075274603162,0.0002551886315356031,3.6125114534331626e-06,0.0001819705706299898,0.001601765738669873,0.014579861290086692
0.0004270324152075837,0.0021983078345030006,0.04494357581634714,0.017940484978584356,0.0008383175963394317,8.949170362109962e-05,0.004502367497387207,0.006032718300458417,0.03503292563394246
0.0010703685999207775,0.003291882320499254,0.08834901470197636,0.06974252597773666,0.004339037404128189,0.00032039940056258616,0.01620305244446334,0.022182025991707363,0.030943221813138945
0.0028951288894463406,0.005955220371522286,0.05894227440186491,0.13484644231959683,0.014236634353418865,0.0012806534813142312,0.01906555892246019,0.06227472699674173,0.013501678832643712
0.011682753661796417,0.016207863433177396,0.11759381079517126,0.332057141560847,0.016974887529898022,0.007960166453908206,0.029824298940878843,0.1530503159403933,0.040362071278655716
0.03823224715964345,0.0395189794901676,0.27516611955042114,0.8117735988354529,0.031123453385058994,0.03761193899243901,0.04323763748784001,0.2870290261863106,0.0904396944096003
0.1026696116278467,0.08675125673766924,0.4478357812276822,0.6915794449608866,0.011215077956569541,0.12822609455989498,0.10282071683301654,0.759055906268739,0.19788001246306353
0.29095174012249997,0.13506145604334374,0.9273361218645939,0.5384880106822282,0.00898750203855963,0.31663058251583914,0.4078760695317475,0.29791211086627134,0.40298271651038986
0.4097890535946924,0.06680009959599964,0.7452893526832809,0.14510370083511864,0.030529435854723327,0.5798483914244872,0.3780178418569011,0.3937989581679918,0.51041060564105
0.45199979584620564,0.16704172173620951,0.9433624140965372,0.03279910763540041,0.2147432945391828,0.7771850809366694,0.9515382372504704,0.1298804952638259,0.716538279972313
0.35079135567781294,0.3898759836360258,0.9065489496637693,0.09289233411054022,0.766136217961682,0.08769364685952488,0.6173198943349226,0.05470214265359688,0.39122649601315784
0.1349774395258694,0.7685977217915025,0.9331806753908634,0.3431507884963235,0.4110796155538404,0.31273583165978625,0.2522264248929373,0.25948532765121946,0.36412554974014477
0.25226299822081455,0.5445008919865231,0.9822150691474804,0.83658081211168,0.25969154320922,0.9845282895053742,0.14892537483005697,0.7164005771244693,0.31892103593080545
0.2529701146302975,0.06585952712371151,0.9822482254648566,0.9263896526212992,0.12968492234896378,0.7744323083788431,0.22767072373460145,0.7169367100219117,0.319933847287372
0.15812074780471752,0.028182344075081266,0.9822482254631539,0.3303192238162602,0.06221335884187196,0.3428900364086318,0.2123775887782866,0.749627811769877,0.2882819426646896
0.08618890097032364,0.031329422306036046,0.959952275089281,0.04116168071591055,0.022889316083585895,0.10167163348331275,0.8721382724709378,0.7695771040857777,0.26783484227104726
0.037895054523613206,0.031420007929463645,0.7647009119015905,0.005282726315807674,0.005389377619570329,0.09960459693703444,0.4675133313204852,0.7730416634854194,0.02258461804758541
0.07856842105906789,0.342324226897881,0.9357332560107596,0.0015616887313033866,0.005727827781829556,0.1835462163668291,0.2750758460997295,0.9389499522170532,0.01966488992621893
0.009327348364620649,0.8611054581264322,0.19839034438694164,2.5758848186395193e-05,0.07458819024681898,0.2972274215913886,0.10801980199470045,0.6385979986868016,0.04174472413699878
0.005933896117906533,0.8544377023396822,0.07061723809356797,3.916528675859644e-06,0.3258514385625456,0.46402131344306174,0.057838016557228894,0.046922714498271886,0.09083101072650843
0.2118367648629315,0.8546874752005293,0.07092470128727014,3.634809264610506e-07,0.5529026284222142,0.1677673326917817,0.011752063980038013,0.00380807812587512,0.17199409715204134
0.4602670250334254,0.9095727844085431,0.9636044688824312,1.3987725655096908e-06,0.6683397057262304,0.1299836036995713,0.0012386022802176489,0.01451444917475503,0.22051645205789366
0.5896987108684828,0.9683058783538572,0.5014655368151845,1.309053320832626e-06,0.5034910196939505,0.40518679670601543,0.00020152543833402452,0.04883079172665046,0.3576378422961183
0.5508301841146608,0.35332819882119126,0.3095052874715426,1.1981584262181379e-06,0.34190373412178743,0.7471338656540569,0.00012868399462976593,0.058234334375775305,0.47107153287189496
0.9021869181317985,0.04677007595829091,0.17209342905612796,0.00011996230417804153,0.59450708381043,0.8284182077150111,1.4907114636284233e-05,0.18677172600949893,0.59944372103734
0.6933479850334495,0.04902793906725699,0.11889215052800092,0.0019184425523808047,0.8597549800846581,0.46139155973406887,0.0001895164476512027,0.3673092785482037,0.6215824834320276
0.34818055488680855,0.5522832624131286,0.12022006573505026,0.009583869587913203,0.8509403378109128,0.4710736766989332,0.001862378168994741,0.5873542863539588,0.06254328855333316
0.34123270156179386,0.638474195843791,0.08841373149917595,0.042615676017923015,0.8384837283723274,0.7783301966197631,0.02022039668705279,0.8356268157550552,0.10572605501790591
0.03757950719734869,0.2365712859189316,0.03434912537826263,0.15248306956721172,0.8676186208564681,0.21610883190488367,0.03212760009612683,0.8585768289525211,0.06845510129891258
0.07660030076975713,0.24430087635271752,0.022016612730267636,0.720272006360852,0.6229846542159024,0.017942081739960862,0.17656493824476122,0.20253459736524101,0.16620433575151494
0.4217015068503921,0.13306126719371847,0.02187890131887362,0.9012619626608986,0.8775031224652823,0.050941644631152694,0.3744361869377115,0.035182876434723315,0.07868076103096265
0.8842435966441602,0.07076612728090391,0.3934078502632109,0.3198215466746906,0.5978382023643407,0.10839899916010799,0.7575991933838192,0.04259509370722477,0.042067728597391205
0.9973180230770082,0.09272197976158221,0.6314485674244661,0.04134329125832112,0.697100723681997,0.28066352440768205,0.3766610170325486,0.07224978369812962,0.07153997454045743
0.8859438048171295,0.05166987054107856,0.23482585233551817,0.00015882768062334705,0.8925579019832299,0.5106871363141408,0.010137378508325315,0.04475218724198452,0.1106918529245656
0.4297361221109126,0.014513367100034768,0.14215188589267908,0.0020559954085492774,0.36049812838192896,0.9215783129899309,0.000383150804585541,0.28671069826069945,0.05796822817461075
0.13902433404063716,0.007208734549110923,0.259139727605954,0.004656348928963935,0.10687492394185842,0.37767661046147816,0.0014453538230049512,0.15403504701905132,0.07756650598369261
0.15195183155850503,0.0998196841682899,0.5063943275408267,0.0005286902996032015,0.5295563774751386,0.15096404396485996,0.00665039540158751,0.07629672014975587,0.13519960227755942
0.07231452603502066,0.23555191943860626,0.7890495344620444,0.011929198035772234,0.4808638770452699,0.040289075322544915,0.03438458162030636,0.04197525298152374,0.11529845576575676
0.022206651470418344,0.2856268822653766,0.28362837415484843,0.007542685828988941,0.18743447143423161,0.014285943361353777,0.1015612550502504,0.024112696862417893,0.05223252305740341
0.013701019988838733,0.1555210956975531,0.1358208973078708,0.009092184328130705,0.07373798078419068,0.003720854311821671,0.44691557452505337,0.008899401501944891,0.021656142324772382
0.009071058361985062,0.22916431724826966,0.053078624790347986,0.0026568403048968362,0.023475475940406356,0.0008159520364945035,0.7616904046978793,0.0032519529700171905,0.016450129854849952
0.005211004366845889,0.1922821979909739,0.014698693326383514,0.001611675292737981,0.009462697975965136,0.0012130976060152465,0.9754102636972984,0.001835173193572904,0.01406384287775352
0.0015743316224911368,0.052841655785060726,0.003391194622505513,0.0005505663755254406,0.005537212032930098,0.0008061476721052073,0.5660566690371489,0.0007350977002842389,0.01030958131494335
0.001098889278040113,0.019544971541827025,0.0004881738364052985,5.429156918367372e-05,0.0032926639800664784,0.00019271220751788373,0.06456692985484833,0.00048766279208978724,0.008004645622136718
0.0009088877326342853,0.019553869230806997,6.61182711880855e-05,7.177689523933297e-06,0.0009311632953142412,6.39935449336444e-05,0.003343784530854247,0.02042275515308207,0.006132784215778401
0.0004281467099716085,0.006275143039131321,1.8608021508133143e-05,3.351240298966058e-07,0.00011930367760742466,0.0010815164363561273,0.004503408031821216,0.14334135717885657,0.004984842299066531
0.03266263973409404,0.00400150773827594,6.080055775673755e-07,2.9164508971942804e-09,2.0189125993229273e-05,0.0036884505652214476,0.004221276511718179,0.19455558167839856,0.014323656442779767
0.2456527736901631,0.002669061412575007,4.942504118276599e-08,7.53844692911209e-07,4.111153385022224e-05,0.0049128438495773105,0.0034734100415488756,0.13069379309009632,0.06303628233651125
0.805268930365208,0.0006456652946830803,3.676784310527881e-06,1.5323262967177071e-06,0.00032610364800194735,0.001837466582018953,0.040997971101221026,0.060511321387726885,0.14314842872739866
0.9758717423047936,9.802238299275417e-05,0.0012892858689859275,1.8764494253542426e-05,0.0026261253674415017,0.0003701455392183473,0.38573004108327835,0.029530897077625105,0.429401570342534
0.7591929237709669,4.0818230715439866e-06,0.019893135502665336,0.00011187027233006654,0.004402072521731804,0.00018931439108256265,0.9426543398885194,0.03102476245307687,0.4573944716363405
0.5536346575092823,1.814801656341007e-06,0.08000767100542616,0.0018559478152592999,0.007863496710574304,0.0018124047044911892,0.729241574506002,0.030489936910303782,0.4439637213879486
0.31674674173214157,6.344459427015029e-07,0.22490369135731103,0.025486900212037783,0.08505579039180419,0.014393285990663137,0.7126836276339326,0.03252224220623495,0.46127988343360826
0.2564982423535199,3.4801832643080053e-06,0.6014886856704746,0.09298160227193915,0.7201297117015307,0.026863616232651932,0.8708547016292869,0.0357422502978068,0.4551573487000784
0.18319886267725535,0.0001816406560614029,0.8425658870656924,0.452948797892485,0.22049809266910106,0.05121335828719299,0.20180165170087533,0.036820755176160715,0.4830342309786396
0.08130075366878288,0.001351060836412854,0.13865013344204996,0.851601153700231,0.03834280322795397,0.36815577614135064,0.03435625422332228,0.14657660628186595,0.5911756705748021
0.07965049571250518,0.019727754650494044,0.008872887048663763,0.28693026074724376,0.004615360914035132,0.8084705350796723,0.001262301709881069,0.37514569276087706,0.6092509495450467
0.01723060329779022,0.09982524001490041,1.9788296380224224e-05,0.04034205999377911,0.0016959437067122106,0.0804312733348668,0.00011730119892216556,0.5442220462682175,0.164091799128897
0.0011001173521723968,0.2667692005944092,1.7972629621178284e-05,0.002080092121661311,0.0010688102673191249,0.023165397100511548,0.0001008034240598823,0.11219189282830368,0.02030188348678554
0.0001914399974903397,0.6543819345254587,7.290601258000833e-06,0.001102733124194232,0.0009318087269631289,0.0023230125872410875,0.0001502633454182068,0.009596911103231173,0.03678272295446671
2.7352941404697962e-05,0.6567873025892929,5.270812154264168e-07,0.000703615794819577,0.00047544967637187547,9.821603519308793e-05,0.001307716751152023,0.007852092568218937,0.03133259784771441
4.507873310887996e-06,0.12992517096502737,1.8435301437732752e-06,1.1079867919227637e-05,0.00034688782694591397,7.570922138298565e-05,0.0018488848465075943,0.006804144296145846,0.02109111972234258
5.4855291378480066e-06,0.0083659946750595,2.828618045324374e-05,1.8848245334135429e-07,0.00047703367870446147,0.00015685710895189096,0.0014305513567783319,0.00654513851925603,0.017867896427155753
9.872951198106318e-06,4.992522782184189e-05,0.00030628644024294563,5.245170283448697e-09,7.93214194856681e-05,9.690887467827894e-05,0.00042248465161360605,0.0071777208277438815,0.012885124776229042
0.00010663450182636896,8.888296881399089e-07,0.001886170278722311,4.208519116711684e-06,1.6043067291534866e-07,0.00020037735001179937,0.0006502520462714377,0.008844758780827114,0.011465492232650807
0.0010896572993885963,5.2975105458511355e-08,0.006113819709072506,0.00020199797957777869,2.558574898860735e-07,0.0015069323151418867,0.0027906233999564246,0.025938063906684336,0.015723812043510515
0.006986187883839092,1.425282704227237e-05,0.01920251689559602,0.0022956207144054566,1.2526611111630751e-05,0.00611030766810189,0.013269073955054292,0.06379928591902266,0.03890702279843117
0.019418758377458243,0.0003442234172869666,0.02320539856444614,0.012671668212374806,0.00031431589782720767,0.0032907720146024516,0.1371377529268139,0.14570093941424211,0.0818785771440124
0.028414490925317996,0.001759971002839196,0.062475325140300436,0.0671345314652603,0.004146612592665501,0.013116337406627748,0.4135226469017155,0.3739893166238232,0.0015512820661583047
0.07899378082738802,0.007422695991850457,0.1457815637380473,0.1772480940615302,0.030083257506868143,0.03754864893811875,0.9719175378609813,0.5467627122378678,0.010647083485596294
0.1958586751021201,0.026140945895474665,0.22611197702515065,0.298824360982586,0.1419315580220416,0.05602894565035287,0.5713238750522383,0.19766748422324518,0.06035243955770656
0.8798707150003419,0.07688296550254761,0.33525975559111887,0.6241611828393465,0.451802190700737,0.1317624607160161,0.13079749223638976,0.08743436167389024,0.40472341134509815
0.165517490804494,0.19355253650633086,0.8732477673407694,0.628502967117942,0.8843327247767135,0.30777467574622125,0.026024353368474522,0.05085650716354494,0.9386409220426073
0.008755091867906885,0.47284622053497194,0.03386567924680544,0.03854688796208121,0.029931674901452293,0.9100842890236512,0.001587162364319501,0.07539545389270114,0.2543119223517231
0.058162150432908864,0.8956025784456754,1.881481024883078e-05,0.10144022790746361,0.0013106987606149349,1.881481024888791e-05,7.814618479925726e-05,0.054715276761105956,0.00744942886432224
0.13378207937453246,0.26287453905229435,0.03568489904295894,0.2500068148013716,2.188043387417552e-05,8.941726248526886e-07,2.099976816836806e-06,0.3184697952337231,0.0009333358805251854
0.2861941653422946,0.9822856825694901,0.0536182511307678,0.36227833336269644,3.757112509314481e-07,0.05728832111441254,1.1955513138897692e-05,0.9244769222524767,9.553625281945729e-05
0.16421064816478906,0.29914063509449235,0.05878045441036864,0.25150356284746117,1.0670991120457913e-07,0.10224794528091186,0.00029052563204954717,0.15384775612313226,0.0003900686447212769
0.03846226556390666,0.5395187815941425,0.03735785557851998,0.3790989361246513,1.2390091948221191e-05,0.11376220826672429,0.0005642441688815628,0.005887200194428934,0.0022132992095377758
0.03483525021935497,0.833539265910024,0.01728837306702635,0.4775868444026816,0.00026779336800930375,0.060473084104056114,0.0031006851907409328,0.0014058916979180745,0.0018765194767182422
0.008737961760569193,0.9881768964548667,0.011716049040408646,0.545763015227209,0.016454301467649573,0.025956057860588414,0.01775103350084126,0.006824907469604843,0.008990193901893238
0.12914260504181724,0.6568103586401792,0.006190240916353703,0.4457522049428547,0.03887571075549952,0.01078079265255434,0.10681734716237258,0.09472582301999473,0.1933136292290723
0.15348309557751802,0.29744587259777033,0.0034977120385596408,0.302674930680534,0.042971384439378826,0.0032829281295564334,0.11993021449221428,0.8082257597568933,0.31286250508999686
0.17153119918838736,0.13232576352120703,0.000742594282032701,0.12693222256871733,0.02230081733850909,0.0007097487975387256,0.07318773637281066,0.6696986074264648,0.29808570632657955
0.23691268402947474,0.07128362820478487,5.882020405915767e-05,0.035023475861931185,0.00916539390449076,0.0015533932154806018,0.03354950694949809,0.3089378950688263,0.1743163447902268
0.172731335953001,0.008731275350148435,0.0007595324513421022,0.024642112462947372,0.0030752477718504886,0.006773495260528124,0.01002448051838919,0.10300386766201408,0.05030775930873784
0.08083401343747144,0.0004709800471519493,5.3099173831183044e-05,0.007883696225105716,0.0010108034436501826,0.0048942849132849985,0.003961307161658695,0.01775746677413839,0.02031872849971704
0.036183243200304666,1.7890806864728347e-06,0.0027529975976319228,0.052093080647259024,0.0003252294551016214,0.009583658252054126,0.03463240879831921,0.0014311382027140294,0.04937835756315195
0.021409496658125585,2.5917799373117026e-05,0.032733618235199075,0.10169656130760754,0.00013075439001552442,0.003931511331600021,0.006168832052685903,3.014351886656661e-05,0.10347411956111269
0.015772920122922102,0.0012769234720595886,0.0791956178634769,0.059516482862574153,8.229034111269725e-05,0.003248984368863826,0.0007804404976079487,1.8885954606207897e-07,0.06470049529468744
0.01134055904442503,0.0006045833266512896,0.038397935056862266,0.018188349394090645,0.00042459649791986296,0.001454319921757191,0.00012859107672328162,1.6675670937801889e-09,0.02848650127318616
0.00949911733491405,0.0010673619963305781,0.013917977666396016,0.009044771285330004,0.009512251717803602,0.000626663489806395,0.00018969781668966613,5.990411860808617e-08,0.0019455680397435383
0.008434834903513693,0.006252642901612224,0.007235455912960049,0.006076060068218666,0.22677232957037613,0.00012112746911600797,0.006617058941694372,0.0003970916581699452,0.0014686913406210087
0.007893602980003602,0.015716201304566847,0.0019046890242509068,0.003793114793449609,0.38841382802771385,3.604426538846635e-05,0.02607345906633569,0.008417739009752775,0.012296783235882177
0.027606888002180387,0.043406113741932255,0.0012010761096540987,0.0015717951536510278,0.31784994419868984,0.0004580166630963064,0.04973599408669293,0.05552722609960553,0.02195482613774369
0.3201026699743176,0.1849547379684967,0.0013655157329940009,0.0002621242053749947,0.19821548272259823,0.014703478235671873,0.11317005905276206,0.07083722819369814,0.20608288540781347
0.7932609851522683,0.08443579282259646,0.000309514918545794,0.00013220658285128912,0.09264883137289012,0.03118901355184596,0.09662334446139013,0.10802427723298469,0.15553188161050446
0.2994669920168861,0.03506541674124813,3.7031902730410055e-05,0.0005600983285117447,0.052890182850755724,0.009141141407495494,0.06561930847284454,0.10412567475883457,0.08206776704133059
0.17353376609609292,0.03577538687070133,6.963716870763684e-06,0.0343035248778199,0.05549321175460967,0.004460180593551612,0.05597631164537758,0.2332009141647423,0.02990748736700977
0.13390748324385754,0.03941512625079927,2.436726020263541e-05,0.33443186606246356,0.059637132251245166,0.0024505623144673435,0.028054980620238878,0.7093974750710281,0.014551357912403386
0.10231719670525669,0.043181619714456124,8.857379742583911e-05,0.8633882534783225,0.06073761773451758,0.0067629357810273195,0.00892747735386883,0.753833865965027,0.00393993771957667
0.08818986085486666,0.044560536589969814,3.8725765343649593e-05,0.6963062730485776,0.057104846581714996,0.005671105343786489,0.001696683349508649,0.7315002310331129,0.0007785337897889078
0.07759819580256981,0.04671837911213503,1.0651144071097914e-06,0.7430343472027581,0.04852740413790805,0.0033540009454652315,3.2519359553803816e-05,0.45576715613558294,3.968383182225407e-05
0.07473264054722903,0.057458826072865135,2.8722196362808544e-07,0.6360462160746956,0.07991496799763394,0.003960398013455886,2.0971440881366095e-07,0.30752107566812803,1.8420998563579816e-07
0.08340186098452453,0.0955209236818423,1.6058137501073557e-05,0.4042579787241224,0.40073212642223277,0.021524440181043096,4.066028494545784e-08,0.6840162480183494,1.1857155677868472e-10
0.0709791622357416,0.7180100517033539,0.004451019203014654,0.08210055546258327,0.631950388496438,0.09074549187690156,7.582985614251739e-05,0.5010990580626922,2.845672919610445e-10
0.022744071273370806,0.4017684978604319,0.06731872329655521,0.018431349134833973,0.08482093083874236,0.23970367855373736,0.002882719027776681,0.19507572480093316,1.2780406687138961e-08
0.012646438900118347,0.03832441987796369,0.12872080352812948,0.015602199400151315,0.021478939228334666,0.6536447907528437,0.050853914559252915,0.0715982150930825,3.3480562499431824e-05
0.02433502202039461,0.039059547037353086,0.3989579007307661,0.0971711569208115,0.022132461962770883,0.7454973951051689,0.08571542421241793,0.13322920090441281,0.0014379170756669724
0.05524324112150499,0.04085261217185815,0.7467267392256596,0.2831812741817121,0.0235859396072928,0.7219037117272045,0.08806873387713403,0.4158087090262077,0.016385575094635497
0.06317914784787497,0.04296831166070015,0.943940110837431,0.6966551044975573,0.024816363091523394,0.7466090602787687,0.14888244630956485,0.37916264095373375,0.10338681661314651
0.12348891186415262,0.044278558569507354,0.6366498621906254,0.6708007170549337,0.025392259162872455,0.6493977469570253,0.15737129587590692,0.36725259460616766,0.22666380334728858
0.19017624858044596,0.1818318485769832,0.057695365250569744,0.2920423436377023,0.025679153744292367,0.4323451188114755,0.43650338783903997,0.4656244958770126,0.7304758681629138
0.22367352230014936,0.9850846170877572,0.0011313956824636827,0.7722610724581045,0.039854845502061066,0.4282905652461083,0.8860259923118241,0.5604990600153759,0.4391406748446186
0.6082113824622927,0.4909149140771648,0.0014385733844918046,0.7441070868847119,0.0968149259922035,0.5342885116286217,0.6561243416122935,0.9226253592951026,0.022521389870642932
0.22613123167213217,0.15043639879737558,0.013230664494243063,0.15655848941137404,0.21443607984263202,0.37721859885198006,0.6325090358385468,0.11686371298093542,0.0006912913992572465
0.1971224173708418,0.0682358815098262,0.05634920297504464,0.06795586462688877,0.4326522244677973,0.4152102160278164,0.5041297506030473,0.04402459731558499,9.620216145792664e-05
0.14923805330618914,0.0264563332013394,0.025479781154204118,0.06318136320170098,0.0304708971556806,0.4086839551123088,0.9287735420908161,0.015036912713688646,0.0001786513164612294
0.09083236272454079,0.022380463573948378,0.044308854941408175,0.17639072725156973,0.007166386680488208,0.7712917832652701,0.6905740348907407,0.049290266719175045,9.664596920559319e-05
0.04528843418642846,0.019206074957840956,0.038425984327935515,0.17304110263470154,0.0006140243980749052,0.736611125051589,0.22687743378874772,0.09942502177771245,0.003511485701749714
0.0174537822326787,0.017787218438137412,0.020986150891406347,0.11011564280511425,1.9650653360825708e-05,0.2827349327714169,0.08943530122252008,0.07200231253588286,0.04217698706371874
0.005322686201058369,0.0164294882282246,0.007132486784187355,0.040367937397621755,5.216191760405044e-07,0.030524817266926702,0.04189045502901135,0.023388634206661377,0.07677600452037836
0.001124080246678692,0.06459160363651559,0.0036764436277630266,0.028803415955812088,2.562770768379233e-06,0.018533867653577975,0.02091728636220075,0.013863843757522074,0.09621737016247847
0.00013536994839893798,0.6324151738279216,0.0016172939672678157,0.335964328942125,0.0018807409298288872,0.007506990007690874,0.039378211127560625,0.012420428455988206,0.14282956972542338
5.535241133027845e-06,0.41475597959614885,5.347811615589669e-05,0.9197485145505978,0.023988023357190358,0.0026481933932552435,0.12475736769085863,0.018935026664855123,0.3642840527021094
1.998795926215814e-08,0.06729026225148871,8.447430090886503e-11,0.22154824824427327,0.032718578037995785,0.0003500789383557833,0.2710523665245185,0.35015687709496746,0.6845781458649104
1.4161043478852398e-11,0.05499264712886056,1.491424601558142e-08,0.3607040513244856,0.013709897018549307,0.018071730435753528,0.5831657459003167,0.06613122267408314,0.7357758594074466
1.247944382805477e-10,0.04642242496568525,3.512388016842275e-06,0.6226732905039761,0.010457169288704493,0.021547927303666066,0.418609769164904,0.03417173536485795,0.5013597123882125
3.151099170695448e-07,0.03840979452155121,0.00017224543483132293,0.99374579252789,0.027572333905329392,0.03348742536914887,0.46594487283146746,0.012222561748513012,0.2846360574179512
5.4725733771390575e-05,0.03295423091298531,0.0025938124916660343,0.7999593474735536,0.04033001430594874,0.030829714239221543,0.6613787038221831,0.01569975649285094,0.618706287437672
0.0009362169894089271,0.032647379725960886,0.02683116383082548,0.5648241543829506,0.055438065607099275,0.02478124504908146,0.8420027301628151,0.018488116711323437,0.9559612738313116
0.006275601115141931,0.03272106731974356,0.16772532027589337,0.3895603685598442,0.05491424246395642,0.013789263801529951,0.41083299040594456,0.01733415677571789,0.9491830335684563
0.02572399166581613,0.0651845939487159,0.5139786349107761,0.20465776852893575,0.02659178028970861,0.004933567745359344,0.13405730306081803,0.009237977402745463,0.6250996296032949
0.03377489641483959,0.1665967664168044,0.9403489408391352,0.03269872310261136,0.00269973906494248,0.0012525146184430612,0.04264574585812206,0.0022272201403691866,0.3354303729666015
0.035444053873632,0.40002480224552484,0.2983495852434597,0.0021518462151355793,0.00021858258738688416,0.0003189347353594913,0.013045587382802499,0.0004583230346666612,0.2133733985294659
0.01970118859137754,0.11883897766158993,0.0003345446179822416,1.948347446157338e-05,1.8437199649738253e-05,5.235960654087335e-05,0.0015070658916684185,1.814776952984309e-05,0.11942588377673641
0.009825017589116353,0.014122436706542263,6.920750343591989e-06,1.5858950167215167e-06,5.404657931682785e-06,6.449508190359586e-06,0.00016169470133728714,2.889405515205526e-06,0.06919460490539332
0.20192057143397382,0.004611635424427448,3.4038468250543633e-06,1.3666345453669423e-06,6.431814353438223e-06,9.132039195765908e-07,7.871626033329426e-06,3.344876283399964e-06,0.06481074469995995
0.8235210757505375,0.006177782372316013,0.000698128381540562,0.0005650455055973944,9.630312780578226e-05,1.1652928920256713e-05,2.175362243826554e-05,0.0011030058614130546,0.19229317829931836
0.34039628422098434,0.08625522445249231,0.08417619492364886,0.07754157124315672,0.023126915062832116,0.0021351654699194728,0.0032518441774687422,0.10472532543311745,0.37494665748771405
0.1390444351884716,0.7363210187689917,0.6892626333521223,0.659528272264827,0.3841156383175408,0.09900342608731183,0.15020878650381073,0.7531366239198563,0.7988338398976774
0.0507899556998851,0.41403543071057536,0.4459774933375257,0.4794153230767033,0.696925881131973,0.7825740101037816,0.8362076651726151,0.37803351053946277,0.6593276272961511
0.014999673385140489,0.07341850886278634,0.08056161110350621,0.0939020318228645,0.1437127464236453,0.3757955736216536,0.45271785661280095,0.05510798409390751,0.14345742798721745
0.002063705573992755,0.009731059526234381,0.00988237025932026,0.014083147227787779,0.021590867854223678,0.09853366915803073,0.11408546174703256,0.006654447166456177,0.021184649940903806
0.00013201750448211643,0.0012573964838346525,0.0013104374559561574,0.0020358851423540676,0.004916392560155435,0.03115600196243404,0.022306230580206438,0.0009682392408588643,0.002620706134453771
1.6591432773080448e-06,7.468223845840534e-05,8.20421169863112e-05,0.00010140639249053635,0.011061130829447239,0.00692410170778361,0.0012531431541275091,7.161325250287039e-05,0.00018139578578541438
2.1289626903214793e-10,2.2904584407590642e-07,3.122171640051913e-07,1.9070382220249895e-07,0.011825754257620863,0.00022635545744281488,1.0607792977868474e-05,4.052748889022111e-07,3.179114016801151e-07
2.0020553795752035e-13,3.960274441348872e-10,4.0369784276269573e-10,7.189753393067723e-11,0.006836224037040369,8.334005447777126e-07,8.625571515484934e-10,3.5762012729044253e-10,4.605659982815975e-11
2.0561033214016706e-10,4.638118406247459e-10,9.589093104502239e-09,1.452857654697919e-09,0.008281672579154834,4.3403922783197216e-07,2.34885944660435e-11,3.1623577154250923e-09,6.288311709232471e-10
5.80814205572106e-07,7.100642723008235e-07,7.718919088263144e-06,2.3021810540117562e-06,0.040953044369073655,2.6061766514419564e-05,8.926043598160127e-08,6.193829252585833e-06,1.7141459257202252e-06
3.865941286145019e-05,5.1355673647113114e-05,0.0014309983183613817,0.00032706528164033456,0.1887746151602828,0.00037461319163429593,4.183780911649097e-05,0.0005132518996403856,0.00011256923745807175
0.0005036798798609125,0.0008495247981149189,0.6003879948879609,0.01988867283433287,0.7277319226290244,0.0014505143949448311,0.0012645300415852372,0.00989329600003687,0.0014778520650700316
0.0030164620116376615,0.013622648142726552,0.22976822103590397,0.2388030556370614,0.24838312249802036,0.003384306532463177,0.012336373711422538,0.12173219137860913,0.017229907061427914
0.011562090203322162,0.13830645028416666,0.09669712170305864,0.8128598368270941,0.031013841483091584,0.012169103154129876,0.05586928811029571,0.5857252695026137,0.18228436302054316
0.03405759307765529,0.5756914083086766,0.038745251600290236,0.618048179462322,0.006669619469763974,0.07731053588133883,0.247129179425713,0.7736443455746157,0.6684822436578624
0.0822355982528717,0.7083759987926148,0.02333338695727662,0.17524069645362086,0.020434701663637533,0.5215362852004465,0.7005580297790726,0.2627464831040798,0.20040061618897484
0.1537884814481635,0.10435049456341745,0.020432206714714917,0.013094322321856361,0.03874071001523184,0.5443343017797078,0.3780797448218506,0.012279698909086959,0.050992522356105435
0.2984450879640663,0.004471215295221988,0.01831975050188194,0.0001892981667123365,0.04330696115585897,0.07950755047153626,0.0015198286374950131,2.1378549990628623e-05,0.01680742121967457
0.8966302834492996,9.939549508623775e-05,0.01730073313466733,3.5047271185448594e-06,0.04787177045545315,0.020617902263943947,8.00340399183206e-07,1.5144589013916278e-09,0.012675148355745479
0.0029538715572817176,1.746760160584036e-06,0.01668271754267851,3.489265687457295e-07,0.08215182358496634,0.019080018943569237,2.18064257087507e-07,6.0219705880697955e-09,0.011955414691214467
6.0455610659558906e-05,4.525344391384495e-09,0.018231499414912467,3.0776731083617945e-05,0.13575681026548833,0.01973866054120591,4.2121720026489277e-05,3.4506556118142487e-07,0.012767137784423737
2.8372996606398436e-05,3.8937388300598297e-10,0.08533638502536502,0.004341745339341861,0.2620712757254436,0.018659691671697374,0.0015833253305897789,1.3500043938428111e-05,0.005144223928230179
0.0008247545026163974,2.1724325633996986e-06,0.6285178185784348,0.08058653567385593,0.9134920189008642,0.01643230532209154,0.0212169486697388,0.0018655101653209443,0.003502305590344834
0.008187926975125062,0.00045404396994336884,0.38766543382317176,0.44540303857976327,0.13837924657705347,0.014274064982568927,0.07114111296307905,0.03478513471728559,0.0021482058799106524
0.07688264305436061,0.005712075687248446,0.07796205298402265,0.9396653367417298,0.002926923467775323,0.06727641409444066,0.3168181879337571,0.30191179238884647,0.008719872913382448
0.3681519372956362,0.03499626769373357,0.038464694278937714,0.4000702787145912,0.0023151668038773098,0.5578463579475108,0.9295060268678658,0.9526662874599178,0.12108460995543813
0.8408585388281675,0.21071160258680247,0.034726602944235394,0.11312044468565133,0.0016879682096191126,0.40020923666913055,0.16352951446593483,0.2980133217447224,0.28455086024195747
0.997325578605089,0.5064057031120208,0.032291127076788495,0.025945208740282628,0.0015939361777909348,0.06802821300221,0.0037651926045623404,0.43496163541315525,0.1609893869183913
0.5879227656979518,0.8734008265718527,0.033910283273228085,0.024971474269047153,0.003700916488708173,0.034690220447520535,0.10193556055903895,0.2274188558560951,0.08274473513274136
0.2471125690240462,0.6752705066276806,0.037342888830996,0.1599781703933016,0.02295578624222732,0.09877959077250194,0.9516622082518291,0.12130706337358042,0.030530381975080553
0.13706939251126177,0.7213927623728311,0.051175486568806945,0.7330330924154072,0.31410127071478683,0.3749542173424374,0.3397857631137944,0.055635170474704426,0.008590244146639043
0.09478272380842012,0.28423701408041396,0.14179843635814973,0.25920442280375106,0.7304568057891893,0.9973405898009158,0.15925190958279703,0.02174135668504414,0.005300566772240719
